RouteID,Station,Date,DepartureTime,Capacity,RouteScore,StopID,Latitude,Longitude,StopType,ZoneID,ActualSequence
RouteID_00143bdd-0a6b-49ec-bb35-36593d303e77,DLA3,2018-07-27,16:02:10,3313071.0,High,VE,34.007369,-118.143927,Station,,0
RouteID_00143bdd-0a6b-49ec-bb35-36593d303e77,DLA3,2018-07-27,16:02:10,3313071.0,High,TG,34.088467,-118.284521,Dropoff,A-2.2A,1
RouteID_00143bdd-0a6b-49ec-bb35-36593d303e77,DLA3,2018-07-27,16:02:10,3313071.0,High,GP,34.088709,-118.284839,Dropoff,A-2.2A,2
RouteID_00143bdd-0a6b-49ec-bb35-36593d303e77,DLA3,2018-07-27,16:02:10,3313071.0,High,HT,34.088717,-118.286484,Dropoff,A-2.2A,3
RouteID_00143bdd-0a6b-49ec-bb35-36593d303e77,DLA3,2018-07-27,16:02:10,3313071.0,High,AG,34.089727,-118.28553,Dropoff,A-2.1A,4
RouteID_00143bdd-0a6b-49ec-bb35-36593d303e77,DLA3,2018-07-27,16:02:10,3313071.0,High,QM,34.090901,-118.284257,Dropoff,A-2.1A,5
RouteID_00143bdd-0a6b-49ec-bb35-36593d303e77,DLA3,2018-07-27,16:02:10,3313071.0,High,SF,34.092285,-118.283236,Dropoff,A-1.1A,6
RouteID_00143bdd-0a6b-49ec-bb35-36593d303e77,DLA3,2018-07-27,16:02:10,3313071.0,High,BY,34.091721,-118.284539,Dropoff,A-1.1A,7
RouteID_00143bdd-0a6b-49ec-bb35-36593d303e77,DLA3,2018-07-27,16:02:10,3313071.0,High,CW,34.093458,-118.284798,Dropoff,A-1.2A,8
RouteID_00143bdd-0a6b-49ec-bb35-36593d303e77,DLA3,2018-07-27,16:02:10,3313071.0,High,VW,34.093177,-118.283405,Dropoff,A-1.2A,9
RouteID_00143bdd-0a6b-49ec-bb35-36593d303e77,DLA3,2018-07-27,16:02:10,3313071.0,High,JH,34.09289,-118.282396,Dropoff,A-1.2A,10
RouteID_00143bdd-0a6b-49ec-bb35-36593d303e77,DLA3,2018-07-27,16:02:10,3313071.0,High,LB,34.093152,-118.282542,Dropoff,A-1.2A,11
RouteID_00143bdd-0a6b-49ec-bb35-36593d303e77,DLA3,2018-07-27,16:02:10,3313071.0,High,FH,34.093868,-118.283305,Dropoff,A-1.2A,12
RouteID_00143bdd-0a6b-49ec-bb35-36593d303e77,DLA3,2018-07-27,16:02:10,3313071.0,High,TK,34.094506,-118.283993,Dropoff,A-1.2A,13
RouteID_00143bdd-0a6b-49ec-bb35-36593d303e77,DLA3,2018-07-27,16:02:10,3313071.0,High,PT,34.09581,-118.284534,Dropoff,A-1.3A,14
RouteID_00143bdd-0a6b-49ec-bb35-36593d303e77,DLA3,2018-07-27,16:02:10,3313071.0,High,DL,34.094262,-118.283726,Dropoff,A-1.2A,15
RouteID_00143bdd-0a6b-49ec-bb35-36593d303e77,DLA3,2018-07-27,16:02:10,3313071.0,High,GU,34.095431,-118.286601,Dropoff,A-1.3A,16
RouteID_00143bdd-0a6b-49ec-bb35-36593d303e77,DLA3,2018-07-27,16:02:10,3313071.0,High,KN,34.094347,-118.285564,Dropoff,A-1.3A,17
RouteID_00143bdd-0a6b-49ec-bb35-36593d303e77,DLA3,2018-07-27,16:02:10,3313071.0,High,NR,34.092186,-118.285547,Dropoff,A-1.3A,18
RouteID_00143bdd-0a6b-49ec-bb35-36593d303e77,DLA3,2018-07-27,16:02:10,3313071.0,High,SC,34.0915,-118.286608,Dropoff,A-1.3A,19
RouteID_00143bdd-0a6b-49ec-bb35-36593d303e77,DLA3,2018-07-27,16:02:10,3313071.0,High,IJ,34.093126,-118.286591,Dropoff,A-1.3A,20
RouteID_00143bdd-0a6b-49ec-bb35-36593d303e77,DLA3,2018-07-27,16:02:10,3313071.0,High,XB,34.09346,-118.286891,Dropoff,A-1.3A,21
RouteID_00143bdd-0a6b-49ec-bb35-36593d303e77,DLA3,2018-07-27,16:02:10,3313071.0,High,KP,34.092428,-118.2878,Dropoff,A-1.3B,22
RouteID_00143bdd-0a6b-49ec-bb35-36593d303e77,DLA3,2018-07-27,16:02:10,3313071.0,High,IW,34.095705,-118.287525,Dropoff,A-1.3B,23
RouteID_00143bdd-0a6b-49ec-bb35-36593d303e77,DLA3,2018-07-27,16:02:10,3313071.0,High,TH,34.095641,-118.289226,Dropoff,A-1.3B,24
RouteID_00143bdd-0a6b-49ec-bb35-36593d303e77,DLA3,2018-07-27,16:02:10,3313071.0,High,MR,34.09451,-118.28895,Dropoff,A-1.1B,25
RouteID_00143bdd-0a6b-49ec-bb35-36593d303e77,DLA3,2018-07-27,16:02:10,3313071.0,High,CG,34.093119,-118.291761,Dropoff,A-1.1B,26
RouteID_00143bdd-0a6b-49ec-bb35-36593d303e77,DLA3,2018-07-27,16:02:10,3313071.0,High,LG,34.091648,-118.29175,Dropoff,A-1.1B,27
RouteID_00143bdd-0a6b-49ec-bb35-36593d303e77,DLA3,2018-07-27,16:02:10,3313071.0,High,DJ,34.09039,-118.293879,Dropoff,A-1.1C,28
RouteID_00143bdd-0a6b-49ec-bb35-36593d303e77,DLA3,2018-07-27,16:02:10,3313071.0,High,NL,34.091351,-118.293884,Dropoff,A-1.1C,29
RouteID_00143bdd-0a6b-49ec-bb35-36593d303e77,DLA3,2018-07-27,16:02:10,3313071.0,High,UR,34.091408,-118.292792,Dropoff,A-1.1C,30
RouteID_00143bdd-0a6b-49ec-bb35-36593d303e77,DLA3,2018-07-27,16:02:10,3313071.0,High,ZE,34.093294,-118.292799,Dropoff,A-1.1C,31
RouteID_00143bdd-0a6b-49ec-bb35-36593d303e77,DLA3,2018-07-27,16:02:10,3313071.0,High,VA,34.094216,-118.293212,Dropoff,A-1.1C,32
RouteID_00143bdd-0a6b-49ec-bb35-36593d303e77,DLA3,2018-07-27,16:02:10,3313071.0,High,BA,34.096132,-118.292869,Dropoff,A-1.2C,33
RouteID_00143bdd-0a6b-49ec-bb35-36593d303e77,DLA3,2018-07-27,16:02:10,3313071.0,High,YH,34.097287,-118.292869,Dropoff,A-1.2C,34
RouteID_00143bdd-0a6b-49ec-bb35-36593d303e77,DLA3,2018-07-27,16:02:10,3313071.0,High,DQ,34.097468,-118.291886,Dropoff,A-1.2C,35
RouteID_00143bdd-0a6b-49ec-bb35-36593d303e77,DLA3,2018-07-27,16:02:10,3313071.0,High,CP,34.096991,-118.290254,Dropoff,A-1.2C,36
RouteID_00143bdd-0a6b-49ec-bb35-36593d303e77,DLA3,2018-07-27,16:02:10,3313071.0,High,DN,34.096991,-118.290254,Dropoff,A-1.2C,37
RouteID_00143bdd-0a6b-49ec-bb35-36593d303e77,DLA3,2018-07-27,16:02:10,3313071.0,High,UJ,34.098157,-118.289765,Dropoff,A-1.3D,38
RouteID_00143bdd-0a6b-49ec-bb35-36593d303e77,DLA3,2018-07-27,16:02:10,3313071.0,High,UW,34.0954,-118.29115,Dropoff,A-1.2C,39
RouteID_00143bdd-0a6b-49ec-bb35-36593d303e77,DLA3,2018-07-27,16:02:10,3313071.0,High,HN,34.096583,-118.294127,Dropoff,A-1.3C,40
RouteID_00143bdd-0a6b-49ec-bb35-36593d303e77,DLA3,2018-07-27,16:02:10,3313071.0,High,KJ,34.099091,-118.28993,Dropoff,A-1.2D,41
RouteID_00143bdd-0a6b-49ec-bb35-36593d303e77,DLA3,2018-07-27,16:02:10,3313071.0,High,GN,34.099634,-118.289397,Dropoff,A-1.2D,42
RouteID_00143bdd-0a6b-49ec-bb35-36593d303e77,DLA3,2018-07-27,16:02:10,3313071.0,High,CA,34.100562,-118.290796,Dropoff,A-1.2D,43
RouteID_00143bdd-0a6b-49ec-bb35-36593d303e77,DLA3,2018-07-27,16:02:10,3313071.0,High,TC,34.100716,-118.291027,Dropoff,A-1.2D,44
RouteID_00143bdd-0a6b-49ec-bb35-36593d303e77,DLA3,2018-07-27,16:02:10,3313071.0,High,NE,34.100619,-118.29239,Dropoff,A-1.2D,45
RouteID_00143bdd-0a6b-49ec-bb35-36593d303e77,DLA3,2018-07-27,16:02:10,3313071.0,High,LD,34.099557,-118.291764,Dropoff,A-1.2D,46
RouteID_00143bdd-0a6b-49ec-bb35-36593d303e77,DLA3,2018-07-27,16:02:10,3313071.0,High,AF,34.101587,-118.291125,Dropoff,A-1.2D,47
RouteID_00143bdd-0a6b-49ec-bb35-36593d303e77,DLA3,2018-07-27,16:02:10,3313071.0,High,KA,34.101797,-118.290697,Dropoff,A-1.1D,48
RouteID_00143bdd-0a6b-49ec-bb35-36593d303e77,DLA3,2018-07-27,16:02:10,3313071.0,High,BT,34.101474,-118.289609,Dropoff,A-1.1D,49
RouteID_00143bdd-0a6b-49ec-bb35-36593d303e77,DLA3,2018-07-27,16:02:10,3313071.0,High,MW,34.101063,-118.288518,Dropoff,A-1.1D,50
RouteID_00143bdd-0a6b-49ec-bb35-36593d303e77,DLA3,2018-07-27,16:02:10,3313071.0,High,KM,34.100535,-118.288505,Dropoff,P-13.2A,51
RouteID_00143bdd-0a6b-49ec-bb35-36593d303e77,DLA3,2018-07-27,16:02:10,3313071.0,High,UI,34.099902,-118.287399,Dropoff,P-13.2A,52
RouteID_00143bdd-0a6b-49ec-bb35-36593d303e77,DLA3,2018-07-27,16:02:10,3313071.0,High,BG,34.102251,-118.287403,Dropoff,P-13.2A,53
RouteID_00143bdd-0a6b-49ec-bb35-36593d303e77,DLA3,2018-07-27,16:02:10,3313071.0,High,CO,34.1018,-118.286716,Dropoff,P-13.2A,54
RouteID_00143bdd-0a6b-49ec-bb35-36593d303e77,DLA3,2018-07-27,16:02:10,3313071.0,High,KG,34.101133,-118.2874,Dropoff,P-13.2A,55
RouteID_00143bdd-0a6b-49ec-bb35-36593d303e77,DLA3,2018-07-27,16:02:10,3313071.0,High,EO,34.096917,-118.285385,Dropoff,P-13.2A,56
RouteID_00143bdd-0a6b-49ec-bb35-36593d303e77,DLA3,2018-07-27,16:02:10,3313071.0,High,IA,34.096205,-118.284572,Dropoff,P-13.2A,57
RouteID_00143bdd-0a6b-49ec-bb35-36593d303e77,DLA3,2018-07-27,16:02:10,3313071.0,High,YE,34.097061,-118.284074,Dropoff,P-13.1C,58
RouteID_00143bdd-0a6b-49ec-bb35-36593d303e77,DLA3,2018-07-27,16:02:10,3313071.0,High,RG,34.099046,-118.28306,Dropoff,P-13.1C,59
RouteID_00143bdd-0a6b-49ec-bb35-36593d303e77,DLA3,2018-07-27,16:02:10,3313071.0,High,VC,34.098179,-118.282761,Dropoff,P-13.1C,60
RouteID_00143bdd-0a6b-49ec-bb35-36593d303e77,DLA3,2018-07-27,16:02:10,3313071.0,High,BZ,34.098179,-118.281075,Dropoff,P-13.1C,61
RouteID_00143bdd-0a6b-49ec-bb35-36593d303e77,DLA3,2018-07-27,16:02:10,3313071.0,High,ZU,34.09701,-118.281945,Dropoff,P-13.1C,62
RouteID_00143bdd-0a6b-49ec-bb35-36593d303e77,DLA3,2018-07-27,16:02:10,3313071.0,High,KU,34.095811,-118.282443,Dropoff,P-13.1C,63
RouteID_00143bdd-0a6b-49ec-bb35-36593d303e77,DLA3,2018-07-27,16:02:10,3313071.0,High,GS,34.096958,-118.283054,Dropoff,P-13.1C,64
RouteID_00143bdd-0a6b-49ec-bb35-36593d303e77,DLA3,2018-07-27,16:02:10,3313071.0,High,NU,34.096542,-118.283056,Dropoff,P-13.1C,65
RouteID_00143bdd-0a6b-49ec-bb35-36593d303e77,DLA3,2018-07-27,16:02:10,3313071.0,High,MA,34.09491,-118.282442,Dropoff,P-13.2C,66
RouteID_00143bdd-0a6b-49ec-bb35-36593d303e77,DLA3,2018-07-27,16:02:10,3313071.0,High,BP,34.095585,-118.28179,Dropoff,P-13.2C,67
RouteID_00143bdd-0a6b-49ec-bb35-36593d303e77,DLA3,2018-07-27,16:02:10,3313071.0,High,IM,34.096024,-118.279795,Dropoff,P-13.2C,68
RouteID_00143bdd-0a6b-49ec-bb35-36593d303e77,DLA3,2018-07-27,16:02:10,3313071.0,High,EY,34.097596,-118.279776,Dropoff,P-13.2C,69
RouteID_00143bdd-0a6b-49ec-bb35-36593d303e77,DLA3,2018-07-27,16:02:10,3313071.0,High,MQ,34.095091,-118.281013,Dropoff,P-13.2C,70
RouteID_00143bdd-0a6b-49ec-bb35-36593d303e77,DLA3,2018-07-27,16:02:10,3313071.0,High,RA,34.094442,-118.281417,Dropoff,P-13.2C,71
RouteID_00143bdd-0a6b-49ec-bb35-36593d303e77,DLA3,2018-07-27,16:02:10,3313071.0,High,US,34.093403,-118.281442,Dropoff,P-13.3C,72
RouteID_00143bdd-0a6b-49ec-bb35-36593d303e77,DLA3,2018-07-27,16:02:10,3313071.0,High,PJ,34.091681,-118.280876,Dropoff,P-13.3D,73
RouteID_00143bdd-0a6b-49ec-bb35-36593d303e77,DLA3,2018-07-27,16:02:10,3313071.0,High,GW,34.091259,-118.281142,Dropoff,P-13.3D,74
RouteID_00143bdd-0a6b-49ec-bb35-36593d303e77,DLA3,2018-07-27,16:02:10,3313071.0,High,RY,34.090961,-118.281325,Dropoff,A-2.3B,75
RouteID_00143bdd-0a6b-49ec-bb35-36593d303e77,DLA3,2018-07-27,16:02:10,3313071.0,High,FY,34.088782,-118.282842,Dropoff,A-2.3B,76
RouteID_00143bdd-0a6b-49ec-bb35-36593d303e77,DLA3,2018-07-27,16:02:10,3313071.0,High,YR,34.090347,-118.282857,Dropoff,A-2.3A,77
RouteID_00143bdd-0a6b-49ec-bb35-36593d303e77,DLA3,2018-07-27,16:02:10,3313071.0,High,WS,34.089433,-118.283433,Dropoff,A-2.3A,78
RouteID_00143bdd-0a6b-49ec-bb35-36593d303e77,DLA3,2018-07-27,16:02:10,3313071.0,High,NM,34.089111,-118.283641,Dropoff,A-2.3A,79
RouteID_00143bdd-0a6b-49ec-bb35-36593d303e77,DLA3,2018-07-27,16:02:10,3313071.0,High,HO,34.090795,-118.28258,Dropoff,A-2.3A,80
RouteID_00143bdd-0a6b-49ec-bb35-36593d303e77,DLA3,2018-07-27,16:02:10,3313071.0,High,GB,34.091462,-118.282166,Dropoff,A-2.3A,81
RouteID_00143bdd-0a6b-49ec-bb35-36593d303e77,DLA3,2018-07-27,16:02:10,3313071.0,High,PS,34.093749,-118.27956,Dropoff,P-13.2D,82
RouteID_00143bdd-0a6b-49ec-bb35-36593d303e77,DLA3,2018-07-27,16:02:10,3313071.0,High,LY,34.094895,-118.278862,Dropoff,P-13.1D,83
RouteID_00143bdd-0a6b-49ec-bb35-36593d303e77,DLA3,2018-07-27,16:02:10,3313071.0,High,LK,34.09483,-118.280816,Dropoff,P-13.1D,84
RouteID_00143bdd-0a6b-49ec-bb35-36593d303e77,DLA3,2018-07-27,16:02:10,3313071.0,High,QE,34.095318,-118.279716,Dropoff,P-13.1D,85
RouteID_00143bdd-0a6b-49ec-bb35-36593d303e77,DLA3,2018-07-27,16:02:10,3313071.0,High,CK,34.095794,-118.279086,Dropoff,P-13.1D,86
RouteID_00143bdd-0a6b-49ec-bb35-36593d303e77,DLA3,2018-07-27,16:02:10,3313071.0,High,HG,34.096383,-118.278688,Dropoff,P-13.1D,87
RouteID_00143bdd-0a6b-49ec-bb35-36593d303e77,DLA3,2018-07-27,16:02:10,3313071.0,High,FF,34.096966,-118.278668,Dropoff,P-13.1D,88
RouteID_00143bdd-0a6b-49ec-bb35-36593d303e77,DLA3,2018-07-27,16:02:10,3313071.0,High,MO,34.09637,-118.277801,Dropoff,P-13.1D,89
RouteID_00143bdd-0a6b-49ec-bb35-36593d303e77,DLA3,2018-07-27,16:02:10,3313071.0,High,YN,34.096363,-118.277216,Dropoff,P-13.1D,90
RouteID_00143bdd-0a6b-49ec-bb35-36593d303e77,DLA3,2018-07-27,16:02:10,3313071.0,High,TQ,34.101021,-118.273982,Dropoff,P-12.1D,91
RouteID_00143bdd-0a6b-49ec-bb35-36593d303e77,DLA3,2018-07-27,16:02:10,3313071.0,High,JM,34.098539,-118.276077,Dropoff,P-12.1D,92
RouteID_00143bdd-0a6b-49ec-bb35-36593d303e77,DLA3,2018-07-27,16:02:10,3313071.0,High,HW,34.097272,-118.275631,Dropoff,P-12.1D,93
RouteID_00143bdd-0a6b-49ec-bb35-36593d303e77,DLA3,2018-07-27,16:02:10,3313071.0,High,IP,34.096993,-118.277969,Dropoff,P-12.2D,94
RouteID_00143bdd-0a6b-49ec-bb35-36593d303e77,DLA3,2018-07-27,16:02:10,3313071.0,High,SI,34.096955,-118.277191,Dropoff,P-12.2D,95
RouteID_00143bdd-0a6b-49ec-bb35-36593d303e77,DLA3,2018-07-27,16:02:10,3313071.0,High,CM,34.097235,-118.276636,Dropoff,P-12.2D,96
RouteID_00143bdd-0a6b-49ec-bb35-36593d303e77,DLA3,2018-07-27,16:02:10,3313071.0,High,HB,34.097631,-118.278111,Dropoff,P-12.2D,97
RouteID_00143bdd-0a6b-49ec-bb35-36593d303e77,DLA3,2018-07-27,16:02:10,3313071.0,High,XD,34.098095,-118.277802,Dropoff,P-12.3D,98
RouteID_00143bdd-0a6b-49ec-bb35-36593d303e77,DLA3,2018-07-27,16:02:10,3313071.0,High,SQ,34.099043,-118.278424,Dropoff,P-12.3D,99
RouteID_00143bdd-0a6b-49ec-bb35-36593d303e77,DLA3,2018-07-27,16:02:10,3313071.0,High,ZP,34.099485,-118.278658,Dropoff,P-12.3D,100
RouteID_00143bdd-0a6b-49ec-bb35-36593d303e77,DLA3,2018-07-27,16:02:10,3313071.0,High,EH,34.098182,-118.279915,Dropoff,P-12.3D,101
RouteID_00143bdd-0a6b-49ec-bb35-36593d303e77,DLA3,2018-07-27,16:02:10,3313071.0,High,YJ,34.098948,-118.280668,Dropoff,P-12.3C,102
RouteID_00143bdd-0a6b-49ec-bb35-36593d303e77,DLA3,2018-07-27,16:02:10,3313071.0,High,TY,34.099138,-118.28142,Dropoff,P-12.3C,103
RouteID_00143bdd-0a6b-49ec-bb35-36593d303e77,DLA3,2018-07-27,16:02:10,3313071.0,High,EX,34.09914,-118.282492,Dropoff,P-12.3C,104
RouteID_00143bdd-0a6b-49ec-bb35-36593d303e77,DLA3,2018-07-27,16:02:10,3313071.0,High,AD,34.099611,-118.283062,Dropoff,P-12.3C,105
RouteID_00143bdd-0a6b-49ec-bb35-36593d303e77,DLA3,2018-07-27,16:02:10,3313071.0,High,EC,34.100006,-118.282101,Dropoff,P-12.3C,106
RouteID_00143bdd-0a6b-49ec-bb35-36593d303e77,DLA3,2018-07-27,16:02:10,3313071.0,High,QO,34.100003,-118.281338,Dropoff,P-12.3C,107
RouteID_00143bdd-0a6b-49ec-bb35-36593d303e77,DLA3,2018-07-27,16:02:10,3313071.0,High,UN,34.099871,-118.280658,Dropoff,P-12.3C,108
RouteID_00143bdd-0a6b-49ec-bb35-36593d303e77,DLA3,2018-07-27,16:02:10,3313071.0,High,BE,34.098482,-118.286243,Dropoff,P-13.3B,109
RouteID_00143bdd-0a6b-49ec-bb35-36593d303e77,DLA3,2018-07-27,16:02:10,3313071.0,High,PB,34.099181,-118.28625,Dropoff,P-13.3B,110
RouteID_00143bdd-0a6b-49ec-bb35-36593d303e77,DLA3,2018-07-27,16:02:10,3313071.0,High,HR,34.09959,-118.286258,Dropoff,P-13.3B,111
RouteID_00143bdd-0a6b-49ec-bb35-36593d303e77,DLA3,2018-07-27,16:02:10,3313071.0,High,ZB,34.098661,-118.285183,Dropoff,P-13.2B,112
RouteID_00143bdd-0a6b-49ec-bb35-36593d303e77,DLA3,2018-07-27,16:02:10,3313071.0,High,WJ,34.099992,-118.284328,Dropoff,P-13.1B,113
RouteID_00143bdd-0a6b-49ec-bb35-36593d303e77,DLA3,2018-07-27,16:02:10,3313071.0,High,UU,34.101004,-118.283957,Dropoff,P-13.1B,114
RouteID_00143bdd-0a6b-49ec-bb35-36593d303e77,DLA3,2018-07-27,16:02:10,3313071.0,High,SD,34.10082,-118.283959,Dropoff,P-13.1B,115
RouteID_00143bdd-0a6b-49ec-bb35-36593d303e77,DLA3,2018-07-27,16:02:10,3313071.0,High,YY,34.100902,-118.285704,Dropoff,P-13.1B,116
RouteID_00143bdd-0a6b-49ec-bb35-36593d303e77,DLA3,2018-07-27,16:02:10,3313071.0,High,PX,34.100883,-118.28602,Dropoff,P-13.1B,117
RouteID_00143bdd-0a6b-49ec-bb35-36593d303e77,DLA3,2018-07-27,16:02:10,3313071.0,High,QX,34.097948,-118.286795,Dropoff,P-13.3A,118
RouteID_0016bc70-cb8d-48b0-aa55-8ee50bdcdb59,DSE4,2018-07-28,15:44:41,4247527.0,High,UX,47.937344,-122.244952,Station,,0
RouteID_0016bc70-cb8d-48b0-aa55-8ee50bdcdb59,DSE4,2018-07-28,15:44:41,4247527.0,High,BP,47.683784,-122.290503,Dropoff,D-3.2A,1
RouteID_0016bc70-cb8d-48b0-aa55-8ee50bdcdb59,DSE4,2018-07-28,15:44:41,4247527.0,High,FM,47.6858,-122.290577,Dropoff,D-3.2A,2
RouteID_0016bc70-cb8d-48b0-aa55-8ee50bdcdb59,DSE4,2018-07-28,15:44:41,4247527.0,High,WD,47.685103,-122.291602,Dropoff,D-3.2A,3
RouteID_0016bc70-cb8d-48b0-aa55-8ee50bdcdb59,DSE4,2018-07-28,15:44:41,4247527.0,High,YK,47.686274,-122.291638,Dropoff,D-3.2A,4
RouteID_0016bc70-cb8d-48b0-aa55-8ee50bdcdb59,DSE4,2018-07-28,15:44:41,4247527.0,High,HC,47.685918,-122.289525,Dropoff,D-3.2A,5
RouteID_0016bc70-cb8d-48b0-aa55-8ee50bdcdb59,DSE4,2018-07-28,15:44:41,4247527.0,High,DH,47.686855,-122.288498,Dropoff,D-3.2A,6
RouteID_0016bc70-cb8d-48b0-aa55-8ee50bdcdb59,DSE4,2018-07-28,15:44:41,4247527.0,High,DR,47.6877,-122.288526,Dropoff,D-3.2A,7
RouteID_0016bc70-cb8d-48b0-aa55-8ee50bdcdb59,DSE4,2018-07-28,15:44:41,4247527.0,High,PG,47.68725,-122.288511,Dropoff,D-3.2A,8
RouteID_0016bc70-cb8d-48b0-aa55-8ee50bdcdb59,DSE4,2018-07-28,15:44:41,4247527.0,High,MC,47.685242,-122.288443,Dropoff,D-3.2A,9
RouteID_0016bc70-cb8d-48b0-aa55-8ee50bdcdb59,DSE4,2018-07-28,15:44:41,4247527.0,High,LI,47.684856,-122.289226,Dropoff,D-3.2A,10
RouteID_0016bc70-cb8d-48b0-aa55-8ee50bdcdb59,DSE4,2018-07-28,15:44:41,4247527.0,High,UH,47.684431,-122.289474,Dropoff,D-3.2A,11
RouteID_0016bc70-cb8d-48b0-aa55-8ee50bdcdb59,DSE4,2018-07-28,15:44:41,4247527.0,High,DQ,47.683965,-122.289455,Dropoff,D-3.2A,12
RouteID_0016bc70-cb8d-48b0-aa55-8ee50bdcdb59,DSE4,2018-07-28,15:44:41,4247527.0,High,NW,47.682666,-122.290256,Dropoff,D-3.1A,13
RouteID_0016bc70-cb8d-48b0-aa55-8ee50bdcdb59,DSE4,2018-07-28,15:44:41,4247527.0,High,SK,47.681425,-122.290032,Dropoff,D-3.1A,14
RouteID_0016bc70-cb8d-48b0-aa55-8ee50bdcdb59,DSE4,2018-07-28,15:44:41,4247527.0,High,PQ,47.680969,-122.291484,Dropoff,D-2.1A,15
RouteID_0016bc70-cb8d-48b0-aa55-8ee50bdcdb59,DSE4,2018-07-28,15:44:41,4247527.0,High,UW,47.67959,-122.291452,Dropoff,D-2.1A,16
RouteID_0016bc70-cb8d-48b0-aa55-8ee50bdcdb59,DSE4,2018-07-28,15:44:41,4247527.0,High,GR,47.68047,-122.292568,Dropoff,D-2.1A,17
RouteID_0016bc70-cb8d-48b0-aa55-8ee50bdcdb59,DSE4,2018-07-28,15:44:41,4247527.0,High,HY,47.680962,-122.292577,Dropoff,D-2.1A,18
RouteID_0016bc70-cb8d-48b0-aa55-8ee50bdcdb59,DSE4,2018-07-28,15:44:41,4247527.0,High,NQ,47.68123,-122.292172,Dropoff,D-2.1A,19
RouteID_0016bc70-cb8d-48b0-aa55-8ee50bdcdb59,DSE4,2018-07-28,15:44:41,4247527.0,High,IB,47.681523,-122.291497,Dropoff,D-2.1A,20
RouteID_0016bc70-cb8d-48b0-aa55-8ee50bdcdb59,DSE4,2018-07-28,15:44:41,4247527.0,High,SA,47.682289,-122.291522,Dropoff,D-2.1A,21
RouteID_0016bc70-cb8d-48b0-aa55-8ee50bdcdb59,DSE4,2018-07-28,15:44:41,4247527.0,High,ON,47.683482,-122.291555,Dropoff,D-2.1A,22
RouteID_0016bc70-cb8d-48b0-aa55-8ee50bdcdb59,DSE4,2018-07-28,15:44:41,4247527.0,High,RC,47.684108,-122.29157,Dropoff,D-2.1A,23
RouteID_0016bc70-cb8d-48b0-aa55-8ee50bdcdb59,DSE4,2018-07-28,15:44:41,4247527.0,High,VJ,47.684064,-122.292662,Dropoff,D-2.1A,24
RouteID_0016bc70-cb8d-48b0-aa55-8ee50bdcdb59,DSE4,2018-07-28,15:44:41,4247527.0,High,UJ,47.683486,-122.292646,Dropoff,D-2.1A,25
RouteID_0016bc70-cb8d-48b0-aa55-8ee50bdcdb59,DSE4,2018-07-28,15:44:41,4247527.0,High,NO,47.682227,-122.292612,Dropoff,D-2.1A,26
RouteID_0016bc70-cb8d-48b0-aa55-8ee50bdcdb59,DSE4,2018-07-28,15:44:41,4247527.0,High,TX,47.682655,-122.292624,Dropoff,D-2.1A,27
RouteID_0016bc70-cb8d-48b0-aa55-8ee50bdcdb59,DSE4,2018-07-28,15:44:41,4247527.0,High,AE,47.683039,-122.292498,Dropoff,D-2.1A,28
RouteID_0016bc70-cb8d-48b0-aa55-8ee50bdcdb59,DSE4,2018-07-28,15:44:41,4247527.0,High,TN,47.68346,-122.294797,Dropoff,D-2.2A,29
RouteID_0016bc70-cb8d-48b0-aa55-8ee50bdcdb59,DSE4,2018-07-28,15:44:41,4247527.0,High,MV,47.684135,-122.294828,Dropoff,D-2.2A,30
RouteID_0016bc70-cb8d-48b0-aa55-8ee50bdcdb59,DSE4,2018-07-28,15:44:41,4247527.0,High,XX,47.684718,-122.293756,Dropoff,D-2.2A,31
RouteID_0016bc70-cb8d-48b0-aa55-8ee50bdcdb59,DSE4,2018-07-28,15:44:41,4247527.0,High,KI,47.685009,-122.292685,Dropoff,D-2.2A,32
RouteID_0016bc70-cb8d-48b0-aa55-8ee50bdcdb59,DSE4,2018-07-28,15:44:41,4247527.0,High,WX,47.686678,-122.293117,Dropoff,D-2.2A,33
RouteID_0016bc70-cb8d-48b0-aa55-8ee50bdcdb59,DSE4,2018-07-28,15:44:41,4247527.0,High,PV,47.686673,-122.293604,Dropoff,D-2.2A,34
RouteID_0016bc70-cb8d-48b0-aa55-8ee50bdcdb59,DSE4,2018-07-28,15:44:41,4247527.0,High,TM,47.686671,-122.295122,Dropoff,D-2.2A,35
RouteID_0016bc70-cb8d-48b0-aa55-8ee50bdcdb59,DSE4,2018-07-28,15:44:41,4247527.0,High,AC,47.689446,-122.296071,Dropoff,D-2.2A,36
RouteID_0016bc70-cb8d-48b0-aa55-8ee50bdcdb59,DSE4,2018-07-28,15:44:41,4247527.0,High,VX,47.687354,-122.295984,Dropoff,D-2.2A,37
RouteID_0016bc70-cb8d-48b0-aa55-8ee50bdcdb59,DSE4,2018-07-28,15:44:41,4247527.0,High,XT,47.686046,-122.295938,Dropoff,D-2.2A,38
RouteID_0016bc70-cb8d-48b0-aa55-8ee50bdcdb59,DSE4,2018-07-28,15:44:41,4247527.0,High,BY,47.685477,-122.295931,Dropoff,D-2.2A,39
RouteID_0016bc70-cb8d-48b0-aa55-8ee50bdcdb59,DSE4,2018-07-28,15:44:41,4247527.0,High,PC,47.684776,-122.295916,Dropoff,D-2.2A,40
RouteID_0016bc70-cb8d-48b0-aa55-8ee50bdcdb59,DSE4,2018-07-28,15:44:41,4247527.0,High,ER,47.684015,-122.295882,Dropoff,D-2.2A,41
RouteID_0016bc70-cb8d-48b0-aa55-8ee50bdcdb59,DSE4,2018-07-28,15:44:41,4247527.0,High,YJ,47.683041,-122.295542,Dropoff,D-2.2A,42
RouteID_0016bc70-cb8d-48b0-aa55-8ee50bdcdb59,DSE4,2018-07-28,15:44:41,4247527.0,High,HG,47.683039,-122.296685,Dropoff,D-2.3A,43
RouteID_0016bc70-cb8d-48b0-aa55-8ee50bdcdb59,DSE4,2018-07-28,15:44:41,4247527.0,High,BA,47.684871,-122.297748,Dropoff,D-2.3A,44
RouteID_0016bc70-cb8d-48b0-aa55-8ee50bdcdb59,DSE4,2018-07-28,15:44:41,4247527.0,High,EJ,47.683769,-122.29722,Dropoff,D-2.3A,45
RouteID_0016bc70-cb8d-48b0-aa55-8ee50bdcdb59,DSE4,2018-07-28,15:44:41,4247527.0,High,QA,47.683044,-122.297769,Dropoff,D-2.3A,46
RouteID_0016bc70-cb8d-48b0-aa55-8ee50bdcdb59,DSE4,2018-07-28,15:44:41,4247527.0,High,CG,47.682856,-122.297235,Dropoff,D-2.3A,47
RouteID_0016bc70-cb8d-48b0-aa55-8ee50bdcdb59,DSE4,2018-07-28,15:44:41,4247527.0,High,QU,47.682384,-122.297411,Dropoff,D-2.3A,48
RouteID_0016bc70-cb8d-48b0-aa55-8ee50bdcdb59,DSE4,2018-07-28,15:44:41,4247527.0,High,XV,47.680089,-122.296423,Dropoff,D-2.3A,49
RouteID_0016bc70-cb8d-48b0-aa55-8ee50bdcdb59,DSE4,2018-07-28,15:44:41,4247527.0,High,LD,47.679687,-122.297466,Dropoff,D-2.3A,50
RouteID_0016bc70-cb8d-48b0-aa55-8ee50bdcdb59,DSE4,2018-07-28,15:44:41,4247527.0,High,BF,47.677761,-122.297395,Dropoff,D-2.3A,51
RouteID_0016bc70-cb8d-48b0-aa55-8ee50bdcdb59,DSE4,2018-07-28,15:44:41,4247527.0,High,RZ,47.676916,-122.299551,Dropoff,D-2.3B,52
RouteID_0016bc70-cb8d-48b0-aa55-8ee50bdcdb59,DSE4,2018-07-28,15:44:41,4247527.0,High,NM,47.677672,-122.298454,Dropoff,D-2.3B,53
RouteID_0016bc70-cb8d-48b0-aa55-8ee50bdcdb59,DSE4,2018-07-28,15:44:41,4247527.0,High,ZV,47.678334,-122.298471,Dropoff,D-2.3B,54
RouteID_0016bc70-cb8d-48b0-aa55-8ee50bdcdb59,DSE4,2018-07-28,15:44:41,4247527.0,High,HZ,47.679248,-122.298494,Dropoff,D-2.3B,55
RouteID_0016bc70-cb8d-48b0-aa55-8ee50bdcdb59,DSE4,2018-07-28,15:44:41,4247527.0,High,VU,47.678994,-122.299593,Dropoff,D-2.3B,56
RouteID_0016bc70-cb8d-48b0-aa55-8ee50bdcdb59,DSE4,2018-07-28,15:44:41,4247527.0,High,EH,47.680331,-122.299617,Dropoff,D-2.3B,57
RouteID_0016bc70-cb8d-48b0-aa55-8ee50bdcdb59,DSE4,2018-07-28,15:44:41,4247527.0,High,NC,47.681546,-122.299651,Dropoff,D-2.3B,58
RouteID_0016bc70-cb8d-48b0-aa55-8ee50bdcdb59,DSE4,2018-07-28,15:44:41,4247527.0,High,WP,47.682575,-122.298597,Dropoff,D-2.3B,59
RouteID_0016bc70-cb8d-48b0-aa55-8ee50bdcdb59,DSE4,2018-07-28,15:44:41,4247527.0,High,DF,47.681544,-122.300695,Dropoff,D-2.2B,60
RouteID_0016bc70-cb8d-48b0-aa55-8ee50bdcdb59,DSE4,2018-07-28,15:44:41,4247527.0,High,QS,47.680963,-122.300691,Dropoff,D-2.2B,61
RouteID_0016bc70-cb8d-48b0-aa55-8ee50bdcdb59,DSE4,2018-07-28,15:44:41,4247527.0,High,XZ,47.680476,-122.300688,Dropoff,D-2.2B,62
RouteID_0016bc70-cb8d-48b0-aa55-8ee50bdcdb59,DSE4,2018-07-28,15:44:41,4247527.0,High,KK,47.679622,-122.300681,Dropoff,D-2.2B,63
RouteID_0016bc70-cb8d-48b0-aa55-8ee50bdcdb59,DSE4,2018-07-28,15:44:41,4247527.0,High,GN,47.678266,-122.300647,Dropoff,D-2.2B,64
RouteID_0016bc70-cb8d-48b0-aa55-8ee50bdcdb59,DSE4,2018-07-28,15:44:41,4247527.0,High,ZS,47.677589,-122.299856,Dropoff,D-2.2B,65
RouteID_0016bc70-cb8d-48b0-aa55-8ee50bdcdb59,DSE4,2018-07-28,15:44:41,4247527.0,High,DI,47.677098,-122.300642,Dropoff,D-2.2B,66
RouteID_0016bc70-cb8d-48b0-aa55-8ee50bdcdb59,DSE4,2018-07-28,15:44:41,4247527.0,High,QC,47.676024,-122.300659,Dropoff,D-2.2B,67
RouteID_0016bc70-cb8d-48b0-aa55-8ee50bdcdb59,DSE4,2018-07-28,15:44:41,4247527.0,High,ZF,47.67643,-122.300218,Dropoff,D-2.2B,68
RouteID_0016bc70-cb8d-48b0-aa55-8ee50bdcdb59,DSE4,2018-07-28,15:44:41,4247527.0,High,PF,47.678113,-122.301734,Dropoff,D-2.2B,69
RouteID_0016bc70-cb8d-48b0-aa55-8ee50bdcdb59,DSE4,2018-07-28,15:44:41,4247527.0,High,XM,47.679923,-122.301763,Dropoff,D-2.2B,70
RouteID_0016bc70-cb8d-48b0-aa55-8ee50bdcdb59,DSE4,2018-07-28,15:44:41,4247527.0,High,CO,47.680419,-122.301776,Dropoff,D-2.2B,71
RouteID_0016bc70-cb8d-48b0-aa55-8ee50bdcdb59,DSE4,2018-07-28,15:44:41,4247527.0,High,OB,47.681239,-122.302006,Dropoff,D-2.1B,72
RouteID_0016bc70-cb8d-48b0-aa55-8ee50bdcdb59,DSE4,2018-07-28,15:44:41,4247527.0,High,BJ,47.680784,-122.304998,Dropoff,D-2.1B,73
RouteID_0016bc70-cb8d-48b0-aa55-8ee50bdcdb59,DSE4,2018-07-28,15:44:41,4247527.0,High,BV,47.680504,-122.302865,Dropoff,D-2.1B,74
RouteID_0016bc70-cb8d-48b0-aa55-8ee50bdcdb59,DSE4,2018-07-28,15:44:41,4247527.0,High,YM,47.680176,-122.302857,Dropoff,D-2.1B,75
RouteID_0016bc70-cb8d-48b0-aa55-8ee50bdcdb59,DSE4,2018-07-28,15:44:41,4247527.0,High,ZL,47.678982,-122.302823,Dropoff,D-2.1B,76
RouteID_0016bc70-cb8d-48b0-aa55-8ee50bdcdb59,DSE4,2018-07-28,15:44:41,4247527.0,High,OZ,47.679809,-122.30393,Dropoff,D-2.1B,77
RouteID_0016bc70-cb8d-48b0-aa55-8ee50bdcdb59,DSE4,2018-07-28,15:44:41,4247527.0,High,RM,47.679051,-122.303908,Dropoff,D-2.1B,78
RouteID_0016bc70-cb8d-48b0-aa55-8ee50bdcdb59,DSE4,2018-07-28,15:44:41,4247527.0,High,AS,47.678486,-122.303892,Dropoff,D-2.1B,79
RouteID_0016bc70-cb8d-48b0-aa55-8ee50bdcdb59,DSE4,2018-07-28,15:44:41,4247527.0,High,CH,47.676004,-122.303817,Dropoff,D-2.1B,80
RouteID_0016bc70-cb8d-48b0-aa55-8ee50bdcdb59,DSE4,2018-07-28,15:44:41,4247527.0,High,YX,47.677638,-122.305322,Dropoff,D-2.1B,81
RouteID_0016bc70-cb8d-48b0-aa55-8ee50bdcdb59,DSE4,2018-07-28,15:44:41,4247527.0,High,WW,47.677237,-122.304596,Dropoff,D-2.1B,82
RouteID_0016bc70-cb8d-48b0-aa55-8ee50bdcdb59,DSE4,2018-07-28,15:44:41,4247527.0,High,NB,47.677645,-122.303249,Dropoff,D-2.1B,83
RouteID_0016bc70-cb8d-48b0-aa55-8ee50bdcdb59,DSE4,2018-07-28,15:44:41,4247527.0,High,GI,47.67794,-122.302798,Dropoff,D-2.1B,84
RouteID_0016bc70-cb8d-48b0-aa55-8ee50bdcdb59,DSE4,2018-07-28,15:44:41,4247527.0,High,SC,47.677451,-122.302786,Dropoff,D-2.1C,85
RouteID_0016bc70-cb8d-48b0-aa55-8ee50bdcdb59,DSE4,2018-07-28,15:44:41,4247527.0,High,XE,47.675589,-122.302758,Dropoff,D-2.1C,86
RouteID_0016bc70-cb8d-48b0-aa55-8ee50bdcdb59,DSE4,2018-07-28,15:44:41,4247527.0,High,KC,47.674134,-122.303805,Dropoff,D-2.2C,87
RouteID_0016bc70-cb8d-48b0-aa55-8ee50bdcdb59,DSE4,2018-07-28,15:44:41,4247527.0,High,CB,47.674315,-122.304401,Dropoff,D-2.2C,88
RouteID_0016bc70-cb8d-48b0-aa55-8ee50bdcdb59,DSE4,2018-07-28,15:44:41,4247527.0,High,OC,47.674417,-122.305478,Dropoff,D-2.2C,89
RouteID_0016bc70-cb8d-48b0-aa55-8ee50bdcdb59,DSE4,2018-07-28,15:44:41,4247527.0,High,NZ,47.675626,-122.304416,Dropoff,D-2.2C,90
RouteID_0016bc70-cb8d-48b0-aa55-8ee50bdcdb59,DSE4,2018-07-28,15:44:41,4247527.0,High,XD,47.675642,-122.305479,Dropoff,D-2.2C,91
RouteID_0016bc70-cb8d-48b0-aa55-8ee50bdcdb59,DSE4,2018-07-28,15:44:41,4247527.0,High,YB,47.675355,-122.306521,Dropoff,D-2.3C,92
RouteID_0016bc70-cb8d-48b0-aa55-8ee50bdcdb59,DSE4,2018-07-28,15:44:41,4247527.0,High,QQ,47.674416,-122.306507,Dropoff,D-2.3C,93
RouteID_0016bc70-cb8d-48b0-aa55-8ee50bdcdb59,DSE4,2018-07-28,15:44:41,4247527.0,High,AN,47.673579,-122.3065,Dropoff,D-2.3C,94
RouteID_0016bc70-cb8d-48b0-aa55-8ee50bdcdb59,DSE4,2018-07-28,15:44:41,4247527.0,High,RR,47.67303,-122.307607,Dropoff,D-2.3C,95
RouteID_0016bc70-cb8d-48b0-aa55-8ee50bdcdb59,DSE4,2018-07-28,15:44:41,4247527.0,High,UR,47.673767,-122.307295,Dropoff,D-2.3C,96
RouteID_0016bc70-cb8d-48b0-aa55-8ee50bdcdb59,DSE4,2018-07-28,15:44:41,4247527.0,High,TA,47.674019,-122.307978,Dropoff,D-2.3C,97
RouteID_0016bc70-cb8d-48b0-aa55-8ee50bdcdb59,DSE4,2018-07-28,15:44:41,4247527.0,High,FL,47.674529,-122.307651,Dropoff,D-2.3C,98
RouteID_0016bc70-cb8d-48b0-aa55-8ee50bdcdb59,DSE4,2018-07-28,15:44:41,4247527.0,High,DG,47.675131,-122.307654,Dropoff,D-2.3C,99
RouteID_0016bc70-cb8d-48b0-aa55-8ee50bdcdb59,DSE4,2018-07-28,15:44:41,4247527.0,High,HN,47.675488,-122.307656,Dropoff,D-2.3C,100
RouteID_0016bc70-cb8d-48b0-aa55-8ee50bdcdb59,DSE4,2018-07-28,15:44:41,4247527.0,High,HR,47.675831,-122.307065,Dropoff,D-2.3C,101
RouteID_0016bc70-cb8d-48b0-aa55-8ee50bdcdb59,DSE4,2018-07-28,15:44:41,4247527.0,High,OF,47.676803,-122.306605,Dropoff,D-2.3C,102
RouteID_0016bc70-cb8d-48b0-aa55-8ee50bdcdb59,DSE4,2018-07-28,15:44:41,4247527.0,High,WN,47.677291,-122.306613,Dropoff,D-2.3C,103
RouteID_0016bc70-cb8d-48b0-aa55-8ee50bdcdb59,DSE4,2018-07-28,15:44:41,4247527.0,High,AG,47.676683,-122.30768,Dropoff,D-2.3C,104
RouteID_0016bc70-cb8d-48b0-aa55-8ee50bdcdb59,DSE4,2018-07-28,15:44:41,4247527.0,High,GC,47.675824,-122.308083,Dropoff,D-2.3C,105
RouteID_001948e9-4675-486d-9ec5-912fd8e0770f,DSE5,2018-08-18,15:32:04,4247527.0,High,RD,47.464945,-122.231073,Station,,0
RouteID_001948e9-4675-486d-9ec5-912fd8e0770f,DSE5,2018-08-18,15:32:04,4247527.0,High,SB,47.267736,-122.525123,Dropoff,A-2.2E,1
RouteID_001948e9-4675-486d-9ec5-912fd8e0770f,DSE5,2018-08-18,15:32:04,4247527.0,High,KM,47.26975,-122.526871,Dropoff,A-2.2E,2
RouteID_001948e9-4675-486d-9ec5-912fd8e0770f,DSE5,2018-08-18,15:32:04,4247527.0,High,ID,47.269802,-122.527452,Dropoff,A-2.2E,3
RouteID_001948e9-4675-486d-9ec5-912fd8e0770f,DSE5,2018-08-18,15:32:04,4247527.0,High,QA,47.269735,-122.528132,Dropoff,A-2.2E,4
RouteID_001948e9-4675-486d-9ec5-912fd8e0770f,DSE5,2018-08-18,15:32:04,4247527.0,High,ZR,47.26879,-122.530306,Dropoff,A-2.2E,5
RouteID_001948e9-4675-486d-9ec5-912fd8e0770f,DSE5,2018-08-18,15:32:04,4247527.0,High,JM,47.268068,-122.530614,Dropoff,A-2.2E,6
RouteID_001948e9-4675-486d-9ec5-912fd8e0770f,DSE5,2018-08-18,15:32:04,4247527.0,High,ZC,47.267485,-122.530587,Dropoff,A-2.2E,7
RouteID_001948e9-4675-486d-9ec5-912fd8e0770f,DSE5,2018-08-18,15:32:04,4247527.0,High,SZ,47.266109,-122.529914,Dropoff,A-2.2E,8
RouteID_001948e9-4675-486d-9ec5-912fd8e0770f,DSE5,2018-08-18,15:32:04,4247527.0,High,DW,47.267318,-122.527879,Dropoff,A-2.2E,9
RouteID_001948e9-4675-486d-9ec5-912fd8e0770f,DSE5,2018-08-18,15:32:04,4247527.0,High,BO,47.268132,-122.527871,Dropoff,A-2.2E,10
RouteID_001948e9-4675-486d-9ec5-912fd8e0770f,DSE5,2018-08-18,15:32:04,4247527.0,High,NW,47.268079,-122.526576,Dropoff,A-2.2E,11
RouteID_001948e9-4675-486d-9ec5-912fd8e0770f,DSE5,2018-08-18,15:32:04,4247527.0,High,GD,47.266477,-122.526571,Dropoff,A-2.2E,12
RouteID_001948e9-4675-486d-9ec5-912fd8e0770f,DSE5,2018-08-18,15:32:04,4247527.0,High,XV,47.265398,-122.527225,Dropoff,A-2.2E,13
RouteID_001948e9-4675-486d-9ec5-912fd8e0770f,DSE5,2018-08-18,15:32:04,4247527.0,High,MM,47.266045,-122.520348,Dropoff,A-2.1E,14
RouteID_001948e9-4675-486d-9ec5-912fd8e0770f,DSE5,2018-08-18,15:32:04,4247527.0,High,WQ,47.267743,-122.518544,Dropoff,A-2.1E,15
RouteID_001948e9-4675-486d-9ec5-912fd8e0770f,DSE5,2018-08-18,15:32:04,4247527.0,High,IP,47.267902,-122.519868,Dropoff,A-2.1E,16
RouteID_001948e9-4675-486d-9ec5-912fd8e0770f,DSE5,2018-08-18,15:32:04,4247527.0,High,EF,47.26957,-122.519301,Dropoff,A-2.1E,17
RouteID_001948e9-4675-486d-9ec5-912fd8e0770f,DSE5,2018-08-18,15:32:04,4247527.0,High,XW,47.269532,-122.519837,Dropoff,A-2.1E,18
RouteID_001948e9-4675-486d-9ec5-912fd8e0770f,DSE5,2018-08-18,15:32:04,4247527.0,High,FQ,47.268894,-122.521631,Dropoff,A-2.1E,19
RouteID_001948e9-4675-486d-9ec5-912fd8e0770f,DSE5,2018-08-18,15:32:04,4247527.0,High,UO,47.267862,-122.522538,Dropoff,A-2.1E,20
RouteID_001948e9-4675-486d-9ec5-912fd8e0770f,DSE5,2018-08-18,15:32:04,4247527.0,High,GL,47.267833,-122.523857,Dropoff,A-2.1E,21
RouteID_001948e9-4675-486d-9ec5-912fd8e0770f,DSE5,2018-08-18,15:32:04,4247527.0,High,IM,47.266463,-122.523878,Dropoff,A-2.1E,22
RouteID_001948e9-4675-486d-9ec5-912fd8e0770f,DSE5,2018-08-18,15:32:04,4247527.0,High,OC,47.264644,-122.524875,Dropoff,A-2.1E,23
RouteID_001948e9-4675-486d-9ec5-912fd8e0770f,DSE5,2018-08-18,15:32:04,4247527.0,High,JV,47.262446,-122.525684,Dropoff,A-2.1E,24
RouteID_001948e9-4675-486d-9ec5-912fd8e0770f,DSE5,2018-08-18,15:32:04,4247527.0,High,ST,47.265001,-122.522611,Dropoff,A-2.1E,25
RouteID_001948e9-4675-486d-9ec5-912fd8e0770f,DSE5,2018-08-18,15:32:04,4247527.0,High,GX,47.263833,-122.522966,Dropoff,A-2.1E,26
RouteID_001948e9-4675-486d-9ec5-912fd8e0770f,DSE5,2018-08-18,15:32:04,4247527.0,High,UH,47.262894,-122.522418,Dropoff,A-2.1E,27
RouteID_001948e9-4675-486d-9ec5-912fd8e0770f,DSE5,2018-08-18,15:32:04,4247527.0,High,LI,47.261076,-122.523569,Dropoff,A-2.1E,28
RouteID_001948e9-4675-486d-9ec5-912fd8e0770f,DSE5,2018-08-18,15:32:04,4247527.0,High,RJ,47.259308,-122.523493,Dropoff,A-2.1E,29
RouteID_001948e9-4675-486d-9ec5-912fd8e0770f,DSE5,2018-08-18,15:32:04,4247527.0,High,PE,47.261012,-122.5239,Dropoff,A-2.1E,30
RouteID_001948e9-4675-486d-9ec5-912fd8e0770f,DSE5,2018-08-18,15:32:04,4247527.0,High,AR,47.260169,-122.521435,Dropoff,A-2.1E,31
RouteID_001948e9-4675-486d-9ec5-912fd8e0770f,DSE5,2018-08-18,15:32:04,4247527.0,High,KX,47.262001,-122.518625,Dropoff,A-2.1D,32
RouteID_001948e9-4675-486d-9ec5-912fd8e0770f,DSE5,2018-08-18,15:32:04,4247527.0,High,PY,47.262848,-122.516951,Dropoff,A-2.1D,33
RouteID_001948e9-4675-486d-9ec5-912fd8e0770f,DSE5,2018-08-18,15:32:04,4247527.0,High,ZI,47.264808,-122.518947,Dropoff,A-2.1D,34
RouteID_001948e9-4675-486d-9ec5-912fd8e0770f,DSE5,2018-08-18,15:32:04,4247527.0,High,RQ,47.264926,-122.516717,Dropoff,A-2.1D,35
RouteID_001948e9-4675-486d-9ec5-912fd8e0770f,DSE5,2018-08-18,15:32:04,4247527.0,High,AS,47.263979,-122.517577,Dropoff,A-2.1D,36
RouteID_001948e9-4675-486d-9ec5-912fd8e0770f,DSE5,2018-08-18,15:32:04,4247527.0,High,MC,47.263852,-122.518608,Dropoff,A-2.1D,37
RouteID_001948e9-4675-486d-9ec5-912fd8e0770f,DSE5,2018-08-18,15:32:04,4247527.0,High,MA,47.263801,-122.518555,Dropoff,A-2.1D,38
RouteID_001948e9-4675-486d-9ec5-912fd8e0770f,DSE5,2018-08-18,15:32:04,4247527.0,High,FY,47.260051,-122.520777,Dropoff,A-2.1D,39
RouteID_001948e9-4675-486d-9ec5-912fd8e0770f,DSE5,2018-08-18,15:32:04,4247527.0,High,XG,47.25919,-122.520489,Dropoff,A-2.1D,40
RouteID_001948e9-4675-486d-9ec5-912fd8e0770f,DSE5,2018-08-18,15:32:04,4247527.0,High,AJ,47.258982,-122.517038,Dropoff,A-2.1D,41
RouteID_001948e9-4675-486d-9ec5-912fd8e0770f,DSE5,2018-08-18,15:32:04,4247527.0,High,BI,47.25936,-122.517892,Dropoff,A-2.1D,42
RouteID_001948e9-4675-486d-9ec5-912fd8e0770f,DSE5,2018-08-18,15:32:04,4247527.0,High,QF,47.260936,-122.516288,Dropoff,A-2.1D,43
RouteID_001948e9-4675-486d-9ec5-912fd8e0770f,DSE5,2018-08-18,15:32:04,4247527.0,High,EI,47.259926,-122.51418,Dropoff,A-2.1D,44
RouteID_001948e9-4675-486d-9ec5-912fd8e0770f,DSE5,2018-08-18,15:32:04,4247527.0,High,TR,47.25885,-122.513251,Dropoff,A-2.1D,45
RouteID_001948e9-4675-486d-9ec5-912fd8e0770f,DSE5,2018-08-18,15:32:04,4247527.0,High,AZ,47.261337,-122.514171,Dropoff,A-2.1D,46
RouteID_001948e9-4675-486d-9ec5-912fd8e0770f,DSE5,2018-08-18,15:32:04,4247527.0,High,GF,47.262016,-122.513577,Dropoff,A-2.1D,47
RouteID_001948e9-4675-486d-9ec5-912fd8e0770f,DSE5,2018-08-18,15:32:04,4247527.0,High,TX,47.264502,-122.514547,Dropoff,A-2.1D,48
RouteID_001948e9-4675-486d-9ec5-912fd8e0770f,DSE5,2018-08-18,15:32:04,4247527.0,High,YX,47.264561,-122.51324,Dropoff,A-2.2D,49
RouteID_001948e9-4675-486d-9ec5-912fd8e0770f,DSE5,2018-08-18,15:32:04,4247527.0,High,MR,47.266618,-122.511888,Dropoff,A-2.2D,50
RouteID_001948e9-4675-486d-9ec5-912fd8e0770f,DSE5,2018-08-18,15:32:04,4247527.0,High,US,47.266482,-122.510575,Dropoff,A-2.2D,51
RouteID_001948e9-4675-486d-9ec5-912fd8e0770f,DSE5,2018-08-18,15:32:04,4247527.0,High,BU,47.264643,-122.510584,Dropoff,A-2.2D,52
RouteID_001948e9-4675-486d-9ec5-912fd8e0770f,DSE5,2018-08-18,15:32:04,4247527.0,High,LC,47.262966,-122.511928,Dropoff,A-2.2D,53
RouteID_001948e9-4675-486d-9ec5-912fd8e0770f,DSE5,2018-08-18,15:32:04,4247527.0,High,IR,47.263752,-122.50926,Dropoff,A-2.2D,54
RouteID_001948e9-4675-486d-9ec5-912fd8e0770f,DSE5,2018-08-18,15:32:04,4247527.0,High,PL,47.263535,-122.506599,Dropoff,A-2.2D,55
RouteID_001948e9-4675-486d-9ec5-912fd8e0770f,DSE5,2018-08-18,15:32:04,4247527.0,High,HS,47.263934,-122.507923,Dropoff,A-2.2D,56
RouteID_001948e9-4675-486d-9ec5-912fd8e0770f,DSE5,2018-08-18,15:32:04,4247527.0,High,NV,47.267006,-122.506572,Dropoff,A-2.2D,57
RouteID_001948e9-4675-486d-9ec5-912fd8e0770f,DSE5,2018-08-18,15:32:04,4247527.0,High,AA,47.268001,-122.5079,Dropoff,A-2.2D,58
RouteID_001948e9-4675-486d-9ec5-912fd8e0770f,DSE5,2018-08-18,15:32:04,4247527.0,High,GE,47.268257,-122.50923,Dropoff,A-2.2D,59
RouteID_001948e9-4675-486d-9ec5-912fd8e0770f,DSE5,2018-08-18,15:32:04,4247527.0,High,UR,47.26851,-122.509229,Dropoff,A-2.2D,60
RouteID_001948e9-4675-486d-9ec5-912fd8e0770f,DSE5,2018-08-18,15:32:04,4247527.0,High,PP,47.268894,-122.507345,Dropoff,A-2.2D,61
RouteID_001948e9-4675-486d-9ec5-912fd8e0770f,DSE5,2018-08-18,15:32:04,4247527.0,High,OV,47.268583,-122.510555,Dropoff,A-2.2D,62
RouteID_001948e9-4675-486d-9ec5-912fd8e0770f,DSE5,2018-08-18,15:32:04,4247527.0,High,GO,47.270199,-122.511792,Dropoff,A-2.2D,63
RouteID_001948e9-4675-486d-9ec5-912fd8e0770f,DSE5,2018-08-18,15:32:04,4247527.0,High,XY,47.272078,-122.515725,Dropoff,A-2.3D,64
RouteID_001948e9-4675-486d-9ec5-912fd8e0770f,DSE5,2018-08-18,15:32:04,4247527.0,High,EC,47.275716,-122.513771,Dropoff,A-2.3C,65
RouteID_001948e9-4675-486d-9ec5-912fd8e0770f,DSE5,2018-08-18,15:32:04,4247527.0,High,IX,47.272235,-122.513084,Dropoff,A-2.3C,66
RouteID_001948e9-4675-486d-9ec5-912fd8e0770f,DSE5,2018-08-18,15:32:04,4247527.0,High,YP,47.271293,-122.509224,Dropoff,A-2.3C,67
RouteID_001948e9-4675-486d-9ec5-912fd8e0770f,DSE5,2018-08-18,15:32:04,4247527.0,High,FT,47.271425,-122.510536,Dropoff,A-2.3C,68
RouteID_001948e9-4675-486d-9ec5-912fd8e0770f,DSE5,2018-08-18,15:32:04,4247527.0,High,HB,47.273775,-122.510527,Dropoff,A-2.3C,69
RouteID_001948e9-4675-486d-9ec5-912fd8e0770f,DSE5,2018-08-18,15:32:04,4247527.0,High,SR,47.275321,-122.510506,Dropoff,A-2.3C,70
RouteID_001948e9-4675-486d-9ec5-912fd8e0770f,DSE5,2018-08-18,15:32:04,4247527.0,High,FJ,47.276448,-122.5105,Dropoff,A-2.3C,71
RouteID_001948e9-4675-486d-9ec5-912fd8e0770f,DSE5,2018-08-18,15:32:04,4247527.0,High,LK,47.275567,-122.509259,Dropoff,A-2.3C,72
RouteID_001948e9-4675-486d-9ec5-912fd8e0770f,DSE5,2018-08-18,15:32:04,4247527.0,High,IK,47.27558,-122.507932,Dropoff,A-2.2C,73
RouteID_001948e9-4675-486d-9ec5-912fd8e0770f,DSE5,2018-08-18,15:32:04,4247527.0,High,PT,47.274586,-122.507501,Dropoff,A-2.2C,74
RouteID_001948e9-4675-486d-9ec5-912fd8e0770f,DSE5,2018-08-18,15:32:04,4247527.0,High,BF,47.272234,-122.507902,Dropoff,A-2.2C,75
RouteID_001948e9-4675-486d-9ec5-912fd8e0770f,DSE5,2018-08-18,15:32:04,4247527.0,High,IF,47.270109,-122.504556,Dropoff,A-2.2C,76
RouteID_001948e9-4675-486d-9ec5-912fd8e0770f,DSE5,2018-08-18,15:32:04,4247527.0,High,HP,47.271319,-122.503829,Dropoff,A-2.2C,77
RouteID_001948e9-4675-486d-9ec5-912fd8e0770f,DSE5,2018-08-18,15:32:04,4247527.0,High,DO,47.271751,-122.503829,Dropoff,A-2.2C,78
RouteID_001948e9-4675-486d-9ec5-912fd8e0770f,DSE5,2018-08-18,15:32:04,4247527.0,High,DF,47.271981,-122.504117,Dropoff,A-2.2C,79
RouteID_001948e9-4675-486d-9ec5-912fd8e0770f,DSE5,2018-08-18,15:32:04,4247527.0,High,CX,47.27198,-122.502819,Dropoff,A-2.2C,80
RouteID_001948e9-4675-486d-9ec5-912fd8e0770f,DSE5,2018-08-18,15:32:04,4247527.0,High,FP,47.271989,-122.501118,Dropoff,A-2.2C,81
RouteID_001948e9-4675-486d-9ec5-912fd8e0770f,DSE5,2018-08-18,15:32:04,4247527.0,High,NU,47.271983,-122.501861,Dropoff,A-2.2C,82
RouteID_001948e9-4675-486d-9ec5-912fd8e0770f,DSE5,2018-08-18,15:32:04,4247527.0,High,HZ,47.273062,-122.502821,Dropoff,A-2.2C,83
RouteID_001948e9-4675-486d-9ec5-912fd8e0770f,DSE5,2018-08-18,15:32:04,4247527.0,High,HK,47.273082,-122.504815,Dropoff,A-2.2C,84
RouteID_001948e9-4675-486d-9ec5-912fd8e0770f,DSE5,2018-08-18,15:32:04,4247527.0,High,NF,47.273974,-122.506233,Dropoff,A-2.2C,85
RouteID_001948e9-4675-486d-9ec5-912fd8e0770f,DSE5,2018-08-18,15:32:04,4247527.0,High,MU,47.275898,-122.503194,Dropoff,A-2.2C,86
RouteID_001948e9-4675-486d-9ec5-912fd8e0770f,DSE5,2018-08-18,15:32:04,4247527.0,High,VR,47.275156,-122.502285,Dropoff,A-2.2C,87
RouteID_001948e9-4675-486d-9ec5-912fd8e0770f,DSE5,2018-08-18,15:32:04,4247527.0,High,KT,47.273988,-122.501788,Dropoff,A-2.1C,88
RouteID_001948e9-4675-486d-9ec5-912fd8e0770f,DSE5,2018-08-18,15:32:04,4247527.0,High,UN,47.273764,-122.49925,Dropoff,A-2.1C,89
RouteID_001948e9-4675-486d-9ec5-912fd8e0770f,DSE5,2018-08-18,15:32:04,4247527.0,High,XS,47.273962,-122.498001,Dropoff,A-2.1C,90
RouteID_001948e9-4675-486d-9ec5-912fd8e0770f,DSE5,2018-08-18,15:32:04,4247527.0,High,CJ,47.273961,-122.497229,Dropoff,A-2.1C,91
RouteID_001948e9-4675-486d-9ec5-912fd8e0770f,DSE5,2018-08-18,15:32:04,4247527.0,High,XH,47.273021,-122.495364,Dropoff,A-2.1C,92
RouteID_001948e9-4675-486d-9ec5-912fd8e0770f,DSE5,2018-08-18,15:32:04,4247527.0,High,UT,47.273949,-122.493781,Dropoff,A-2.1C,93
RouteID_001948e9-4675-486d-9ec5-912fd8e0770f,DSE5,2018-08-18,15:32:04,4247527.0,High,AD,47.273955,-122.495363,Dropoff,A-2.1C,94
RouteID_001948e9-4675-486d-9ec5-912fd8e0770f,DSE5,2018-08-18,15:32:04,4247527.0,High,NZ,47.274899,-122.496696,Dropoff,A-2.1C,95
RouteID_001948e9-4675-486d-9ec5-912fd8e0770f,DSE5,2018-08-18,15:32:04,4247527.0,High,FW,47.274898,-122.497202,Dropoff,A-2.1C,96
RouteID_001948e9-4675-486d-9ec5-912fd8e0770f,DSE5,2018-08-18,15:32:04,4247527.0,High,KG,47.274899,-122.498488,Dropoff,A-2.1C,97
RouteID_001948e9-4675-486d-9ec5-912fd8e0770f,DSE5,2018-08-18,15:32:04,4247527.0,High,BR,47.274899,-122.499587,Dropoff,A-2.1C,98
RouteID_001948e9-4675-486d-9ec5-912fd8e0770f,DSE5,2018-08-18,15:32:04,4247527.0,High,LZ,47.276897,-122.4999,Dropoff,A-2.1C,99
RouteID_001948e9-4675-486d-9ec5-912fd8e0770f,DSE5,2018-08-18,15:32:04,4247527.0,High,HN,47.276343,-122.498612,Dropoff,A-2.1B,100
RouteID_001948e9-4675-486d-9ec5-912fd8e0770f,DSE5,2018-08-18,15:32:04,4247527.0,High,QH,47.277831,-122.497998,Dropoff,A-2.1B,101
RouteID_001948e9-4675-486d-9ec5-912fd8e0770f,DSE5,2018-08-18,15:32:04,4247527.0,High,QG,47.278763,-122.497371,Dropoff,A-2.1B,102
RouteID_001948e9-4675-486d-9ec5-912fd8e0770f,DSE5,2018-08-18,15:32:04,4247527.0,High,LN,47.277738,-122.495875,Dropoff,A-2.1B,103
RouteID_001948e9-4675-486d-9ec5-912fd8e0770f,DSE5,2018-08-18,15:32:04,4247527.0,High,CF,47.277746,-122.496754,Dropoff,A-2.1B,104
RouteID_001948e9-4675-486d-9ec5-912fd8e0770f,DSE5,2018-08-18,15:32:04,4247527.0,High,DC,47.276903,-122.497389,Dropoff,A-2.1B,105
RouteID_001948e9-4675-486d-9ec5-912fd8e0770f,DSE5,2018-08-18,15:32:04,4247527.0,High,FX,47.276794,-122.495305,Dropoff,A-2.1B,106
RouteID_001948e9-4675-486d-9ec5-912fd8e0770f,DSE5,2018-08-18,15:32:04,4247527.0,High,CO,47.275818,-122.490659,Dropoff,A-2.1B,107
RouteID_001948e9-4675-486d-9ec5-912fd8e0770f,DSE5,2018-08-18,15:32:04,4247527.0,High,WL,47.275811,-122.489614,Dropoff,A-2.1B,108
RouteID_001948e9-4675-486d-9ec5-912fd8e0770f,DSE5,2018-08-18,15:32:04,4247527.0,High,KL,47.275824,-122.492997,Dropoff,A-2.1B,109
RouteID_001948e9-4675-486d-9ec5-912fd8e0770f,DSE5,2018-08-18,15:32:04,4247527.0,High,RR,47.276958,-122.493661,Dropoff,A-2.1B,110
RouteID_001948e9-4675-486d-9ec5-912fd8e0770f,DSE5,2018-08-18,15:32:04,4247527.0,High,LF,47.278403,-122.493645,Dropoff,A-2.1B,111
RouteID_001948e9-4675-486d-9ec5-912fd8e0770f,DSE5,2018-08-18,15:32:04,4247527.0,High,BW,47.279257,-122.493624,Dropoff,A-2.2B,112
RouteID_001948e9-4675-486d-9ec5-912fd8e0770f,DSE5,2018-08-18,15:32:04,4247527.0,High,RG,47.279588,-122.493895,Dropoff,A-2.2B,113
RouteID_001948e9-4675-486d-9ec5-912fd8e0770f,DSE5,2018-08-18,15:32:04,4247527.0,High,YQ,47.278661,-122.494879,Dropoff,A-2.2B,114
RouteID_001948e9-4675-486d-9ec5-912fd8e0770f,DSE5,2018-08-18,15:32:04,4247527.0,High,VE,47.279932,-122.496104,Dropoff,A-2.2B,115
RouteID_001948e9-4675-486d-9ec5-912fd8e0770f,DSE5,2018-08-18,15:32:04,4247527.0,High,EV,47.280912,-122.496104,Dropoff,A-2.2B,116
RouteID_001948e9-4675-486d-9ec5-912fd8e0770f,DSE5,2018-08-18,15:32:04,4247527.0,High,IZ,47.280527,-122.494279,Dropoff,A-2.2B,117
RouteID_001948e9-4675-486d-9ec5-912fd8e0770f,DSE5,2018-08-18,15:32:04,4247527.0,High,XN,47.280515,-122.493274,Dropoff,A-2.2B,118
RouteID_001948e9-4675-486d-9ec5-912fd8e0770f,DSE5,2018-08-18,15:32:04,4247527.0,High,RW,47.280508,-122.492511,Dropoff,A-2.2B,119
RouteID_001948e9-4675-486d-9ec5-912fd8e0770f,DSE5,2018-08-18,15:32:04,4247527.0,High,DH,47.280726,-122.491985,Dropoff,A-2.2B,120
RouteID_001948e9-4675-486d-9ec5-912fd8e0770f,DSE5,2018-08-18,15:32:04,4247527.0,High,LR,47.283061,-122.492151,Dropoff,A-2.2B,121
RouteID_001948e9-4675-486d-9ec5-912fd8e0770f,DSE5,2018-08-18,15:32:04,4247527.0,High,TG,47.281131,-122.490371,Dropoff,A-2.2B,122
RouteID_001948e9-4675-486d-9ec5-912fd8e0770f,DSE5,2018-08-18,15:32:04,4247527.0,High,ML,47.279575,-122.491055,Dropoff,A-2.2B,123
RouteID_001948e9-4675-486d-9ec5-912fd8e0770f,DSE5,2018-08-18,15:32:04,4247527.0,High,AP,47.279204,-122.490402,Dropoff,A-2.2B,124
RouteID_001948e9-4675-486d-9ec5-912fd8e0770f,DSE5,2018-08-18,15:32:04,4247527.0,High,DJ,47.278633,-122.490907,Dropoff,A-2.2B,125
RouteID_001948e9-4675-486d-9ec5-912fd8e0770f,DSE5,2018-08-18,15:32:04,4247527.0,High,DV,47.278627,-122.490181,Dropoff,A-2.2B,126
RouteID_001948e9-4675-486d-9ec5-912fd8e0770f,DSE5,2018-08-18,15:32:04,4247527.0,High,OT,47.278627,-122.489675,Dropoff,A-2.2B,127
RouteID_001b4ee3-c4f2-467f-932b-c85524d1021f,DLA9,2018-08-15,15:09:38,3313071.0,High,LR,33.688122,-117.847178,Station,,0
RouteID_001b4ee3-c4f2-467f-932b-c85524d1021f,DLA9,2018-08-15,15:09:38,3313071.0,High,IF,33.817119,-118.066725,Dropoff,B-11.1G,1
RouteID_001b4ee3-c4f2-467f-932b-c85524d1021f,DLA9,2018-08-15,15:09:38,3313071.0,High,DA,33.816883,-118.067948,Dropoff,B-11.1G,2
RouteID_001b4ee3-c4f2-467f-932b-c85524d1021f,DLA9,2018-08-15,15:09:38,3313071.0,High,YR,33.8156,-118.06955,Dropoff,B-11.1G,3
RouteID_001b4ee3-c4f2-467f-932b-c85524d1021f,DLA9,2018-08-15,15:09:38,3313071.0,High,LZ,33.815743,-118.068233,Dropoff,B-11.1G,4
RouteID_001b4ee3-c4f2-467f-932b-c85524d1021f,DLA9,2018-08-15,15:09:38,3313071.0,High,BB,33.815589,-118.067461,Dropoff,B-11.1G,5
RouteID_001b4ee3-c4f2-467f-932b-c85524d1021f,DLA9,2018-08-15,15:09:38,3313071.0,High,PT,33.815582,-118.066611,Dropoff,B-11.1G,6
RouteID_001b4ee3-c4f2-467f-932b-c85524d1021f,DLA9,2018-08-15,15:09:38,3313071.0,High,CR,33.815933,-118.066085,Dropoff,B-11.1G,7
RouteID_001b4ee3-c4f2-467f-932b-c85524d1021f,DLA9,2018-08-15,15:09:38,3313071.0,High,AU,33.817052,-118.065211,Dropoff,B-11.1G,8
RouteID_001b4ee3-c4f2-467f-932b-c85524d1021f,DLA9,2018-08-15,15:09:38,3313071.0,High,VJ,33.818611,-118.064607,Dropoff,B-11.1H,9
RouteID_001b4ee3-c4f2-467f-932b-c85524d1021f,DLA9,2018-08-15,15:09:38,3313071.0,High,BY,33.817589,-118.063814,Dropoff,B-11.1H,10
RouteID_001b4ee3-c4f2-467f-932b-c85524d1021f,DLA9,2018-08-15,15:09:38,3313071.0,High,PS,33.817867,-118.060948,Dropoff,B-11.1H,11
RouteID_001b4ee3-c4f2-467f-932b-c85524d1021f,DLA9,2018-08-15,15:09:38,3313071.0,High,VL,33.818821,-118.062352,Dropoff,B-11.1H,12
RouteID_001b4ee3-c4f2-467f-932b-c85524d1021f,DLA9,2018-08-15,15:09:38,3313071.0,High,FF,33.82321,-118.063281,Dropoff,B-11.1H,13
RouteID_001b4ee3-c4f2-467f-932b-c85524d1021f,DLA9,2018-08-15,15:09:38,3313071.0,High,KT,33.826123,-118.063288,Dropoff,B-11.1H,14
RouteID_001b4ee3-c4f2-467f-932b-c85524d1021f,DLA9,2018-08-15,15:09:38,3313071.0,High,DG,33.828267,-118.062716,Dropoff,B-11.1H,15
RouteID_001b4ee3-c4f2-467f-932b-c85524d1021f,DLA9,2018-08-15,15:09:38,3313071.0,High,AI,33.828838,-118.062261,Dropoff,B-11.1H,16
RouteID_001b4ee3-c4f2-467f-932b-c85524d1021f,DLA9,2018-08-15,15:09:38,3313071.0,High,QL,33.829162,-118.061998,Dropoff,B-11.1H,17
RouteID_001b4ee3-c4f2-467f-932b-c85524d1021f,DLA9,2018-08-15,15:09:38,3313071.0,High,ID,33.830204,-118.060309,Dropoff,B-11.2H,18
RouteID_001b4ee3-c4f2-467f-932b-c85524d1021f,DLA9,2018-08-15,15:09:38,3313071.0,High,VN,33.828775,-118.060844,Dropoff,B-11.2H,19
RouteID_001b4ee3-c4f2-467f-932b-c85524d1021f,DLA9,2018-08-15,15:09:38,3313071.0,High,OT,33.830263,-118.059235,Dropoff,B-11.2H,20
RouteID_001b4ee3-c4f2-467f-932b-c85524d1021f,DLA9,2018-08-15,15:09:38,3313071.0,High,EP,33.828981,-118.059223,Dropoff,B-11.2H,21
RouteID_001b4ee3-c4f2-467f-932b-c85524d1021f,DLA9,2018-08-15,15:09:38,3313071.0,High,MK,33.828351,-118.059221,Dropoff,B-11.2H,22
RouteID_001b4ee3-c4f2-467f-932b-c85524d1021f,DLA9,2018-08-15,15:09:38,3313071.0,High,HH,33.828055,-118.058674,Dropoff,B-11.2H,23
RouteID_001b4ee3-c4f2-467f-932b-c85524d1021f,DLA9,2018-08-15,15:09:38,3313071.0,High,IJ,33.828775,-118.060844,Dropoff,B-11.2H,24
RouteID_001b4ee3-c4f2-467f-932b-c85524d1021f,DLA9,2018-08-15,15:09:38,3313071.0,High,HL,33.830234,-118.058165,Dropoff,B-11.2H,25
RouteID_001b4ee3-c4f2-467f-932b-c85524d1021f,DLA9,2018-08-15,15:09:38,3313071.0,High,XC,33.828143,-118.057729,Dropoff,B-11.2H,26
RouteID_001b4ee3-c4f2-467f-932b-c85524d1021f,DLA9,2018-08-15,15:09:38,3313071.0,High,AG,33.829855,-118.046581,Dropoff,B-12.1G,27
RouteID_001b4ee3-c4f2-467f-932b-c85524d1021f,DLA9,2018-08-15,15:09:38,3313071.0,High,GK,33.829852,-118.046966,Dropoff,B-12.1G,28
RouteID_001b4ee3-c4f2-467f-932b-c85524d1021f,DLA9,2018-08-15,15:09:38,3313071.0,High,BL,33.829847,-118.047513,Dropoff,B-12.1G,29
RouteID_001b4ee3-c4f2-467f-932b-c85524d1021f,DLA9,2018-08-15,15:09:38,3313071.0,High,TL,33.828799,-118.046348,Dropoff,B-12.1G,30
RouteID_001b4ee3-c4f2-467f-932b-c85524d1021f,DLA9,2018-08-15,15:09:38,3313071.0,High,VA,33.829239,-118.046355,Dropoff,B-12.1G,31
RouteID_001b4ee3-c4f2-467f-932b-c85524d1021f,DLA9,2018-08-15,15:09:38,3313071.0,High,BM,33.828472,-118.046342,Dropoff,B-12.1G,32
RouteID_001b4ee3-c4f2-467f-932b-c85524d1021f,DLA9,2018-08-15,15:09:38,3313071.0,High,FZ,33.828958,-118.049786,Dropoff,B-12.1G,33
RouteID_001b4ee3-c4f2-467f-932b-c85524d1021f,DLA9,2018-08-15,15:09:38,3313071.0,High,UU,33.829116,-118.048927,Dropoff,B-12.1G,34
RouteID_001b4ee3-c4f2-467f-932b-c85524d1021f,DLA9,2018-08-15,15:09:38,3313071.0,High,NQ,33.829649,-118.048936,Dropoff,B-12.1G,35
RouteID_001b4ee3-c4f2-467f-932b-c85524d1021f,DLA9,2018-08-15,15:09:38,3313071.0,High,WR,33.829314,-118.04893,Dropoff,B-12.1G,36
RouteID_001b4ee3-c4f2-467f-932b-c85524d1021f,DLA9,2018-08-15,15:09:38,3313071.0,High,PO,33.828877,-118.048922,Dropoff,B-12.1G,37
RouteID_001b4ee3-c4f2-467f-932b-c85524d1021f,DLA9,2018-08-15,15:09:38,3313071.0,High,JE,33.829431,-118.0451,Dropoff,B-12.3G,38
RouteID_001b4ee3-c4f2-467f-932b-c85524d1021f,DLA9,2018-08-15,15:09:38,3313071.0,High,AC,33.829298,-118.044311,Dropoff,B-12.3G,39
RouteID_001b4ee3-c4f2-467f-932b-c85524d1021f,DLA9,2018-08-15,15:09:38,3313071.0,High,TJ,33.828432,-118.044308,Dropoff,B-12.3G,40
RouteID_001b4ee3-c4f2-467f-932b-c85524d1021f,DLA9,2018-08-15,15:09:38,3313071.0,High,KD,33.828347,-118.043515,Dropoff,B-12.3G,41
RouteID_001b4ee3-c4f2-467f-932b-c85524d1021f,DLA9,2018-08-15,15:09:38,3313071.0,High,OP,33.828241,-118.040552,Dropoff,B-12.3G,42
RouteID_001b4ee3-c4f2-467f-932b-c85524d1021f,DLA9,2018-08-15,15:09:38,3313071.0,High,NJ,33.82888,-118.039926,Dropoff,B-12.3G,43
RouteID_001b4ee3-c4f2-467f-932b-c85524d1021f,DLA9,2018-08-15,15:09:38,3313071.0,High,XZ,33.828875,-118.040575,Dropoff,B-12.3G,44
RouteID_001b4ee3-c4f2-467f-932b-c85524d1021f,DLA9,2018-08-15,15:09:38,3313071.0,High,VE,33.828873,-118.041142,Dropoff,B-12.3G,45
RouteID_001b4ee3-c4f2-467f-932b-c85524d1021f,DLA9,2018-08-15,15:09:38,3313071.0,High,MO,33.829513,-118.040995,Dropoff,B-12.3G,46
RouteID_001b4ee3-c4f2-467f-932b-c85524d1021f,DLA9,2018-08-15,15:09:38,3313071.0,High,LQ,33.830096,-118.041146,Dropoff,B-12.3G,47
RouteID_001b4ee3-c4f2-467f-932b-c85524d1021f,DLA9,2018-08-15,15:09:38,3313071.0,High,GQ,33.830826,-118.042149,Dropoff,B-12.3G,48
RouteID_001b4ee3-c4f2-467f-932b-c85524d1021f,DLA9,2018-08-15,15:09:38,3313071.0,High,FH,33.831656,-118.040095,Dropoff,B-12.3G,49
RouteID_001b4ee3-c4f2-467f-932b-c85524d1021f,DLA9,2018-08-15,15:09:38,3313071.0,High,FY,33.832311,-118.041508,Dropoff,B-12.2G,50
RouteID_001b4ee3-c4f2-467f-932b-c85524d1021f,DLA9,2018-08-15,15:09:38,3313071.0,High,BF,33.831781,-118.043308,Dropoff,B-12.2G,51
RouteID_001b4ee3-c4f2-467f-932b-c85524d1021f,DLA9,2018-08-15,15:09:38,3313071.0,High,EW,33.831656,-118.044146,Dropoff,B-12.3G,52
RouteID_001b4ee3-c4f2-467f-932b-c85524d1021f,DLA9,2018-08-15,15:09:38,3313071.0,High,IQ,33.827575,-118.04231,Dropoff,B-12.1H,53
RouteID_001b4ee3-c4f2-467f-932b-c85524d1021f,DLA9,2018-08-15,15:09:38,3313071.0,High,KU,33.825961,-118.043691,Dropoff,B-12.1H,54
RouteID_001b4ee3-c4f2-467f-932b-c85524d1021f,DLA9,2018-08-15,15:09:38,3313071.0,High,SN,33.825953,-118.044713,Dropoff,B-12.1H,55
RouteID_001b4ee3-c4f2-467f-932b-c85524d1021f,DLA9,2018-08-15,15:09:38,3313071.0,High,CY,33.826546,-118.046321,Dropoff,B-12.1H,56
RouteID_001b4ee3-c4f2-467f-932b-c85524d1021f,DLA9,2018-08-15,15:09:38,3313071.0,High,SC,33.82567,-118.047143,Dropoff,B-12.1H,57
RouteID_001b4ee3-c4f2-467f-932b-c85524d1021f,DLA9,2018-08-15,15:09:38,3313071.0,High,TF,33.827355,-118.047642,Dropoff,B-12.1H,58
RouteID_001b4ee3-c4f2-467f-932b-c85524d1021f,DLA9,2018-08-15,15:09:38,3313071.0,High,KB,33.827334,-118.048622,Dropoff,B-12.2H,59
RouteID_001b4ee3-c4f2-467f-932b-c85524d1021f,DLA9,2018-08-15,15:09:38,3313071.0,High,WS,33.826803,-118.049685,Dropoff,B-12.2H,60
RouteID_001b4ee3-c4f2-467f-932b-c85524d1021f,DLA9,2018-08-15,15:09:38,3313071.0,High,HZ,33.82468,-118.049302,Dropoff,B-12.2H,61
RouteID_001b4ee3-c4f2-467f-932b-c85524d1021f,DLA9,2018-08-15,15:09:38,3313071.0,High,AY,33.824897,-118.047311,Dropoff,B-12.2H,62
RouteID_001b4ee3-c4f2-467f-932b-c85524d1021f,DLA9,2018-08-15,15:09:38,3313071.0,High,NF,33.820902,-118.045301,Dropoff,B-12.2H,63
RouteID_001b4ee3-c4f2-467f-932b-c85524d1021f,DLA9,2018-08-15,15:09:38,3313071.0,High,JS,33.820904,-118.044998,Dropoff,B-12.2H,64
RouteID_001b4ee3-c4f2-467f-932b-c85524d1021f,DLA9,2018-08-15,15:09:38,3313071.0,High,BO,33.821148,-118.044232,Dropoff,B-12.2H,65
RouteID_001b4ee3-c4f2-467f-932b-c85524d1021f,DLA9,2018-08-15,15:09:38,3313071.0,High,KV,33.8216,-118.045228,Dropoff,B-12.2H,66
RouteID_001b4ee3-c4f2-467f-932b-c85524d1021f,DLA9,2018-08-15,15:09:38,3313071.0,High,PI,33.82301,-118.044616,Dropoff,B-12.2H,67
RouteID_001b4ee3-c4f2-467f-932b-c85524d1021f,DLA9,2018-08-15,15:09:38,3313071.0,High,RN,33.823697,-118.04565,Dropoff,B-12.2H,68
RouteID_001b4ee3-c4f2-467f-932b-c85524d1021f,DLA9,2018-08-15,15:09:38,3313071.0,High,WD,33.822951,-118.053809,Dropoff,B-12.3H,69
RouteID_001b4ee3-c4f2-467f-932b-c85524d1021f,DLA9,2018-08-15,15:09:38,3313071.0,High,OQ,33.822968,-118.052795,Dropoff,B-12.3H,70
RouteID_001b4ee3-c4f2-467f-932b-c85524d1021f,DLA9,2018-08-15,15:09:38,3313071.0,High,HC,33.823688,-118.05296,Dropoff,B-12.3H,71
RouteID_001b4ee3-c4f2-467f-932b-c85524d1021f,DLA9,2018-08-15,15:09:38,3313071.0,High,AW,33.823688,-118.05296,Dropoff,B-12.3H,72
RouteID_001b4ee3-c4f2-467f-932b-c85524d1021f,DLA9,2018-08-15,15:09:38,3313071.0,High,NA,33.822585,-118.053955,Dropoff,B-12.3H,73
RouteID_001b4ee3-c4f2-467f-932b-c85524d1021f,DLA9,2018-08-15,15:09:38,3313071.0,High,WW,33.822233,-118.053777,Dropoff,B-12.3H,74
RouteID_001b4ee3-c4f2-467f-932b-c85524d1021f,DLA9,2018-08-15,15:09:38,3313071.0,High,NO,33.822244,-118.053184,Dropoff,B-12.3H,75
RouteID_001b4ee3-c4f2-467f-932b-c85524d1021f,DLA9,2018-08-15,15:09:38,3313071.0,High,QY,33.821528,-118.05292,Dropoff,B-12.3H,76
RouteID_001b4ee3-c4f2-467f-932b-c85524d1021f,DLA9,2018-08-15,15:09:38,3313071.0,High,VR,33.821181,-118.053935,Dropoff,B-12.3H,77
RouteID_001b4ee3-c4f2-467f-932b-c85524d1021f,DLA9,2018-08-15,15:09:38,3313071.0,High,GB,33.820844,-118.053569,Dropoff,B-12.3H,78
RouteID_001b4ee3-c4f2-467f-932b-c85524d1021f,DLA9,2018-08-15,15:09:38,3313071.0,High,FI,33.822564,-118.055053,Dropoff,B-12.3H,79
RouteID_001b4ee3-c4f2-467f-932b-c85524d1021f,DLA9,2018-08-15,15:09:38,3313071.0,High,XY,33.822754,-118.056712,Dropoff,B-12.3H,80
RouteID_001b4ee3-c4f2-467f-932b-c85524d1021f,DLA9,2018-08-15,15:09:38,3313071.0,High,QI,33.823593,-118.056727,Dropoff,B-12.3H,81
RouteID_001b4ee3-c4f2-467f-932b-c85524d1021f,DLA9,2018-08-15,15:09:38,3313071.0,High,KR,33.823668,-118.05592,Dropoff,B-12.3H,82
RouteID_001b4ee3-c4f2-467f-932b-c85524d1021f,DLA9,2018-08-15,15:09:38,3313071.0,High,TQ,33.822546,-118.055893,Dropoff,B-12.3H,83
RouteID_001b4ee3-c4f2-467f-932b-c85524d1021f,DLA9,2018-08-15,15:09:38,3313071.0,High,BE,33.818289,-118.054727,Dropoff,B-12.3J,84
RouteID_001b4ee3-c4f2-467f-932b-c85524d1021f,DLA9,2018-08-15,15:09:38,3313071.0,High,QD,33.818284,-118.055482,Dropoff,B-12.3J,85
RouteID_001b4ee3-c4f2-467f-932b-c85524d1021f,DLA9,2018-08-15,15:09:38,3313071.0,High,ON,33.818882,-118.056144,Dropoff,B-12.3J,86
RouteID_001b4ee3-c4f2-467f-932b-c85524d1021f,DLA9,2018-08-15,15:09:38,3313071.0,High,JQ,33.8189,-118.055157,Dropoff,B-12.3J,87
RouteID_001b4ee3-c4f2-467f-932b-c85524d1021f,DLA9,2018-08-15,15:09:38,3313071.0,High,HQ,33.819487,-118.056377,Dropoff,B-12.3J,88
RouteID_001b4ee3-c4f2-467f-932b-c85524d1021f,DLA9,2018-08-15,15:09:38,3313071.0,High,XO,33.819461,-118.057292,Dropoff,B-12.3J,89
RouteID_001b4ee3-c4f2-467f-932b-c85524d1021f,DLA9,2018-08-15,15:09:38,3313071.0,High,PE,33.820115,-118.055538,Dropoff,B-12.3J,90
RouteID_001b4ee3-c4f2-467f-932b-c85524d1021f,DLA9,2018-08-15,15:09:38,3313071.0,High,IT,33.820111,-118.056032,Dropoff,B-12.3J,91
RouteID_001b4ee3-c4f2-467f-932b-c85524d1021f,DLA9,2018-08-15,15:09:38,3313071.0,High,DD,33.820136,-118.057412,Dropoff,B-12.3J,92
RouteID_001b4ee3-c4f2-467f-932b-c85524d1021f,DLA9,2018-08-15,15:09:38,3313071.0,High,ZD,33.818966,-118.057886,Dropoff,B-12.2J,93
RouteID_001b4ee3-c4f2-467f-932b-c85524d1021f,DLA9,2018-08-15,15:09:38,3313071.0,High,EB,33.819132,-118.05832,Dropoff,B-12.2J,94
RouteID_001b4ee3-c4f2-467f-932b-c85524d1021f,DLA9,2018-08-15,15:09:38,3313071.0,High,VD,33.819171,-118.059025,Dropoff,B-12.2J,95
RouteID_001b4ee3-c4f2-467f-932b-c85524d1021f,DLA9,2018-08-15,15:09:38,3313071.0,High,LE,33.819044,-118.06008,Dropoff,B-12.2J,96
RouteID_001b4ee3-c4f2-467f-932b-c85524d1021f,DLA9,2018-08-15,15:09:38,3313071.0,High,UT,33.819423,-118.060619,Dropoff,B-12.2J,97
RouteID_001b4ee3-c4f2-467f-932b-c85524d1021f,DLA9,2018-08-15,15:09:38,3313071.0,High,GV,33.819873,-118.061588,Dropoff,B-12.2J,98
RouteID_001b4ee3-c4f2-467f-932b-c85524d1021f,DLA9,2018-08-15,15:09:38,3313071.0,High,FO,33.820067,-118.062352,Dropoff,B-12.2J,99
RouteID_001b4ee3-c4f2-467f-932b-c85524d1021f,DLA9,2018-08-15,15:09:38,3313071.0,High,IS,33.820046,-118.060633,Dropoff,B-12.1J,100
RouteID_001b4ee3-c4f2-467f-932b-c85524d1021f,DLA9,2018-08-15,15:09:38,3313071.0,High,DL,33.820806,-118.061622,Dropoff,B-12.1J,101
RouteID_001b4ee3-c4f2-467f-932b-c85524d1021f,DLA9,2018-08-15,15:09:38,3313071.0,High,QP,33.821176,-118.061911,Dropoff,B-12.1J,102
RouteID_001b4ee3-c4f2-467f-932b-c85524d1021f,DLA9,2018-08-15,15:09:38,3313071.0,High,OJ,33.821935,-118.061961,Dropoff,B-12.1J,103
RouteID_001b4ee3-c4f2-467f-932b-c85524d1021f,DLA9,2018-08-15,15:09:38,3313071.0,High,OU,33.820572,-118.060533,Dropoff,B-12.1J,104
RouteID_001b4ee3-c4f2-467f-932b-c85524d1021f,DLA9,2018-08-15,15:09:38,3313071.0,High,RQ,33.820585,-118.059105,Dropoff,B-12.1J,105
RouteID_001b4ee3-c4f2-467f-932b-c85524d1021f,DLA9,2018-08-15,15:09:38,3313071.0,High,SA,33.81992,-118.05842,Dropoff,B-12.1J,106
RouteID_001b4ee3-c4f2-467f-932b-c85524d1021f,DLA9,2018-08-15,15:09:38,3313071.0,High,RR,33.820604,-118.057665,Dropoff,B-11.1J,107
RouteID_001b4ee3-c4f2-467f-932b-c85524d1021f,DLA9,2018-08-15,15:09:38,3313071.0,High,CA,33.821214,-118.05862,Dropoff,B-11.1J,108
RouteID_001b4ee3-c4f2-467f-932b-c85524d1021f,DLA9,2018-08-15,15:09:38,3313071.0,High,WU,33.821188,-118.059989,Dropoff,B-11.1J,109
RouteID_001b4ee3-c4f2-467f-932b-c85524d1021f,DLA9,2018-08-15,15:09:38,3313071.0,High,SB,33.821181,-118.06049,Dropoff,B-11.1J,110
RouteID_001b4ee3-c4f2-467f-932b-c85524d1021f,DLA9,2018-08-15,15:09:38,3313071.0,High,HA,33.821867,-118.058389,Dropoff,B-11.1J,111
RouteID_001b4ee3-c4f2-467f-932b-c85524d1021f,DLA9,2018-08-15,15:09:38,3313071.0,High,WX,33.821862,-118.059004,Dropoff,B-11.1J,112
RouteID_001b4ee3-c4f2-467f-932b-c85524d1021f,DLA9,2018-08-15,15:09:38,3313071.0,High,RG,33.821856,-118.05959,Dropoff,B-11.1J,113
RouteID_001b4ee3-c4f2-467f-932b-c85524d1021f,DLA9,2018-08-15,15:09:38,3313071.0,High,MM,33.82185,-118.060384,Dropoff,B-11.1J,114
RouteID_001b4ee3-c4f2-467f-932b-c85524d1021f,DLA9,2018-08-15,15:09:38,3313071.0,High,TD,33.821981,-118.0582,Dropoff,B-11.1J,115
RouteID_001b4ee3-c4f2-467f-932b-c85524d1021f,DLA9,2018-08-15,15:09:38,3313071.0,High,NE,33.822349,-118.058199,Dropoff,B-11.1J,116
RouteID_001b4ee3-c4f2-467f-932b-c85524d1021f,DLA9,2018-08-15,15:09:38,3313071.0,High,NR,33.822488,-118.05871,Dropoff,B-11.1J,117
RouteID_001b4ee3-c4f2-467f-932b-c85524d1021f,DLA9,2018-08-15,15:09:38,3313071.0,High,YU,33.822459,-118.060905,Dropoff,B-11.2J,118
RouteID_001b4ee3-c4f2-467f-932b-c85524d1021f,DLA9,2018-08-15,15:09:38,3313071.0,High,DO,33.823136,-118.0622,Dropoff,B-11.2J,119
RouteID_001b4ee3-c4f2-467f-932b-c85524d1021f,DLA9,2018-08-15,15:09:38,3313071.0,High,GP,33.823069,-118.060373,Dropoff,B-11.2J,120
RouteID_001b4ee3-c4f2-467f-932b-c85524d1021f,DLA9,2018-08-15,15:09:38,3313071.0,High,DY,33.823075,-118.05887,Dropoff,B-11.2J,121
RouteID_001b4ee3-c4f2-467f-932b-c85524d1021f,DLA9,2018-08-15,15:09:38,3313071.0,High,AB,33.823076,-118.058727,Dropoff,B-11.2J,122
RouteID_001b4ee3-c4f2-467f-932b-c85524d1021f,DLA9,2018-08-15,15:09:38,3313071.0,High,TZ,33.823079,-118.057873,Dropoff,B-11.2J,123
RouteID_001b4ee3-c4f2-467f-932b-c85524d1021f,DLA9,2018-08-15,15:09:38,3313071.0,High,XE,33.823701,-118.059404,Dropoff,B-11.2J,124
RouteID_001b4ee3-c4f2-467f-932b-c85524d1021f,DLA9,2018-08-15,15:09:38,3313071.0,High,YY,33.825286,-118.059468,Dropoff,B-11.3J,125
RouteID_001b4ee3-c4f2-467f-932b-c85524d1021f,DLA9,2018-08-15,15:09:38,3313071.0,High,YP,33.825523,-118.060685,Dropoff,B-11.3J,126
RouteID_001b4ee3-c4f2-467f-932b-c85524d1021f,DLA9,2018-08-15,15:09:38,3313071.0,High,FM,33.826684,-118.060095,Dropoff,B-11.3J,127
RouteID_001b4ee3-c4f2-467f-932b-c85524d1021f,DLA9,2018-08-15,15:09:38,3313071.0,High,MQ,33.82738,-118.060819,Dropoff,B-11.3J,128
RouteID_001b4ee3-c4f2-467f-932b-c85524d1021f,DLA9,2018-08-15,15:09:38,3313071.0,High,JM,33.826547,-118.061504,Dropoff,B-11.3H,129
RouteID_001b4ee3-c4f2-467f-932b-c85524d1021f,DLA9,2018-08-15,15:09:38,3313071.0,High,OW,33.827177,-118.061508,Dropoff,B-11.3H,130
RouteID_001b4ee3-c4f2-467f-932b-c85524d1021f,DLA9,2018-08-15,15:09:38,3313071.0,High,ZN,33.827438,-118.062374,Dropoff,B-11.3H,131
RouteID_001b4ee3-c4f2-467f-932b-c85524d1021f,DLA9,2018-08-15,15:09:38,3313071.0,High,GJ,33.82679,-118.06299,Dropoff,B-11.3H,132
RouteID_001b4ee3-c4f2-467f-932b-c85524d1021f,DLA9,2018-08-15,15:09:38,3313071.0,High,GA,33.826748,-118.062251,Dropoff,B-11.3H,133
RouteID_001b4ee3-c4f2-467f-932b-c85524d1021f,DLA9,2018-08-15,15:09:38,3313071.0,High,UX,33.825016,-118.062245,Dropoff,B-11.3H,134
RouteID_001b4ee3-c4f2-467f-932b-c85524d1021f,DLA9,2018-08-15,15:09:38,3313071.0,High,SK,33.82493,-118.062868,Dropoff,B-11.3H,135
RouteID_001b4ee3-c4f2-467f-932b-c85524d1021f,DLA9,2018-08-15,15:09:38,3313071.0,High,EF,33.824693,-118.061494,Dropoff,B-11.3H,136
RouteID_001b4ee3-c4f2-467f-932b-c85524d1021f,DLA9,2018-08-15,15:09:38,3313071.0,High,HJ,33.824094,-118.060984,Dropoff,B-11.3J,137
RouteID_001b4ee3-c4f2-467f-932b-c85524d1021f,DLA9,2018-08-15,15:09:38,3313071.0,High,BW,33.815265,-118.061534,Dropoff,B-11.2G,138
RouteID_001b4ee3-c4f2-467f-932b-c85524d1021f,DLA9,2018-08-15,15:09:38,3313071.0,High,WF,33.815764,-118.059708,Dropoff,B-11.2G,139
RouteID_001b4ee3-c4f2-467f-932b-c85524d1021f,DLA9,2018-08-15,15:09:38,3313071.0,High,NN,33.81642,-118.06116,Dropoff,B-11.2G,140
RouteID_001b4ee3-c4f2-467f-932b-c85524d1021f,DLA9,2018-08-15,15:09:38,3313071.0,High,EC,33.816785,-118.059971,Dropoff,B-11.2G,141
RouteID_0021a2aa-780f-460d-b09a-f301709e2523,DLA7,2018-08-05,14:23:26,3313071.0,High,SE,33.965477,-117.653303,Station,,0
RouteID_0021a2aa-780f-460d-b09a-f301709e2523,DLA7,2018-08-05,14:23:26,3313071.0,High,WS,33.849607,-117.798556,Dropoff,C-17.3D,1
RouteID_0021a2aa-780f-460d-b09a-f301709e2523,DLA7,2018-08-05,14:23:26,3313071.0,High,NK,33.849557,-117.79572,Dropoff,C-17.3D,2
RouteID_0021a2aa-780f-460d-b09a-f301709e2523,DLA7,2018-08-05,14:23:26,3313071.0,High,ZO,33.850399,-117.794991,Dropoff,C-17.3D,3
RouteID_0021a2aa-780f-460d-b09a-f301709e2523,DLA7,2018-08-05,14:23:26,3313071.0,High,EJ,33.849696,-117.794809,Dropoff,C-17.3D,4
RouteID_0021a2aa-780f-460d-b09a-f301709e2523,DLA7,2018-08-05,14:23:26,3313071.0,High,PY,33.848925,-117.792958,Dropoff,C-17.3D,5
RouteID_0021a2aa-780f-460d-b09a-f301709e2523,DLA7,2018-08-05,14:23:26,3313071.0,High,LG,33.849054,-117.793248,Dropoff,C-17.3D,6
RouteID_0021a2aa-780f-460d-b09a-f301709e2523,DLA7,2018-08-05,14:23:26,3313071.0,High,RN,33.849492,-117.793237,Dropoff,C-17.3D,7
RouteID_0021a2aa-780f-460d-b09a-f301709e2523,DLA7,2018-08-05,14:23:26,3313071.0,High,BZ,33.848498,-117.793954,Dropoff,C-17.2D,8
RouteID_0021a2aa-780f-460d-b09a-f301709e2523,DLA7,2018-08-05,14:23:26,3313071.0,High,KO,33.847989,-117.794051,Dropoff,C-17.2D,9
RouteID_0021a2aa-780f-460d-b09a-f301709e2523,DLA7,2018-08-05,14:23:26,3313071.0,High,FT,33.847925,-117.792609,Dropoff,C-17.2D,10
RouteID_0021a2aa-780f-460d-b09a-f301709e2523,DLA7,2018-08-05,14:23:26,3313071.0,High,LT,33.846961,-117.793627,Dropoff,C-17.2D,11
RouteID_0021a2aa-780f-460d-b09a-f301709e2523,DLA7,2018-08-05,14:23:26,3313071.0,High,AY,33.846252,-117.793152,Dropoff,C-17.2D,12
RouteID_0021a2aa-780f-460d-b09a-f301709e2523,DLA7,2018-08-05,14:23:26,3313071.0,High,AI,33.848097,-117.791469,Dropoff,C-17.1D,13
RouteID_0021a2aa-780f-460d-b09a-f301709e2523,DLA7,2018-08-05,14:23:26,3313071.0,High,TG,33.847932,-117.79067,Dropoff,C-17.1D,14
RouteID_0021a2aa-780f-460d-b09a-f301709e2523,DLA7,2018-08-05,14:23:26,3313071.0,High,ZG,33.848526,-117.790729,Dropoff,C-17.1D,15
RouteID_0021a2aa-780f-460d-b09a-f301709e2523,DLA7,2018-08-05,14:23:26,3313071.0,High,IR,33.847248,-117.790505,Dropoff,C-17.1D,16
RouteID_0021a2aa-780f-460d-b09a-f301709e2523,DLA7,2018-08-05,14:23:26,3313071.0,High,IM,33.84141,-117.791341,Dropoff,C-17.1E,17
RouteID_0021a2aa-780f-460d-b09a-f301709e2523,DLA7,2018-08-05,14:23:26,3313071.0,High,QD,33.842643,-117.791214,Dropoff,C-17.1E,18
RouteID_0021a2aa-780f-460d-b09a-f301709e2523,DLA7,2018-08-05,14:23:26,3313071.0,High,YT,33.841429,-117.792361,Dropoff,C-17.1E,19
RouteID_0021a2aa-780f-460d-b09a-f301709e2523,DLA7,2018-08-05,14:23:26,3313071.0,High,AJ,33.844406,-117.792125,Dropoff,C-17.1E,20
RouteID_0021a2aa-780f-460d-b09a-f301709e2523,DLA7,2018-08-05,14:23:26,3313071.0,High,IE,33.844345,-117.791195,Dropoff,C-17.1E,21
RouteID_0021a2aa-780f-460d-b09a-f301709e2523,DLA7,2018-08-05,14:23:26,3313071.0,High,YL,33.844903,-117.791067,Dropoff,C-17.1E,22
RouteID_0021a2aa-780f-460d-b09a-f301709e2523,DLA7,2018-08-05,14:23:26,3313071.0,High,TE,33.843819,-117.79247,Dropoff,C-17.1E,23
RouteID_0021a2aa-780f-460d-b09a-f301709e2523,DLA7,2018-08-05,14:23:26,3313071.0,High,GC,33.843791,-117.78096,Dropoff,C-17.2E,24
RouteID_0021a2aa-780f-460d-b09a-f301709e2523,DLA7,2018-08-05,14:23:26,3313071.0,High,QG,33.844516,-117.78069,Dropoff,C-17.2E,25
RouteID_0021a2aa-780f-460d-b09a-f301709e2523,DLA7,2018-08-05,14:23:26,3313071.0,High,BW,33.84443,-117.78095,Dropoff,C-17.2E,26
RouteID_0021a2aa-780f-460d-b09a-f301709e2523,DLA7,2018-08-05,14:23:26,3313071.0,High,PZ,33.84171,-117.781821,Dropoff,C-17.2E,27
RouteID_0021a2aa-780f-460d-b09a-f301709e2523,DLA7,2018-08-05,14:23:26,3313071.0,High,OK,33.839681,-117.782441,Dropoff,C-17.2E,28
RouteID_0021a2aa-780f-460d-b09a-f301709e2523,DLA7,2018-08-05,14:23:26,3313071.0,High,VI,33.840698,-117.780751,Dropoff,C-17.2E,29
RouteID_0021a2aa-780f-460d-b09a-f301709e2523,DLA7,2018-08-05,14:23:26,3313071.0,High,YX,33.841018,-117.780182,Dropoff,C-17.2E,30
RouteID_0021a2aa-780f-460d-b09a-f301709e2523,DLA7,2018-08-05,14:23:26,3313071.0,High,AG,33.8408,-117.77886,Dropoff,C-17.3E,31
RouteID_0021a2aa-780f-460d-b09a-f301709e2523,DLA7,2018-08-05,14:23:26,3313071.0,High,HV,33.841207,-117.776812,Dropoff,C-17.3E,32
RouteID_0021a2aa-780f-460d-b09a-f301709e2523,DLA7,2018-08-05,14:23:26,3313071.0,High,HP,33.842018,-117.777381,Dropoff,C-17.3E,33
RouteID_0021a2aa-780f-460d-b09a-f301709e2523,DLA7,2018-08-05,14:23:26,3313071.0,High,XY,33.842021,-117.777838,Dropoff,C-17.3E,34
RouteID_0021a2aa-780f-460d-b09a-f301709e2523,DLA7,2018-08-05,14:23:26,3313071.0,High,MI,33.841413,-117.776213,Dropoff,C-17.3E,35
RouteID_0021a2aa-780f-460d-b09a-f301709e2523,DLA7,2018-08-05,14:23:26,3313071.0,High,SP,33.84162,-117.775191,Dropoff,C-17.3E,36
RouteID_0021a2aa-780f-460d-b09a-f301709e2523,DLA7,2018-08-05,14:23:26,3313071.0,High,QZ,33.842021,-117.775841,Dropoff,C-17.3E,37
RouteID_0021a2aa-780f-460d-b09a-f301709e2523,DLA7,2018-08-05,14:23:26,3313071.0,High,DE,33.847383,-117.777399,Dropoff,C-17.3G,38
RouteID_0021a2aa-780f-460d-b09a-f301709e2523,DLA7,2018-08-05,14:23:26,3313071.0,High,LX,33.848741,-117.778062,Dropoff,C-17.3G,39
RouteID_0021a2aa-780f-460d-b09a-f301709e2523,DLA7,2018-08-05,14:23:26,3313071.0,High,AP,33.846064,-117.777789,Dropoff,C-17.3G,40
RouteID_0021a2aa-780f-460d-b09a-f301709e2523,DLA7,2018-08-05,14:23:26,3313071.0,High,OS,33.843388,-117.777851,Dropoff,C-17.3G,41
RouteID_0021a2aa-780f-460d-b09a-f301709e2523,DLA7,2018-08-05,14:23:26,3313071.0,High,TC,33.844546,-117.773577,Dropoff,C-17.2G,42
RouteID_0021a2aa-780f-460d-b09a-f301709e2523,DLA7,2018-08-05,14:23:26,3313071.0,High,AA,33.84364,-117.773651,Dropoff,C-17.2G,43
RouteID_0021a2aa-780f-460d-b09a-f301709e2523,DLA7,2018-08-05,14:23:26,3313071.0,High,RJ,33.844379,-117.773645,Dropoff,C-17.2G,44
RouteID_0021a2aa-780f-460d-b09a-f301709e2523,DLA7,2018-08-05,14:23:26,3313071.0,High,WT,33.8461,-117.774422,Dropoff,C-17.2G,45
RouteID_0021a2aa-780f-460d-b09a-f301709e2523,DLA7,2018-08-05,14:23:26,3313071.0,High,ND,33.846165,-117.774467,Dropoff,C-17.2G,46
RouteID_0021a2aa-780f-460d-b09a-f301709e2523,DLA7,2018-08-05,14:23:26,3313071.0,High,BH,33.845651,-117.771133,Dropoff,C-17.1G,47
RouteID_0021a2aa-780f-460d-b09a-f301709e2523,DLA7,2018-08-05,14:23:26,3313071.0,High,OG,33.84606,-117.771143,Dropoff,C-17.1G,48
RouteID_0021a2aa-780f-460d-b09a-f301709e2523,DLA7,2018-08-05,14:23:26,3313071.0,High,UG,33.846688,-117.77061,Dropoff,C-17.1G,49
RouteID_0021a2aa-780f-460d-b09a-f301709e2523,DLA7,2018-08-05,14:23:26,3313071.0,High,MD,33.84691,-117.770252,Dropoff,C-17.1G,50
RouteID_0021a2aa-780f-460d-b09a-f301709e2523,DLA7,2018-08-05,14:23:26,3313071.0,High,DU,33.847294,-117.76966,Dropoff,C-17.1G,51
RouteID_0021a2aa-780f-460d-b09a-f301709e2523,DLA7,2018-08-05,14:23:26,3313071.0,High,TT,33.847619,-117.767764,Dropoff,C-17.1G,52
RouteID_0021a2aa-780f-460d-b09a-f301709e2523,DLA7,2018-08-05,14:23:26,3313071.0,High,XN,33.847542,-117.767252,Dropoff,C-17.1G,53
RouteID_0021a2aa-780f-460d-b09a-f301709e2523,DLA7,2018-08-05,14:23:26,3313071.0,High,AB,33.848927,-117.763179,Dropoff,C-17.1G,54
RouteID_0021a2aa-780f-460d-b09a-f301709e2523,DLA7,2018-08-05,14:23:26,3313071.0,High,YN,33.847973,-117.762423,Dropoff,C-17.1H,55
RouteID_0021a2aa-780f-460d-b09a-f301709e2523,DLA7,2018-08-05,14:23:26,3313071.0,High,XJ,33.847911,-117.762889,Dropoff,C-17.1H,56
RouteID_0021a2aa-780f-460d-b09a-f301709e2523,DLA7,2018-08-05,14:23:26,3313071.0,High,CV,33.847044,-117.764821,Dropoff,C-17.1H,57
RouteID_0021a2aa-780f-460d-b09a-f301709e2523,DLA7,2018-08-05,14:23:26,3313071.0,High,QH,33.845635,-117.769658,Dropoff,C-17.1H,58
RouteID_0021a2aa-780f-460d-b09a-f301709e2523,DLA7,2018-08-05,14:23:26,3313071.0,High,VN,33.846545,-117.763599,Dropoff,C-17.1H,59
RouteID_0021a2aa-780f-460d-b09a-f301709e2523,DLA7,2018-08-05,14:23:26,3313071.0,High,HJ,33.849253,-117.765196,Dropoff,C-17.2H,60
RouteID_0021a2aa-780f-460d-b09a-f301709e2523,DLA7,2018-08-05,14:23:26,3313071.0,High,ZH,33.84964,-117.762635,Dropoff,C-17.2H,61
RouteID_0021a2aa-780f-460d-b09a-f301709e2523,DLA7,2018-08-05,14:23:26,3313071.0,High,BM,33.848772,-117.766073,Dropoff,C-17.2H,62
RouteID_0021a2aa-780f-460d-b09a-f301709e2523,DLA7,2018-08-05,14:23:26,3313071.0,High,NC,33.848642,-117.769023,Dropoff,C-17.2H,63
RouteID_0021a2aa-780f-460d-b09a-f301709e2523,DLA7,2018-08-05,14:23:26,3313071.0,High,RF,33.848325,-117.769817,Dropoff,C-17.2H,64
RouteID_0021a2aa-780f-460d-b09a-f301709e2523,DLA7,2018-08-05,14:23:26,3313071.0,High,YA,33.844465,-117.772414,Dropoff,C-17.2H,65
RouteID_0021a2aa-780f-460d-b09a-f301709e2523,DLA7,2018-08-05,14:23:26,3313071.0,High,VJ,33.844784,-117.772418,Dropoff,C-17.2H,66
RouteID_0021a2aa-780f-460d-b09a-f301709e2523,DLA7,2018-08-05,14:23:26,3313071.0,High,JR,33.846744,-117.773405,Dropoff,C-17.2H,67
RouteID_0021a2aa-780f-460d-b09a-f301709e2523,DLA7,2018-08-05,14:23:26,3313071.0,High,XU,33.846828,-117.772566,Dropoff,C-17.2H,68
RouteID_0021a2aa-780f-460d-b09a-f301709e2523,DLA7,2018-08-05,14:23:26,3313071.0,High,NI,33.848734,-117.772639,Dropoff,C-17.3H,69
RouteID_0021a2aa-780f-460d-b09a-f301709e2523,DLA7,2018-08-05,14:23:26,3313071.0,High,QF,33.849334,-117.772555,Dropoff,C-17.3H,70
RouteID_0021a2aa-780f-460d-b09a-f301709e2523,DLA7,2018-08-05,14:23:26,3313071.0,High,UA,33.852901,-117.772903,Dropoff,C-17.3H,71
RouteID_0021a2aa-780f-460d-b09a-f301709e2523,DLA7,2018-08-05,14:23:26,3313071.0,High,AF,33.853012,-117.773159,Dropoff,C-17.3H,72
RouteID_0021a2aa-780f-460d-b09a-f301709e2523,DLA7,2018-08-05,14:23:26,3313071.0,High,XR,33.851591,-117.77634,Dropoff,C-17.3J,73
RouteID_0021a2aa-780f-460d-b09a-f301709e2523,DLA7,2018-08-05,14:23:26,3313071.0,High,FG,33.852625,-117.776103,Dropoff,C-17.3J,74
RouteID_0021a2aa-780f-460d-b09a-f301709e2523,DLA7,2018-08-05,14:23:26,3313071.0,High,CX,33.852928,-117.776984,Dropoff,C-17.3J,75
RouteID_0021a2aa-780f-460d-b09a-f301709e2523,DLA7,2018-08-05,14:23:26,3313071.0,High,LI,33.851938,-117.778054,Dropoff,C-17.3J,76
RouteID_0021a2aa-780f-460d-b09a-f301709e2523,DLA7,2018-08-05,14:23:26,3313071.0,High,GN,33.849241,-117.775965,Dropoff,C-17.3J,77
RouteID_0021a2aa-780f-460d-b09a-f301709e2523,DLA7,2018-08-05,14:23:26,3313071.0,High,QO,33.848373,-117.77643,Dropoff,C-17.3J,78
RouteID_0021a2aa-780f-460d-b09a-f301709e2523,DLA7,2018-08-05,14:23:26,3313071.0,High,XL,33.853236,-117.774639,Dropoff,C-17.2J,79
RouteID_0021a2aa-780f-460d-b09a-f301709e2523,DLA7,2018-08-05,14:23:26,3313071.0,High,US,33.853625,-117.777691,Dropoff,C-17.2J,80
RouteID_0021a2aa-780f-460d-b09a-f301709e2523,DLA7,2018-08-05,14:23:26,3313071.0,High,ZD,33.854896,-117.77297,Dropoff,C-17.2J,81
RouteID_0021a2aa-780f-460d-b09a-f301709e2523,DLA7,2018-08-05,14:23:26,3313071.0,High,OZ,33.855655,-117.773269,Dropoff,C-17.2J,82
RouteID_0021a2aa-780f-460d-b09a-f301709e2523,DLA7,2018-08-05,14:23:26,3313071.0,High,WM,33.854031,-117.768784,Dropoff,C-17.1J,83
RouteID_0021a2aa-780f-460d-b09a-f301709e2523,DLA7,2018-08-05,14:23:26,3313071.0,High,KV,33.855688,-117.76996,Dropoff,C-17.1J,84
RouteID_0021a2aa-780f-460d-b09a-f301709e2523,DLA7,2018-08-05,14:23:26,3313071.0,High,SA,33.85299,-117.76683,Dropoff,C-18.1J,85
RouteID_0021a2aa-780f-460d-b09a-f301709e2523,DLA7,2018-08-05,14:23:26,3313071.0,High,XW,33.850258,-117.765888,Dropoff,C-18.1J,86
RouteID_0021a2aa-780f-460d-b09a-f301709e2523,DLA7,2018-08-05,14:23:26,3313071.0,High,XZ,33.852564,-117.761995,Dropoff,C-18.2J,87
RouteID_0021a2aa-780f-460d-b09a-f301709e2523,DLA7,2018-08-05,14:23:26,3313071.0,High,XB,33.852887,-117.764615,Dropoff,C-18.2J,88
RouteID_0021a2aa-780f-460d-b09a-f301709e2523,DLA7,2018-08-05,14:23:26,3313071.0,High,TJ,33.855297,-117.76446,Dropoff,C-18.2J,89
RouteID_0021a2aa-780f-460d-b09a-f301709e2523,DLA7,2018-08-05,14:23:26,3313071.0,High,BG,33.858997,-117.765527,Dropoff,C-18.2J,90
RouteID_0021a2aa-780f-460d-b09a-f301709e2523,DLA7,2018-08-05,14:23:26,3313071.0,High,TA,33.857571,-117.7664,Dropoff,C-18.2J,91
RouteID_0021a2aa-780f-460d-b09a-f301709e2523,DLA7,2018-08-05,14:23:26,3313071.0,High,KN,33.858939,-117.762709,Dropoff,C-18.2J,92
RouteID_0021a2aa-780f-460d-b09a-f301709e2523,DLA7,2018-08-05,14:23:26,3313071.0,High,QA,33.855109,-117.762169,Dropoff,C-18.2J,93
RouteID_0021a2aa-780f-460d-b09a-f301709e2523,DLA7,2018-08-05,14:23:26,3313071.0,High,QI,33.854786,-117.760651,Dropoff,C-18.2J,94
RouteID_0021a2aa-780f-460d-b09a-f301709e2523,DLA7,2018-08-05,14:23:26,3313071.0,High,ZL,33.852688,-117.760043,Dropoff,C-18.3J,95
RouteID_0021a2aa-780f-460d-b09a-f301709e2523,DLA7,2018-08-05,14:23:26,3313071.0,High,II,33.850484,-117.758044,Dropoff,C-18.3J,96
RouteID_0021a2aa-780f-460d-b09a-f301709e2523,DLA7,2018-08-05,14:23:26,3313071.0,High,XQ,33.853691,-117.758246,Dropoff,C-18.3J,97
RouteID_0021a2aa-780f-460d-b09a-f301709e2523,DLA7,2018-08-05,14:23:26,3313071.0,High,MO,33.853123,-117.757928,Dropoff,C-18.3J,98
RouteID_0021a2aa-780f-460d-b09a-f301709e2523,DLA7,2018-08-05,14:23:26,3313071.0,High,TK,33.852776,-117.75826,Dropoff,C-18.3J,99
RouteID_0021a2aa-780f-460d-b09a-f301709e2523,DLA7,2018-08-05,14:23:26,3313071.0,High,DL,33.852538,-117.756642,Dropoff,C-18.3J,100
RouteID_0021a2aa-780f-460d-b09a-f301709e2523,DLA7,2018-08-05,14:23:26,3313071.0,High,PN,33.853783,-117.75593,Dropoff,C-18.3J,101
RouteID_0021a2aa-780f-460d-b09a-f301709e2523,DLA7,2018-08-05,14:23:26,3313071.0,High,BB,33.854702,-117.756715,Dropoff,C-18.3J,102
RouteID_0021a2aa-780f-460d-b09a-f301709e2523,DLA7,2018-08-05,14:23:26,3313071.0,High,DI,33.854923,-117.758394,Dropoff,C-18.3J,103
RouteID_0021a2aa-780f-460d-b09a-f301709e2523,DLA7,2018-08-05,14:23:26,3313071.0,High,XC,33.859358,-117.758149,Dropoff,C-18.3J,104
RouteID_0021a2aa-780f-460d-b09a-f301709e2523,DLA7,2018-08-05,14:23:26,3313071.0,High,NZ,33.858511,-117.758146,Dropoff,C-18.3J,105
RouteID_0021a2aa-780f-460d-b09a-f301709e2523,DLA7,2018-08-05,14:23:26,3313071.0,High,TN,33.859584,-117.761413,Dropoff,C-18.3H,106
RouteID_0021a2aa-780f-460d-b09a-f301709e2523,DLA7,2018-08-05,14:23:26,3313071.0,High,PT,33.855914,-117.761008,Dropoff,C-18.3H,107
RouteID_0021a2aa-780f-460d-b09a-f301709e2523,DLA7,2018-08-05,14:23:26,3313071.0,High,GJ,33.858263,-117.762354,Dropoff,C-18.3H,108
RouteID_0021a2aa-780f-460d-b09a-f301709e2523,DLA7,2018-08-05,14:23:26,3313071.0,High,HE,33.858141,-117.762614,Dropoff,C-18.3H,109
RouteID_0021a2aa-780f-460d-b09a-f301709e2523,DLA7,2018-08-05,14:23:26,3313071.0,High,KK,33.86149,-117.764155,Dropoff,C-18.2H,110
RouteID_0021a2aa-780f-460d-b09a-f301709e2523,DLA7,2018-08-05,14:23:26,3313071.0,High,HB,33.860951,-117.7636,Dropoff,C-18.2H,111
RouteID_0021a2aa-780f-460d-b09a-f301709e2523,DLA7,2018-08-05,14:23:26,3313071.0,High,DS,33.861252,-117.764277,Dropoff,C-18.2H,112
RouteID_0021a2aa-780f-460d-b09a-f301709e2523,DLA7,2018-08-05,14:23:26,3313071.0,High,EH,33.862481,-117.763546,Dropoff,C-18.2H,113
RouteID_0021a2aa-780f-460d-b09a-f301709e2523,DLA7,2018-08-05,14:23:26,3313071.0,High,AR,33.86038,-117.764803,Dropoff,C-18.2H,114
RouteID_0021a2aa-780f-460d-b09a-f301709e2523,DLA7,2018-08-05,14:23:26,3313071.0,High,NU,33.864345,-117.761957,Dropoff,C-18.2H,115
RouteID_0021a2aa-780f-460d-b09a-f301709e2523,DLA7,2018-08-05,14:23:26,3313071.0,High,YQ,33.862497,-117.761343,Dropoff,C-18.2H,116
RouteID_0021a2aa-780f-460d-b09a-f301709e2523,DLA7,2018-08-05,14:23:26,3313071.0,High,IK,33.861722,-117.76092,Dropoff,C-18.2H,117
RouteID_0021a2aa-780f-460d-b09a-f301709e2523,DLA7,2018-08-05,14:23:26,3313071.0,High,NB,33.862463,-117.762057,Dropoff,C-18.2H,118
RouteID_0021a2aa-780f-460d-b09a-f301709e2523,DLA7,2018-08-05,14:23:26,3313071.0,High,WU,33.866133,-117.763389,Dropoff,C-18.1H,119
RouteID_0021a2aa-780f-460d-b09a-f301709e2523,DLA7,2018-08-05,14:23:26,3313071.0,High,PE,33.865809,-117.764056,Dropoff,C-18.1H,120
RouteID_0021a2aa-780f-460d-b09a-f301709e2523,DLA7,2018-08-05,14:23:26,3313071.0,High,JA,33.864416,-117.764516,Dropoff,C-18.1H,121
RouteID_0021a2aa-780f-460d-b09a-f301709e2523,DLA7,2018-08-05,14:23:26,3313071.0,High,HS,33.863373,-117.765162,Dropoff,C-18.1H,122
RouteID_0021a2aa-780f-460d-b09a-f301709e2523,DLA7,2018-08-05,14:23:26,3313071.0,High,MZ,33.861915,-117.766386,Dropoff,C-18.1H,123
RouteID_0021a2aa-780f-460d-b09a-f301709e2523,DLA7,2018-08-05,14:23:26,3313071.0,High,UQ,33.862744,-117.766652,Dropoff,C-18.1G,124
RouteID_0021a2aa-780f-460d-b09a-f301709e2523,DLA7,2018-08-05,14:23:26,3313071.0,High,BS,33.862939,-117.768159,Dropoff,C-18.1G,125
RouteID_0021a2aa-780f-460d-b09a-f301709e2523,DLA7,2018-08-05,14:23:26,3313071.0,High,YH,33.862174,-117.769886,Dropoff,C-18.2G,126
RouteID_0021a2aa-780f-460d-b09a-f301709e2523,DLA7,2018-08-05,14:23:26,3313071.0,High,HU,33.862102,-117.771711,Dropoff,C-18.2G,127
RouteID_0021a2aa-780f-460d-b09a-f301709e2523,DLA7,2018-08-05,14:23:26,3313071.0,High,PR,33.861786,-117.772356,Dropoff,C-18.2G,128
RouteID_0021a2aa-780f-460d-b09a-f301709e2523,DLA7,2018-08-05,14:23:26,3313071.0,High,CN,33.861524,-117.770354,Dropoff,C-18.2G,129
RouteID_0021a2aa-780f-460d-b09a-f301709e2523,DLA7,2018-08-05,14:23:26,3313071.0,High,RA,33.860549,-117.769273,Dropoff,C-18.2G,130
RouteID_0021a2aa-780f-460d-b09a-f301709e2523,DLA7,2018-08-05,14:23:26,3313071.0,High,MU,33.860198,-117.768883,Dropoff,C-18.2G,131
RouteID_0021a2aa-780f-460d-b09a-f301709e2523,DLA7,2018-08-05,14:23:26,3313071.0,High,KM,33.860407,-117.768278,Dropoff,C-18.2G,132
RouteID_0021a2aa-780f-460d-b09a-f301709e2523,DLA7,2018-08-05,14:23:26,3313071.0,High,QL,33.858986,-117.769958,Dropoff,C-18.3G,133
RouteID_0021a2aa-780f-460d-b09a-f301709e2523,DLA7,2018-08-05,14:23:26,3313071.0,High,KH,33.858519,-117.770651,Dropoff,C-18.3G,134
RouteID_0021a2aa-780f-460d-b09a-f301709e2523,DLA7,2018-08-05,14:23:26,3313071.0,High,WP,33.859714,-117.770665,Dropoff,C-18.3G,135
RouteID_0021a2aa-780f-460d-b09a-f301709e2523,DLA7,2018-08-05,14:23:26,3313071.0,High,DZ,33.859756,-117.772213,Dropoff,C-18.3G,136
RouteID_0021a2aa-780f-460d-b09a-f301709e2523,DLA7,2018-08-05,14:23:26,3313071.0,High,JQ,33.86003,-117.772433,Dropoff,C-18.3G,137
RouteID_0021a2aa-780f-460d-b09a-f301709e2523,DLA7,2018-08-05,14:23:26,3313071.0,High,FM,33.860247,-117.77154,Dropoff,C-18.3G,138
RouteID_0021a2aa-780f-460d-b09a-f301709e2523,DLA7,2018-08-05,14:23:26,3313071.0,High,AX,33.860138,-117.771759,Dropoff,C-18.3G,139
RouteID_0021a2aa-780f-460d-b09a-f301709e2523,DLA7,2018-08-05,14:23:26,3313071.0,High,PJ,33.859871,-117.772319,Dropoff,C-18.3G,140
RouteID_0021a2aa-780f-460d-b09a-f301709e2523,DLA7,2018-08-05,14:23:26,3313071.0,High,NY,33.858467,-117.772449,Dropoff,C-18.3E,141
RouteID_0021a2aa-780f-460d-b09a-f301709e2523,DLA7,2018-08-05,14:23:26,3313071.0,High,QM,33.857782,-117.772023,Dropoff,C-18.3E,142
RouteID_0021a2aa-780f-460d-b09a-f301709e2523,DLA7,2018-08-05,14:23:26,3313071.0,High,WX,33.858659,-117.773704,Dropoff,C-18.3E,143
RouteID_0021a2aa-780f-460d-b09a-f301709e2523,DLA7,2018-08-05,14:23:26,3313071.0,High,LH,33.859049,-117.773419,Dropoff,C-18.3E,144
RouteID_0021a2aa-780f-460d-b09a-f301709e2523,DLA7,2018-08-05,14:23:26,3313071.0,High,PG,33.859442,-117.774938,Dropoff,C-18.3E,145
RouteID_0021a2aa-780f-460d-b09a-f301709e2523,DLA7,2018-08-05,14:23:26,3313071.0,High,PU,33.859507,-117.776002,Dropoff,C-18.3E,146
RouteID_0021a2aa-780f-460d-b09a-f301709e2523,DLA7,2018-08-05,14:23:26,3313071.0,High,BP,33.858466,-117.777219,Dropoff,C-18.2E,147
RouteID_0021a2aa-780f-460d-b09a-f301709e2523,DLA7,2018-08-05,14:23:26,3313071.0,High,QW,33.858652,-117.778394,Dropoff,C-18.2E,148
RouteID_0021a2aa-780f-460d-b09a-f301709e2523,DLA7,2018-08-05,14:23:26,3313071.0,High,QS,33.858426,-117.779125,Dropoff,C-18.2E,149
RouteID_0021a2aa-780f-460d-b09a-f301709e2523,DLA7,2018-08-05,14:23:26,3313071.0,High,WL,33.857735,-117.780408,Dropoff,C-18.2E,150
RouteID_0021a2aa-780f-460d-b09a-f301709e2523,DLA7,2018-08-05,14:23:26,3313071.0,High,LB,33.857265,-117.781208,Dropoff,C-18.2E,151
RouteID_0021a2aa-780f-460d-b09a-f301709e2523,DLA7,2018-08-05,14:23:26,3313071.0,High,UM,33.856301,-117.78286,Dropoff,C-18.2E,152
RouteID_0021a2aa-780f-460d-b09a-f301709e2523,DLA7,2018-08-05,14:23:26,3313071.0,High,WO,33.856238,-117.782965,Dropoff,C-18.2E,153
RouteID_0021a2aa-780f-460d-b09a-f301709e2523,DLA7,2018-08-05,14:23:26,3313071.0,High,FY,33.855666,-117.783938,Dropoff,C-18.2E,154
RouteID_0036cf37-1c93-48f8-b337-3dd6d1a195d8,DCH4,2018-08-02,15:29:32,4247527.0,High,WR,42.254346,-87.985697,Station,,0
RouteID_0036cf37-1c93-48f8-b337-3dd6d1a195d8,DCH4,2018-08-02,15:29:32,4247527.0,High,PK,42.083758,-87.985797,Dropoff,D-24.1E,1
RouteID_0036cf37-1c93-48f8-b337-3dd6d1a195d8,DCH4,2018-08-02,15:29:32,4247527.0,High,PU,42.083757,-87.987441,Dropoff,D-24.1E,2
RouteID_0036cf37-1c93-48f8-b337-3dd6d1a195d8,DCH4,2018-08-02,15:29:32,4247527.0,High,QT,42.083765,-87.989106,Dropoff,D-24.1E,3
RouteID_0036cf37-1c93-48f8-b337-3dd6d1a195d8,DCH4,2018-08-02,15:29:32,4247527.0,High,UY,42.085591,-87.989694,Dropoff,D-24.1E,4
RouteID_0036cf37-1c93-48f8-b337-3dd6d1a195d8,DCH4,2018-08-02,15:29:32,4247527.0,High,VG,42.085591,-87.988879,Dropoff,D-24.1E,5
RouteID_0036cf37-1c93-48f8-b337-3dd6d1a195d8,DCH4,2018-08-02,15:29:32,4247527.0,High,BO,42.084673,-87.986714,Dropoff,D-24.1E,6
RouteID_0036cf37-1c93-48f8-b337-3dd6d1a195d8,DCH4,2018-08-02,15:29:32,4247527.0,High,RQ,42.084679,-87.987219,Dropoff,D-24.1E,7
RouteID_0036cf37-1c93-48f8-b337-3dd6d1a195d8,DCH4,2018-08-02,15:29:32,4247527.0,High,VT,42.084697,-87.989257,Dropoff,D-24.1E,8
RouteID_0036cf37-1c93-48f8-b337-3dd6d1a195d8,DCH4,2018-08-02,15:29:32,4247527.0,High,MF,42.084702,-87.989657,Dropoff,D-24.1E,9
RouteID_0036cf37-1c93-48f8-b337-3dd6d1a195d8,DCH4,2018-08-02,15:29:32,4247527.0,High,PC,42.083375,-87.99023,Dropoff,D-24.1E,10
RouteID_0036cf37-1c93-48f8-b337-3dd6d1a195d8,DCH4,2018-08-02,15:29:32,4247527.0,High,MA,42.082582,-87.99024,Dropoff,D-24.1E,11
RouteID_0036cf37-1c93-48f8-b337-3dd6d1a195d8,DCH4,2018-08-02,15:29:32,4247527.0,High,VH,42.082582,-87.99024,Dropoff,D-24.1E,12
RouteID_0036cf37-1c93-48f8-b337-3dd6d1a195d8,DCH4,2018-08-02,15:29:32,4247527.0,High,MH,42.081481,-87.99024,Dropoff,D-24.1E,13
RouteID_0036cf37-1c93-48f8-b337-3dd6d1a195d8,DCH4,2018-08-02,15:29:32,4247527.0,High,EQ,42.082819,-87.990817,Dropoff,D-24.1D,14
RouteID_0036cf37-1c93-48f8-b337-3dd6d1a195d8,DCH4,2018-08-02,15:29:32,4247527.0,High,CQ,42.083783,-87.991964,Dropoff,D-24.1D,15
RouteID_0036cf37-1c93-48f8-b337-3dd6d1a195d8,DCH4,2018-08-02,15:29:32,4247527.0,High,CY,42.084679,-87.992953,Dropoff,D-24.1D,16
RouteID_0036cf37-1c93-48f8-b337-3dd6d1a195d8,DCH4,2018-08-02,15:29:32,4247527.0,High,ZG,42.085333,-87.992633,Dropoff,D-24.1D,17
RouteID_0036cf37-1c93-48f8-b337-3dd6d1a195d8,DCH4,2018-08-02,15:29:32,4247527.0,High,WY,42.086211,-87.992635,Dropoff,D-24.1D,18
RouteID_0036cf37-1c93-48f8-b337-3dd6d1a195d8,DCH4,2018-08-02,15:29:32,4247527.0,High,YG,42.08833,-87.995828,Dropoff,D-24.1D,19
RouteID_0036cf37-1c93-48f8-b337-3dd6d1a195d8,DCH4,2018-08-02,15:29:32,4247527.0,High,RI,42.088331,-87.997816,Dropoff,D-24.2D,20
RouteID_0036cf37-1c93-48f8-b337-3dd6d1a195d8,DCH4,2018-08-02,15:29:32,4247527.0,High,AQ,42.087016,-87.997448,Dropoff,D-24.2D,21
RouteID_0036cf37-1c93-48f8-b337-3dd6d1a195d8,DCH4,2018-08-02,15:29:32,4247527.0,High,FT,42.0854,-87.997484,Dropoff,D-24.2D,22
RouteID_0036cf37-1c93-48f8-b337-3dd6d1a195d8,DCH4,2018-08-02,15:29:32,4247527.0,High,GQ,42.08518,-87.997855,Dropoff,D-24.2D,23
RouteID_0036cf37-1c93-48f8-b337-3dd6d1a195d8,DCH4,2018-08-02,15:29:32,4247527.0,High,NC,42.087259,-87.996278,Dropoff,D-24.2D,24
RouteID_0036cf37-1c93-48f8-b337-3dd6d1a195d8,DCH4,2018-08-02,15:29:32,4247527.0,High,WA,42.085709,-87.996285,Dropoff,D-24.2D,25
RouteID_0036cf37-1c93-48f8-b337-3dd6d1a195d8,DCH4,2018-08-02,15:29:32,4247527.0,High,RR,42.084922,-87.996297,Dropoff,D-24.2D,26
RouteID_0036cf37-1c93-48f8-b337-3dd6d1a195d8,DCH4,2018-08-02,15:29:32,4247527.0,High,PF,42.084715,-87.996761,Dropoff,D-24.2D,27
RouteID_0036cf37-1c93-48f8-b337-3dd6d1a195d8,DCH4,2018-08-02,15:29:32,4247527.0,High,QP,42.084693,-87.995237,Dropoff,D-24.2D,28
RouteID_0036cf37-1c93-48f8-b337-3dd6d1a195d8,DCH4,2018-08-02,15:29:32,4247527.0,High,QA,42.083806,-87.995805,Dropoff,D-24.3D,29
RouteID_0036cf37-1c93-48f8-b337-3dd6d1a195d8,DCH4,2018-08-02,15:29:32,4247527.0,High,XH,42.082608,-87.9958,Dropoff,D-24.3D,30
RouteID_0036cf37-1c93-48f8-b337-3dd6d1a195d8,DCH4,2018-08-02,15:29:32,4247527.0,High,EV,42.082594,-87.996607,Dropoff,D-24.3D,31
RouteID_0036cf37-1c93-48f8-b337-3dd6d1a195d8,DCH4,2018-08-02,15:29:32,4247527.0,High,JW,42.08142,-87.996298,Dropoff,D-24.3D,32
RouteID_0036cf37-1c93-48f8-b337-3dd6d1a195d8,DCH4,2018-08-02,15:29:32,4247527.0,High,WZ,42.079427,-87.997517,Dropoff,D-24.3D,33
RouteID_0036cf37-1c93-48f8-b337-3dd6d1a195d8,DCH4,2018-08-02,15:29:32,4247527.0,High,YQ,42.080102,-87.997506,Dropoff,D-24.3D,34
RouteID_0036cf37-1c93-48f8-b337-3dd6d1a195d8,DCH4,2018-08-02,15:29:32,4247527.0,High,TI,42.081077,-87.995962,Dropoff,D-24.3D,35
RouteID_0036cf37-1c93-48f8-b337-3dd6d1a195d8,DCH4,2018-08-02,15:29:32,4247527.0,High,LC,42.08157,-87.995107,Dropoff,D-24.3C,36
RouteID_0036cf37-1c93-48f8-b337-3dd6d1a195d8,DCH4,2018-08-02,15:29:32,4247527.0,High,EZ,42.079571,-87.995118,Dropoff,D-24.3C,37
RouteID_0036cf37-1c93-48f8-b337-3dd6d1a195d8,DCH4,2018-08-02,15:29:32,4247527.0,High,FA,42.079971,-87.993496,Dropoff,D-24.3C,38
RouteID_0036cf37-1c93-48f8-b337-3dd6d1a195d8,DCH4,2018-08-02,15:29:32,4247527.0,High,LZ,42.079967,-87.991872,Dropoff,D-24.3C,39
RouteID_0036cf37-1c93-48f8-b337-3dd6d1a195d8,DCH4,2018-08-02,15:29:32,4247527.0,High,WM,42.080134,-87.990247,Dropoff,D-24.2C,40
RouteID_0036cf37-1c93-48f8-b337-3dd6d1a195d8,DCH4,2018-08-02,15:29:32,4247527.0,High,GF,42.08079,-87.989034,Dropoff,D-24.2C,41
RouteID_0036cf37-1c93-48f8-b337-3dd6d1a195d8,DCH4,2018-08-02,15:29:32,4247527.0,High,ZB,42.077797,-87.987818,Dropoff,D-24.2C,42
RouteID_0036cf37-1c93-48f8-b337-3dd6d1a195d8,DCH4,2018-08-02,15:29:32,4247527.0,High,OW,42.078119,-87.989042,Dropoff,D-24.2C,43
RouteID_0036cf37-1c93-48f8-b337-3dd6d1a195d8,DCH4,2018-08-02,15:29:32,4247527.0,High,HD,42.077259,-87.989048,Dropoff,D-24.2C,44
RouteID_0036cf37-1c93-48f8-b337-3dd6d1a195d8,DCH4,2018-08-02,15:29:32,4247527.0,High,ZN,42.077744,-87.990278,Dropoff,D-24.2C,45
RouteID_0036cf37-1c93-48f8-b337-3dd6d1a195d8,DCH4,2018-08-02,15:29:32,4247527.0,High,EE,42.078343,-87.99189,Dropoff,D-24.1C,46
RouteID_0036cf37-1c93-48f8-b337-3dd6d1a195d8,DCH4,2018-08-02,15:29:32,4247527.0,High,NT,42.078101,-87.991893,Dropoff,D-24.1C,47
RouteID_0036cf37-1c93-48f8-b337-3dd6d1a195d8,DCH4,2018-08-02,15:29:32,4247527.0,High,JA,42.075235,-87.990302,Dropoff,D-24.1C,48
RouteID_0036cf37-1c93-48f8-b337-3dd6d1a195d8,DCH4,2018-08-02,15:29:32,4247527.0,High,GA,42.073025,-87.98786,Dropoff,D-24.1C,49
RouteID_0036cf37-1c93-48f8-b337-3dd6d1a195d8,DCH4,2018-08-02,15:29:32,4247527.0,High,SE,42.074095,-87.986638,Dropoff,D-24.1C,50
RouteID_0036cf37-1c93-48f8-b337-3dd6d1a195d8,DCH4,2018-08-02,15:29:32,4247527.0,High,TP,42.07378,-87.987511,Dropoff,D-24.1C,51
RouteID_0036cf37-1c93-48f8-b337-3dd6d1a195d8,DCH4,2018-08-02,15:29:32,4247527.0,High,KY,42.072667,-87.990326,Dropoff,D-24.1B,52
RouteID_0036cf37-1c93-48f8-b337-3dd6d1a195d8,DCH4,2018-08-02,15:29:32,4247527.0,High,XO,42.071088,-87.991716,Dropoff,D-24.1B,53
RouteID_0036cf37-1c93-48f8-b337-3dd6d1a195d8,DCH4,2018-08-02,15:29:32,4247527.0,High,CV,42.071094,-87.992405,Dropoff,D-24.1B,54
RouteID_0036cf37-1c93-48f8-b337-3dd6d1a195d8,DCH4,2018-08-02,15:29:32,4247527.0,High,TT,42.071526,-87.993553,Dropoff,D-24.1B,55
RouteID_0036cf37-1c93-48f8-b337-3dd6d1a195d8,DCH4,2018-08-02,15:29:32,4247527.0,High,LL,42.07292,-87.992935,Dropoff,D-24.1B,56
RouteID_0036cf37-1c93-48f8-b337-3dd6d1a195d8,DCH4,2018-08-02,15:29:32,4247527.0,High,WJ,42.073418,-87.995184,Dropoff,D-24.1B,57
RouteID_0036cf37-1c93-48f8-b337-3dd6d1a195d8,DCH4,2018-08-02,15:29:32,4247527.0,High,IS,42.072237,-87.995197,Dropoff,D-24.1B,58
RouteID_0036cf37-1c93-48f8-b337-3dd6d1a195d8,DCH4,2018-08-02,15:29:32,4247527.0,High,QB,42.07067,-87.99653,Dropoff,D-24.1B,59
RouteID_0036cf37-1c93-48f8-b337-3dd6d1a195d8,DCH4,2018-08-02,15:29:32,4247527.0,High,EK,42.070245,-87.992957,Dropoff,D-24.1B,60
RouteID_0036cf37-1c93-48f8-b337-3dd6d1a195d8,DCH4,2018-08-02,15:29:32,4247527.0,High,RK,42.068987,-87.992987,Dropoff,D-24.2B,61
RouteID_0036cf37-1c93-48f8-b337-3dd6d1a195d8,DCH4,2018-08-02,15:29:32,4247527.0,High,TG,42.067212,-87.995627,Dropoff,D-24.2B,62
RouteID_0036cf37-1c93-48f8-b337-3dd6d1a195d8,DCH4,2018-08-02,15:29:32,4247527.0,High,QO,42.066873,-87.997446,Dropoff,,63
RouteID_0036cf37-1c93-48f8-b337-3dd6d1a195d8,DCH4,2018-08-02,15:29:32,4247527.0,High,OC,42.068477,-87.98915,Dropoff,D-24.2B,64
RouteID_0036cf37-1c93-48f8-b337-3dd6d1a195d8,DCH4,2018-08-02,15:29:32,4247527.0,High,MM,42.069878,-87.989134,Dropoff,D-24.2B,65
RouteID_0036cf37-1c93-48f8-b337-3dd6d1a195d8,DCH4,2018-08-02,15:29:32,4247527.0,High,FC,42.071253,-87.989112,Dropoff,D-24.2B,66
RouteID_0036cf37-1c93-48f8-b337-3dd6d1a195d8,DCH4,2018-08-02,15:29:32,4247527.0,High,FS,42.072602,-87.98909,Dropoff,D-24.2B,67
RouteID_0036cf37-1c93-48f8-b337-3dd6d1a195d8,DCH4,2018-08-02,15:29:32,4247527.0,High,KK,42.073057,-87.989082,Dropoff,D-24.2B,68
RouteID_0036cf37-1c93-48f8-b337-3dd6d1a195d8,DCH4,2018-08-02,15:29:32,4247527.0,High,WQ,42.071574,-87.989107,Dropoff,D-24.2B,69
RouteID_0036cf37-1c93-48f8-b337-3dd6d1a195d8,DCH4,2018-08-02,15:29:32,4247527.0,High,XJ,42.070187,-87.990027,Dropoff,D-24.2B,70
RouteID_0036cf37-1c93-48f8-b337-3dd6d1a195d8,DCH4,2018-08-02,15:29:32,4247527.0,High,VI,42.069652,-87.987908,Dropoff,D-24.3B,71
RouteID_0036cf37-1c93-48f8-b337-3dd6d1a195d8,DCH4,2018-08-02,15:29:32,4247527.0,High,RM,42.068576,-87.987927,Dropoff,D-24.3B,72
RouteID_0036cf37-1c93-48f8-b337-3dd6d1a195d8,DCH4,2018-08-02,15:29:32,4247527.0,High,BG,42.067764,-87.98793,Dropoff,D-24.3B,73
RouteID_0036cf37-1c93-48f8-b337-3dd6d1a195d8,DCH4,2018-08-02,15:29:32,4247527.0,High,BW,42.067137,-87.98793,Dropoff,D-24.3B,74
RouteID_0036cf37-1c93-48f8-b337-3dd6d1a195d8,DCH4,2018-08-02,15:29:32,4247527.0,High,BI,42.065515,-87.987335,Dropoff,D-24.3B,75
RouteID_0036cf37-1c93-48f8-b337-3dd6d1a195d8,DCH4,2018-08-02,15:29:32,4247527.0,High,LX,42.067022,-87.98672,Dropoff,D-24.3B,76
RouteID_0036cf37-1c93-48f8-b337-3dd6d1a195d8,DCH4,2018-08-02,15:29:32,4247527.0,High,BR,42.065134,-87.984845,Dropoff,D-24.3B,77
RouteID_0036cf37-1c93-48f8-b337-3dd6d1a195d8,DCH4,2018-08-02,15:29:32,4247527.0,High,DP,42.064122,-87.984831,Dropoff,D-24.3B,78
RouteID_0036cf37-1c93-48f8-b337-3dd6d1a195d8,DCH4,2018-08-02,15:29:32,4247527.0,High,IM,42.065136,-87.98114,Dropoff,D-24.3B,79
RouteID_0036cf37-1c93-48f8-b337-3dd6d1a195d8,DCH4,2018-08-02,15:29:32,4247527.0,High,OE,42.06397,-87.98111,Dropoff,D-24.3B,80
RouteID_0036cf37-1c93-48f8-b337-3dd6d1a195d8,DCH4,2018-08-02,15:29:32,4247527.0,High,QV,42.065971,-87.982381,Dropoff,D-24.3B,81
RouteID_0036cf37-1c93-48f8-b337-3dd6d1a195d8,DCH4,2018-08-02,15:29:32,4247527.0,High,BD,42.068014,-87.986709,Dropoff,D-24.3B,82
RouteID_0036cf37-1c93-48f8-b337-3dd6d1a195d8,DCH4,2018-08-02,15:29:32,4247527.0,High,ZP,42.069203,-87.986693,Dropoff,D-24.3A,83
RouteID_0036cf37-1c93-48f8-b337-3dd6d1a195d8,DCH4,2018-08-02,15:29:32,4247527.0,High,BV,42.070152,-87.986412,Dropoff,D-24.3A,84
RouteID_0036cf37-1c93-48f8-b337-3dd6d1a195d8,DCH4,2018-08-02,15:29:32,4247527.0,High,WO,42.070568,-87.98667,Dropoff,D-24.3A,85
RouteID_0036cf37-1c93-48f8-b337-3dd6d1a195d8,DCH4,2018-08-02,15:29:32,4247527.0,High,KD,42.071233,-87.98667,Dropoff,D-24.3A,86
RouteID_0036cf37-1c93-48f8-b337-3dd6d1a195d8,DCH4,2018-08-02,15:29:32,4247527.0,High,IZ,42.072316,-87.986664,Dropoff,D-24.3A,87
RouteID_0036cf37-1c93-48f8-b337-3dd6d1a195d8,DCH4,2018-08-02,15:29:32,4247527.0,High,AX,42.072666,-87.986659,Dropoff,D-24.3A,88
RouteID_0036cf37-1c93-48f8-b337-3dd6d1a195d8,DCH4,2018-08-02,15:29:32,4247527.0,High,PD,42.073392,-87.986647,Dropoff,D-24.3A,89
RouteID_0036cf37-1c93-48f8-b337-3dd6d1a195d8,DCH4,2018-08-02,15:29:32,4247527.0,High,XB,42.072796,-87.985446,Dropoff,D-24.3A,90
RouteID_0036cf37-1c93-48f8-b337-3dd6d1a195d8,DCH4,2018-08-02,15:29:32,4247527.0,High,WX,42.072529,-87.985451,Dropoff,D-24.3A,91
RouteID_0036cf37-1c93-48f8-b337-3dd6d1a195d8,DCH4,2018-08-02,15:29:32,4247527.0,High,LO,42.070718,-87.985474,Dropoff,D-24.3A,92
RouteID_0036cf37-1c93-48f8-b337-3dd6d1a195d8,DCH4,2018-08-02,15:29:32,4247527.0,High,CI,42.070157,-87.985142,Dropoff,D-24.3A,93
RouteID_0036cf37-1c93-48f8-b337-3dd6d1a195d8,DCH4,2018-08-02,15:29:32,4247527.0,High,DX,42.071325,-87.98425,Dropoff,D-24.2A,94
RouteID_0036cf37-1c93-48f8-b337-3dd6d1a195d8,DCH4,2018-08-02,15:29:32,4247527.0,High,YN,42.069358,-87.984259,Dropoff,D-24.2A,95
RouteID_0036cf37-1c93-48f8-b337-3dd6d1a195d8,DCH4,2018-08-02,15:29:32,4247527.0,High,AL,42.067738,-87.98429,Dropoff,D-24.2A,96
RouteID_0036cf37-1c93-48f8-b337-3dd6d1a195d8,DCH4,2018-08-02,15:29:32,4247527.0,High,MI,42.067089,-87.983089,Dropoff,D-24.2A,97
RouteID_0036cf37-1c93-48f8-b337-3dd6d1a195d8,DCH4,2018-08-02,15:29:32,4247527.0,High,KF,42.069616,-87.983066,Dropoff,D-24.2A,98
RouteID_0036cf37-1c93-48f8-b337-3dd6d1a195d8,DCH4,2018-08-02,15:29:32,4247527.0,High,EO,42.071141,-87.983044,Dropoff,D-24.2A,99
RouteID_0036cf37-1c93-48f8-b337-3dd6d1a195d8,DCH4,2018-08-02,15:29:32,4247527.0,High,HM,42.071809,-87.983032,Dropoff,D-24.2A,100
RouteID_0036cf37-1c93-48f8-b337-3dd6d1a195d8,DCH4,2018-08-02,15:29:32,4247527.0,High,CC,42.072669,-87.983022,Dropoff,D-24.1A,101
RouteID_0036cf37-1c93-48f8-b337-3dd6d1a195d8,DCH4,2018-08-02,15:29:32,4247527.0,High,LE,42.073759,-87.983441,Dropoff,D-24.1A,102
RouteID_0036cf37-1c93-48f8-b337-3dd6d1a195d8,DCH4,2018-08-02,15:29:32,4247527.0,High,KP,42.073741,-87.979054,Dropoff,D-24.1A,103
RouteID_0036cf37-1c93-48f8-b337-3dd6d1a195d8,DCH4,2018-08-02,15:29:32,4247527.0,High,XZ,42.072391,-87.979363,Dropoff,D-24.1A,104
RouteID_0036cf37-1c93-48f8-b337-3dd6d1a195d8,DCH4,2018-08-02,15:29:32,4247527.0,High,EY,42.071918,-87.980981,Dropoff,D-24.1A,105
RouteID_0036cf37-1c93-48f8-b337-3dd6d1a195d8,DCH4,2018-08-02,15:29:32,4247527.0,High,CE,42.070004,-87.980478,Dropoff,D-24.1A,106
RouteID_0036cf37-1c93-48f8-b337-3dd6d1a195d8,DCH4,2018-08-02,15:29:32,4247527.0,High,SL,42.069871,-87.980475,Dropoff,D-24.1A,107
RouteID_0036cf37-1c93-48f8-b337-3dd6d1a195d8,DCH4,2018-08-02,15:29:32,4247527.0,High,AI,42.067241,-87.981871,Dropoff,D-24.1A,108
RouteID_0036cf37-1c93-48f8-b337-3dd6d1a195d8,DCH4,2018-08-02,15:29:32,4247527.0,High,LK,42.069694,-87.978676,Dropoff,D-23.1A,109
RouteID_0036cf37-1c93-48f8-b337-3dd6d1a195d8,DCH4,2018-08-02,15:29:32,4247527.0,High,WD,42.072231,-87.978148,Dropoff,D-23.1A,110
RouteID_0036cf37-1c93-48f8-b337-3dd6d1a195d8,DCH4,2018-08-02,15:29:32,4247527.0,High,SB,42.070063,-87.976937,Dropoff,D-23.1A,111
RouteID_0036cf37-1c93-48f8-b337-3dd6d1a195d8,DCH4,2018-08-02,15:29:32,4247527.0,High,BM,42.06837,-87.975264,Dropoff,D-23.1A,112
RouteID_0036cf37-1c93-48f8-b337-3dd6d1a195d8,DCH4,2018-08-02,15:29:32,4247527.0,High,BK,42.06915,-87.975247,Dropoff,D-23.1A,113
RouteID_0036cf37-1c93-48f8-b337-3dd6d1a195d8,DCH4,2018-08-02,15:29:32,4247527.0,High,LR,42.070802,-87.97523,Dropoff,D-23.1A,114
RouteID_0036cf37-1c93-48f8-b337-3dd6d1a195d8,DCH4,2018-08-02,15:29:32,4247527.0,High,ZU,42.073329,-87.975724,Dropoff,D-23.1A,115
RouteID_0036cf37-1c93-48f8-b337-3dd6d1a195d8,DCH4,2018-08-02,15:29:32,4247527.0,High,QU,42.073431,-87.974513,Dropoff,D-23.2A,116
RouteID_0036cf37-1c93-48f8-b337-3dd6d1a195d8,DCH4,2018-08-02,15:29:32,4247527.0,High,WL,42.072221,-87.974526,Dropoff,D-23.2A,117
RouteID_0036cf37-1c93-48f8-b337-3dd6d1a195d8,DCH4,2018-08-02,15:29:32,4247527.0,High,QE,42.071893,-87.973829,Dropoff,D-23.2A,118
RouteID_0036cf37-1c93-48f8-b337-3dd6d1a195d8,DCH4,2018-08-02,15:29:32,4247527.0,High,GT,42.071063,-87.973356,Dropoff,D-23.2A,119
RouteID_0036cf37-1c93-48f8-b337-3dd6d1a195d8,DCH4,2018-08-02,15:29:32,4247527.0,High,XX,42.064129,-87.971807,Dropoff,D-23.2A,120
RouteID_0036cf37-1c93-48f8-b337-3dd6d1a195d8,DCH4,2018-08-02,15:29:32,4247527.0,High,CU,42.063936,-87.974443,Dropoff,D-23.2A,121
RouteID_0036cf37-1c93-48f8-b337-3dd6d1a195d8,DCH4,2018-08-02,15:29:32,4247527.0,High,VU,42.062996,-87.973906,Dropoff,D-23.2A,122
RouteID_0036cf37-1c93-48f8-b337-3dd6d1a195d8,DCH4,2018-08-02,15:29:32,4247527.0,High,UR,42.063912,-87.975051,Dropoff,D-23.3A,123
RouteID_0036cf37-1c93-48f8-b337-3dd6d1a195d8,DCH4,2018-08-02,15:29:32,4247527.0,High,RE,42.064886,-87.97506,Dropoff,D-23.3A,124
RouteID_0036cf37-1c93-48f8-b337-3dd6d1a195d8,DCH4,2018-08-02,15:29:32,4247527.0,High,YC,42.064366,-87.975322,Dropoff,D-23.3A,125
RouteID_0036cf37-1c93-48f8-b337-3dd6d1a195d8,DCH4,2018-08-02,15:29:32,4247527.0,High,OZ,42.065129,-87.976281,Dropoff,D-23.3A,126
RouteID_0036cf37-1c93-48f8-b337-3dd6d1a195d8,DCH4,2018-08-02,15:29:32,4247527.0,High,RH,42.065855,-87.977497,Dropoff,D-23.3A,127
RouteID_0036cf37-1c93-48f8-b337-3dd6d1a195d8,DCH4,2018-08-02,15:29:32,4247527.0,High,OJ,42.064011,-87.978698,Dropoff,D-23.3A,128
RouteID_0036cf37-1c93-48f8-b337-3dd6d1a195d8,DCH4,2018-08-02,15:29:32,4247527.0,High,SQ,42.065056,-87.978706,Dropoff,D-23.3A,129
RouteID_0036cf37-1c93-48f8-b337-3dd6d1a195d8,DCH4,2018-08-02,15:29:32,4247527.0,High,CS,42.065283,-87.980154,Dropoff,D-23.3A,130
RouteID_0036cf37-1c93-48f8-b337-3dd6d1a195d8,DCH4,2018-08-02,15:29:32,4247527.0,High,GM,42.06349,-87.97961,Dropoff,D-23.3A,131
RouteID_0036cf37-1c93-48f8-b337-3dd6d1a195d8,DCH4,2018-08-02,15:29:32,4247527.0,High,DF,42.062433,-87.978421,Dropoff,D-23.3A,132
RouteID_0036cf37-1c93-48f8-b337-3dd6d1a195d8,DCH4,2018-08-02,15:29:32,4247527.0,High,VX,42.061864,-87.976222,Dropoff,D-23.3A,133
RouteID_0036cf37-1c93-48f8-b337-3dd6d1a195d8,DCH4,2018-08-02,15:29:32,4247527.0,High,TX,42.059824,-87.978839,Dropoff,D-23.3B,134
RouteID_0036cf37-1c93-48f8-b337-3dd6d1a195d8,DCH4,2018-08-02,15:29:32,4247527.0,High,RC,42.059493,-87.978486,Dropoff,D-23.3B,135
RouteID_0036cf37-1c93-48f8-b337-3dd6d1a195d8,DCH4,2018-08-02,15:29:32,4247527.0,High,HL,42.057875,-87.97608,Dropoff,D-23.3B,136
RouteID_0036cf37-1c93-48f8-b337-3dd6d1a195d8,DCH4,2018-08-02,15:29:32,4247527.0,High,TF,42.056923,-87.976718,Dropoff,D-23.3B,137
RouteID_0036cf37-1c93-48f8-b337-3dd6d1a195d8,DCH4,2018-08-02,15:29:32,4247527.0,High,IX,42.055721,-87.974965,Dropoff,D-23.3B,138
RouteID_0036cf37-1c93-48f8-b337-3dd6d1a195d8,DCH4,2018-08-02,15:29:32,4247527.0,High,EI,42.056991,-87.973013,Dropoff,D-23.3B,139
RouteID_0036cf37-1c93-48f8-b337-3dd6d1a195d8,DCH4,2018-08-02,15:29:32,4247527.0,High,HS,42.058221,-87.97377,Dropoff,D-23.3B,140
RouteID_0036cf37-1c93-48f8-b337-3dd6d1a195d8,DCH4,2018-08-02,15:29:32,4247527.0,High,LM,42.059109,-87.973782,Dropoff,D-23.3B,141
RouteID_0036cf37-1c93-48f8-b337-3dd6d1a195d8,DCH4,2018-08-02,15:29:32,4247527.0,High,DG,42.058294,-87.971898,Dropoff,D-23.3B,142
RouteID_0036cf37-1c93-48f8-b337-3dd6d1a195d8,DCH4,2018-08-02,15:29:32,4247527.0,High,IE,42.062172,-87.97259,Dropoff,D-23.3B,143
RouteID_0036cf37-1c93-48f8-b337-3dd6d1a195d8,DCH4,2018-08-02,15:29:32,4247527.0,High,DV,42.056648,-87.968808,Dropoff,D-23.2B,144
RouteID_0036cf37-1c93-48f8-b337-3dd6d1a195d8,DCH4,2018-08-02,15:29:32,4247527.0,High,HI,42.055246,-87.96825,Dropoff,D-23.2B,145
RouteID_0036cf37-1c93-48f8-b337-3dd6d1a195d8,DCH4,2018-08-02,15:29:32,4247527.0,High,LJ,42.054014,-87.968232,Dropoff,D-23.2B,146
RouteID_0036cf37-1c93-48f8-b337-3dd6d1a195d8,DCH4,2018-08-02,15:29:32,4247527.0,High,HG,42.05489,-87.968243,Dropoff,D-23.2B,147
RouteID_0036cf37-1c93-48f8-b337-3dd6d1a195d8,DCH4,2018-08-02,15:29:32,4247527.0,High,HA,42.060582,-87.967872,Dropoff,D-23.2B,148
RouteID_0036cf37-1c93-48f8-b337-3dd6d1a195d8,DCH4,2018-08-02,15:29:32,4247527.0,High,MN,42.061652,-87.96706,Dropoff,D-23.2B,149
RouteID_0036cf37-1c93-48f8-b337-3dd6d1a195d8,DCH4,2018-08-02,15:29:32,4247527.0,High,UD,42.061126,-87.963426,Dropoff,D-23.1B,150
RouteID_0036cf37-1c93-48f8-b337-3dd6d1a195d8,DCH4,2018-08-02,15:29:32,4247527.0,High,UG,42.061143,-87.962472,Dropoff,D-23.1B,151
RouteID_0036cf37-1c93-48f8-b337-3dd6d1a195d8,DCH4,2018-08-02,15:29:32,4247527.0,High,QK,42.061133,-87.96124,Dropoff,D-23.1B,152
RouteID_0036cf37-1c93-48f8-b337-3dd6d1a195d8,DCH4,2018-08-02,15:29:32,4247527.0,High,GH,42.057949,-87.960372,Dropoff,D-23.1B,153
RouteID_0036cf37-1c93-48f8-b337-3dd6d1a195d8,DCH4,2018-08-02,15:29:32,4247527.0,High,EF,42.057863,-87.959526,Dropoff,D-23.1B,154
RouteID_0036cf37-1c93-48f8-b337-3dd6d1a195d8,DCH4,2018-08-02,15:29:32,4247527.0,High,ED,42.058984,-87.962291,Dropoff,D-23.1B,155
RouteID_0036cf37-1c93-48f8-b337-3dd6d1a195d8,DCH4,2018-08-02,15:29:32,4247527.0,High,GO,42.059787,-87.961314,Dropoff,D-23.1B,156
RouteID_0036cf37-1c93-48f8-b337-3dd6d1a195d8,DCH4,2018-08-02,15:29:32,4247527.0,High,RS,42.06011,-87.963766,Dropoff,D-23.1B,157
RouteID_0036cf37-1c93-48f8-b337-3dd6d1a195d8,DCH4,2018-08-02,15:29:32,4247527.0,High,ON,42.060097,-87.964448,Dropoff,D-23.1B,158
RouteID_0036cf37-1c93-48f8-b337-3dd6d1a195d8,DCH4,2018-08-02,15:29:32,4247527.0,High,BE,42.060607,-87.966157,Dropoff,D-23.1B,159
RouteID_0036cf37-1c93-48f8-b337-3dd6d1a195d8,DCH4,2018-08-02,15:29:32,4247527.0,High,KH,42.060054,-87.96654,Dropoff,D-23.1C,160
RouteID_0036cf37-1c93-48f8-b337-3dd6d1a195d8,DCH4,2018-08-02,15:29:32,4247527.0,High,QJ,42.056799,-87.967004,Dropoff,D-23.1C,161
RouteID_0036cf37-1c93-48f8-b337-3dd6d1a195d8,DCH4,2018-08-02,15:29:32,4247527.0,High,HW,42.05666,-87.965707,Dropoff,D-23.1C,162
RouteID_0036cf37-1c93-48f8-b337-3dd6d1a195d8,DCH4,2018-08-02,15:29:32,4247527.0,High,TA,42.057992,-87.964741,Dropoff,D-23.1C,163
RouteID_0036cf37-1c93-48f8-b337-3dd6d1a195d8,DCH4,2018-08-02,15:29:32,4247527.0,High,DU,42.05796,-87.961849,Dropoff,D-23.1C,164
RouteID_0036cf37-1c93-48f8-b337-3dd6d1a195d8,DCH4,2018-08-02,15:29:32,4247527.0,High,YO,42.056187,-87.963365,Dropoff,D-23.1C,165
RouteID_0036cf37-1c93-48f8-b337-3dd6d1a195d8,DCH4,2018-08-02,15:29:32,4247527.0,High,JJ,42.054423,-87.961679,Dropoff,D-23.2C,166
RouteID_0036cf37-1c93-48f8-b337-3dd6d1a195d8,DCH4,2018-08-02,15:29:32,4247527.0,High,KT,42.054351,-87.962595,Dropoff,D-23.2C,167
RouteID_0036cf37-1c93-48f8-b337-3dd6d1a195d8,DCH4,2018-08-02,15:29:32,4247527.0,High,IK,42.05437,-87.964271,Dropoff,D-23.2C,168
RouteID_0036cf37-1c93-48f8-b337-3dd6d1a195d8,DCH4,2018-08-02,15:29:32,4247527.0,High,BY,42.053432,-87.964162,Dropoff,D-23.2C,169
RouteID_0036cf37-1c93-48f8-b337-3dd6d1a195d8,DCH4,2018-08-02,15:29:32,4247527.0,High,JU,42.052856,-87.96181,Dropoff,D-23.2C,170
RouteID_0036cf37-1c93-48f8-b337-3dd6d1a195d8,DCH4,2018-08-02,15:29:32,4247527.0,High,FU,42.052572,-87.962657,Dropoff,D-23.2C,171
RouteID_0036cf37-1c93-48f8-b337-3dd6d1a195d8,DCH4,2018-08-02,15:29:32,4247527.0,High,XT,42.051658,-87.96245,Dropoff,D-23.2C,172
RouteID_0036cf37-1c93-48f8-b337-3dd6d1a195d8,DCH4,2018-08-02,15:29:32,4247527.0,High,ZD,42.05104,-87.96584,Dropoff,D-23.2C,173
RouteID_0036cf37-1c93-48f8-b337-3dd6d1a195d8,DCH4,2018-08-02,15:29:32,4247527.0,High,YW,42.050623,-87.965832,Dropoff,D-23.2C,174
RouteID_0036cf37-1c93-48f8-b337-3dd6d1a195d8,DCH4,2018-08-02,15:29:32,4247527.0,High,RG,42.050464,-87.967072,Dropoff,D-23.2C,175
RouteID_0036cf37-1c93-48f8-b337-3dd6d1a195d8,DCH4,2018-08-02,15:29:32,4247527.0,High,ZW,42.053069,-87.97237,Dropoff,D-23.3C,176
RouteID_0036cf37-1c93-48f8-b337-3dd6d1a195d8,DCH4,2018-08-02,15:29:32,4247527.0,High,KX,42.052537,-87.97237,Dropoff,D-23.3C,177
RouteID_0036cf37-1c93-48f8-b337-3dd6d1a195d8,DCH4,2018-08-02,15:29:32,4247527.0,High,GP,42.055374,-87.973064,Dropoff,D-23.3C,178
RouteID_0036cf37-1c93-48f8-b337-3dd6d1a195d8,DCH4,2018-08-02,15:29:32,4247527.0,High,JN,42.055998,-87.97357,Dropoff,D-23.3C,179
RouteID_0036cf37-1c93-48f8-b337-3dd6d1a195d8,DCH4,2018-08-02,15:29:32,4247527.0,High,QL,42.055828,-87.969741,Dropoff,D-23.3C,180
RouteID_0036cf37-1c93-48f8-b337-3dd6d1a195d8,DCH4,2018-08-02,15:29:32,4247527.0,High,HY,42.056373,-87.970085,Dropoff,D-23.3C,181
RouteID_0036cf37-1c93-48f8-b337-3dd6d1a195d8,DCH4,2018-08-02,15:29:32,4247527.0,High,OU,42.056096,-87.97114,Dropoff,D-23.3C,182
RouteID_0036cf37-1c93-48f8-b337-3dd6d1a195d8,DCH4,2018-08-02,15:29:32,4247527.0,High,DI,42.053892,-87.970072,Dropoff,D-23.3C,183
RouteID_0036cf37-1c93-48f8-b337-3dd6d1a195d8,DCH4,2018-08-02,15:29:32,4247527.0,High,HU,42.049567,-87.970352,Dropoff,D-23.3D,184
RouteID_0036cf37-1c93-48f8-b337-3dd6d1a195d8,DCH4,2018-08-02,15:29:32,4247527.0,High,FV,42.047934,-87.970879,Dropoff,D-23.3D,185
RouteID_0036cf37-1c93-48f8-b337-3dd6d1a195d8,DCH4,2018-08-02,15:29:32,4247527.0,High,YA,42.050233,-87.971914,Dropoff,D-23.3D,186
RouteID_0036cf37-1c93-48f8-b337-3dd6d1a195d8,DCH4,2018-08-02,15:29:32,4247527.0,High,KN,42.048715,-87.969579,Dropoff,D-23.3D,187
RouteID_0036cf37-1c93-48f8-b337-3dd6d1a195d8,DCH4,2018-08-02,15:29:32,4247527.0,High,CL,42.052886,-87.97553,Dropoff,D-23.3D,188
RouteID_0036cf37-1c93-48f8-b337-3dd6d1a195d8,DCH4,2018-08-02,15:29:32,4247527.0,High,SC,42.053215,-87.974222,Dropoff,D-23.3D,189
RouteID_00437423-5a8f-4fac-8efa-85264f0a3944,DBO2,2018-08-01,13:54:08,3313071.0,Medium,TP,42.233353,-71.141617,Station,,0
RouteID_00437423-5a8f-4fac-8efa-85264f0a3944,DBO2,2018-08-01,13:54:08,3313071.0,Medium,KN,42.249041,-71.210771,Dropoff,A-36.2B,1
RouteID_00437423-5a8f-4fac-8efa-85264f0a3944,DBO2,2018-08-01,13:54:08,3313071.0,Medium,DP,42.254233,-71.216526,Dropoff,A-36.2B,2
RouteID_00437423-5a8f-4fac-8efa-85264f0a3944,DBO2,2018-08-01,13:54:08,3313071.0,Medium,VH,42.256885,-71.214323,Dropoff,A-36.2B,3
RouteID_00437423-5a8f-4fac-8efa-85264f0a3944,DBO2,2018-08-01,13:54:08,3313071.0,Medium,PS,42.258308,-71.213865,Dropoff,A-36.2B,4
RouteID_00437423-5a8f-4fac-8efa-85264f0a3944,DBO2,2018-08-01,13:54:08,3313071.0,Medium,XC,42.259569,-71.214063,Dropoff,A-36.2B,5
RouteID_00437423-5a8f-4fac-8efa-85264f0a3944,DBO2,2018-08-01,13:54:08,3313071.0,Medium,GO,42.24467,-71.210984,Dropoff,A-36.3B,6
RouteID_00437423-5a8f-4fac-8efa-85264f0a3944,DBO2,2018-08-01,13:54:08,3313071.0,Medium,LX,42.244611,-71.212023,Dropoff,A-36.3B,7
RouteID_00437423-5a8f-4fac-8efa-85264f0a3944,DBO2,2018-08-01,13:54:08,3313071.0,Medium,ZU,42.244886,-71.214438,Dropoff,A-36.3B,8
RouteID_00437423-5a8f-4fac-8efa-85264f0a3944,DBO2,2018-08-01,13:54:08,3313071.0,Medium,NY,42.243722,-71.220016,Dropoff,A-36.3B,9
RouteID_00437423-5a8f-4fac-8efa-85264f0a3944,DBO2,2018-08-01,13:54:08,3313071.0,Medium,DD,42.239335,-71.22651,Dropoff,A-36.3B,10
RouteID_00437423-5a8f-4fac-8efa-85264f0a3944,DBO2,2018-08-01,13:54:08,3313071.0,Medium,MI,42.243175,-71.225701,Dropoff,A-36.3B,11
RouteID_00437423-5a8f-4fac-8efa-85264f0a3944,DBO2,2018-08-01,13:54:08,3313071.0,Medium,UL,42.239213,-71.219845,Dropoff,A-36.3A,12
RouteID_00437423-5a8f-4fac-8efa-85264f0a3944,DBO2,2018-08-01,13:54:08,3313071.0,Medium,CC,42.236181,-71.221456,Dropoff,A-36.2A,13
RouteID_00437423-5a8f-4fac-8efa-85264f0a3944,DBO2,2018-08-01,13:54:08,3313071.0,Medium,HI,42.232621,-71.221465,Dropoff,A-36.2A,14
RouteID_00437423-5a8f-4fac-8efa-85264f0a3944,DBO2,2018-08-01,13:54:08,3313071.0,Medium,TI,42.23165,-71.221873,Dropoff,A-36.2A,15
RouteID_00437423-5a8f-4fac-8efa-85264f0a3944,DBO2,2018-08-01,13:54:08,3313071.0,Medium,IJ,42.233196,-71.220112,Dropoff,A-36.2A,16
RouteID_00437423-5a8f-4fac-8efa-85264f0a3944,DBO2,2018-08-01,13:54:08,3313071.0,Medium,HY,42.234176,-71.218869,Dropoff,A-36.2A,17
RouteID_00437423-5a8f-4fac-8efa-85264f0a3944,DBO2,2018-08-01,13:54:08,3313071.0,Medium,FZ,42.234699,-71.218701,Dropoff,A-36.2A,18
RouteID_00437423-5a8f-4fac-8efa-85264f0a3944,DBO2,2018-08-01,13:54:08,3313071.0,Medium,AA,42.235457,-71.21844,Dropoff,A-36.2A,19
RouteID_00437423-5a8f-4fac-8efa-85264f0a3944,DBO2,2018-08-01,13:54:08,3313071.0,Medium,XJ,42.231879,-71.212297,Dropoff,A-36.1A,20
RouteID_00437423-5a8f-4fac-8efa-85264f0a3944,DBO2,2018-08-01,13:54:08,3313071.0,Medium,TT,42.232874,-71.209163,Dropoff,A-36.1A,21
RouteID_00437423-5a8f-4fac-8efa-85264f0a3944,DBO2,2018-08-01,13:54:08,3313071.0,Medium,VQ,42.233392,-71.209194,Dropoff,A-36.1A,22
RouteID_00437423-5a8f-4fac-8efa-85264f0a3944,DBO2,2018-08-01,13:54:08,3313071.0,Medium,QI,42.234254,-71.204632,Dropoff,A-36.1A,23
RouteID_00437423-5a8f-4fac-8efa-85264f0a3944,DBO2,2018-08-01,13:54:08,3313071.0,Medium,XS,42.235146,-71.202265,Dropoff,A-36.1A,24
RouteID_00437423-5a8f-4fac-8efa-85264f0a3944,DBO2,2018-08-01,13:54:08,3313071.0,Medium,ID,42.237007,-71.201847,Dropoff,A-36.1A,25
RouteID_00437423-5a8f-4fac-8efa-85264f0a3944,DBO2,2018-08-01,13:54:08,3313071.0,Medium,HS,42.235815,-71.217173,Dropoff,A-36.1A,26
RouteID_00437423-5a8f-4fac-8efa-85264f0a3944,DBO2,2018-08-01,13:54:08,3313071.0,Medium,WL,42.237222,-71.217186,Dropoff,A-36.3A,27
RouteID_00437423-5a8f-4fac-8efa-85264f0a3944,DBO2,2018-08-01,13:54:08,3313071.0,Medium,ER,42.259423,-71.301928,Dropoff,A-36.3K,28
RouteID_00437423-5a8f-4fac-8efa-85264f0a3944,DBO2,2018-08-01,13:54:08,3313071.0,Medium,LZ,42.259293,-71.304775,Dropoff,A-36.3K,29
RouteID_00437423-5a8f-4fac-8efa-85264f0a3944,DBO2,2018-08-01,13:54:08,3313071.0,Medium,JR,42.263902,-71.305971,Dropoff,A-36.3K,30
RouteID_00437423-5a8f-4fac-8efa-85264f0a3944,DBO2,2018-08-01,13:54:08,3313071.0,Medium,DY,42.263716,-71.30373,Dropoff,A-36.3K,31
RouteID_00437423-5a8f-4fac-8efa-85264f0a3944,DBO2,2018-08-01,13:54:08,3313071.0,Medium,RF,42.263039,-71.297512,Dropoff,A-36.2K,32
RouteID_00437423-5a8f-4fac-8efa-85264f0a3944,DBO2,2018-08-01,13:54:08,3313071.0,Medium,NH,42.261856,-71.296896,Dropoff,A-36.2K,33
RouteID_00437423-5a8f-4fac-8efa-85264f0a3944,DBO2,2018-08-01,13:54:08,3313071.0,Medium,TG,42.252983,-71.297275,Dropoff,A-36.2K,34
RouteID_00437423-5a8f-4fac-8efa-85264f0a3944,DBO2,2018-08-01,13:54:08,3313071.0,Medium,AJ,42.252841,-71.297451,Dropoff,A-36.2K,35
RouteID_00437423-5a8f-4fac-8efa-85264f0a3944,DBO2,2018-08-01,13:54:08,3313071.0,Medium,UY,42.250395,-71.297712,Dropoff,A-36.2K,36
RouteID_00437423-5a8f-4fac-8efa-85264f0a3944,DBO2,2018-08-01,13:54:08,3313071.0,Medium,AN,42.230859,-71.307269,Dropoff,A-36.1J,37
RouteID_00437423-5a8f-4fac-8efa-85264f0a3944,DBO2,2018-08-01,13:54:08,3313071.0,Medium,EI,42.235783,-71.321565,Dropoff,A-36.1J,38
RouteID_00437423-5a8f-4fac-8efa-85264f0a3944,DBO2,2018-08-01,13:54:08,3313071.0,Medium,ES,42.238193,-71.320355,Dropoff,A-36.1J,39
RouteID_00437423-5a8f-4fac-8efa-85264f0a3944,DBO2,2018-08-01,13:54:08,3313071.0,Medium,EC,42.243782,-71.324305,Dropoff,A-36.2J,40
RouteID_00437423-5a8f-4fac-8efa-85264f0a3944,DBO2,2018-08-01,13:54:08,3313071.0,Medium,ZC,42.243533,-71.325931,Dropoff,A-36.2J,41
RouteID_00437423-5a8f-4fac-8efa-85264f0a3944,DBO2,2018-08-01,13:54:08,3313071.0,Medium,CY,42.243685,-71.32807,Dropoff,A-36.2J,42
RouteID_00437423-5a8f-4fac-8efa-85264f0a3944,DBO2,2018-08-01,13:54:08,3313071.0,Medium,CE,42.248147,-71.328672,Dropoff,A-36.2J,43
RouteID_00437423-5a8f-4fac-8efa-85264f0a3944,DBO2,2018-08-01,13:54:08,3313071.0,Medium,UC,42.246685,-71.326227,Dropoff,A-36.2J,44
RouteID_00437423-5a8f-4fac-8efa-85264f0a3944,DBO2,2018-08-01,13:54:08,3313071.0,Medium,VI,42.246709,-71.324489,Dropoff,A-36.2J,45
RouteID_00437423-5a8f-4fac-8efa-85264f0a3944,DBO2,2018-08-01,13:54:08,3313071.0,Medium,XB,42.246178,-71.322863,Dropoff,A-36.3J,46
RouteID_00437423-5a8f-4fac-8efa-85264f0a3944,DBO2,2018-08-01,13:54:08,3313071.0,Medium,BD,42.248018,-71.314591,Dropoff,A-36.3J,47
RouteID_00437423-5a8f-4fac-8efa-85264f0a3944,DBO2,2018-08-01,13:54:08,3313071.0,Medium,PL,42.244953,-71.318974,Dropoff,A-36.3J,48
RouteID_00437423-5a8f-4fac-8efa-85264f0a3944,DBO2,2018-08-01,13:54:08,3313071.0,Medium,JK,42.243139,-71.31934,Dropoff,A-36.3J,49
RouteID_00437423-5a8f-4fac-8efa-85264f0a3944,DBO2,2018-08-01,13:54:08,3313071.0,Medium,RW,42.242693,-71.321736,Dropoff,,50
RouteID_00437423-5a8f-4fac-8efa-85264f0a3944,DBO2,2018-08-01,13:54:08,3313071.0,Medium,PA,42.22779,-71.326345,Dropoff,A-36.3H,51
RouteID_00437423-5a8f-4fac-8efa-85264f0a3944,DBO2,2018-08-01,13:54:08,3313071.0,Medium,QH,42.227703,-71.326336,Dropoff,A-36.3H,52
RouteID_00437423-5a8f-4fac-8efa-85264f0a3944,DBO2,2018-08-01,13:54:08,3313071.0,Medium,QM,42.227029,-71.326192,Dropoff,A-36.3H,53
RouteID_00437423-5a8f-4fac-8efa-85264f0a3944,DBO2,2018-08-01,13:54:08,3313071.0,Medium,PE,42.225885,-71.325106,Dropoff,A-36.3H,54
RouteID_00437423-5a8f-4fac-8efa-85264f0a3944,DBO2,2018-08-01,13:54:08,3313071.0,Medium,SF,42.224273,-71.323361,Dropoff,A-36.3H,55
RouteID_00437423-5a8f-4fac-8efa-85264f0a3944,DBO2,2018-08-01,13:54:08,3313071.0,Medium,UH,42.215447,-71.323439,Dropoff,A-36.3H,56
RouteID_00437423-5a8f-4fac-8efa-85264f0a3944,DBO2,2018-08-01,13:54:08,3313071.0,Medium,KL,42.217334,-71.317036,Dropoff,A-36.3H,57
RouteID_00437423-5a8f-4fac-8efa-85264f0a3944,DBO2,2018-08-01,13:54:08,3313071.0,Medium,LT,42.21717,-71.316085,Dropoff,A-36.3H,58
RouteID_00437423-5a8f-4fac-8efa-85264f0a3944,DBO2,2018-08-01,13:54:08,3313071.0,Medium,BJ,42.220122,-71.316981,Dropoff,A-36.3H,59
RouteID_00437423-5a8f-4fac-8efa-85264f0a3944,DBO2,2018-08-01,13:54:08,3313071.0,Medium,ED,42.220285,-71.318157,Dropoff,A-36.3H,60
RouteID_00437423-5a8f-4fac-8efa-85264f0a3944,DBO2,2018-08-01,13:54:08,3313071.0,Medium,LO,42.22419,-71.318312,Dropoff,A-36.2H,61
RouteID_00437423-5a8f-4fac-8efa-85264f0a3944,DBO2,2018-08-01,13:54:08,3313071.0,Medium,LB,42.224855,-71.317756,Dropoff,A-36.2H,62
RouteID_00437423-5a8f-4fac-8efa-85264f0a3944,DBO2,2018-08-01,13:54:08,3313071.0,Medium,AQ,42.222823,-71.309941,Dropoff,A-36.2H,63
RouteID_00437423-5a8f-4fac-8efa-85264f0a3944,DBO2,2018-08-01,13:54:08,3313071.0,Medium,UM,42.217313,-71.303204,Dropoff,A-36.2H,64
RouteID_00437423-5a8f-4fac-8efa-85264f0a3944,DBO2,2018-08-01,13:54:08,3313071.0,Medium,YS,42.219783,-71.302473,Dropoff,A-36.2H,65
RouteID_00437423-5a8f-4fac-8efa-85264f0a3944,DBO2,2018-08-01,13:54:08,3313071.0,Medium,RL,42.222465,-71.300041,Dropoff,A-36.2H,66
RouteID_00437423-5a8f-4fac-8efa-85264f0a3944,DBO2,2018-08-01,13:54:08,3313071.0,Medium,IW,42.227272,-71.294869,Dropoff,A-36.1H,67
RouteID_00437423-5a8f-4fac-8efa-85264f0a3944,DBO2,2018-08-01,13:54:08,3313071.0,Medium,TN,42.239832,-71.282027,Dropoff,A-36.1G,68
RouteID_00437423-5a8f-4fac-8efa-85264f0a3944,DBO2,2018-08-01,13:54:08,3313071.0,Medium,MQ,42.242698,-71.282612,Dropoff,A-36.1G,69
RouteID_00437423-5a8f-4fac-8efa-85264f0a3944,DBO2,2018-08-01,13:54:08,3313071.0,Medium,YO,42.241426,-71.283694,Dropoff,A-36.1G,70
RouteID_00437423-5a8f-4fac-8efa-85264f0a3944,DBO2,2018-08-01,13:54:08,3313071.0,Medium,GH,42.241261,-71.283497,Dropoff,A-36.1G,71
RouteID_00437423-5a8f-4fac-8efa-85264f0a3944,DBO2,2018-08-01,13:54:08,3313071.0,Medium,CU,42.240579,-71.28592,Dropoff,A-36.1G,72
RouteID_00437423-5a8f-4fac-8efa-85264f0a3944,DBO2,2018-08-01,13:54:08,3313071.0,Medium,PI,42.240701,-71.285791,Dropoff,A-36.1G,73
RouteID_00437423-5a8f-4fac-8efa-85264f0a3944,DBO2,2018-08-01,13:54:08,3313071.0,Medium,AT,42.239051,-71.283629,Dropoff,A-36.1G,74
RouteID_00437423-5a8f-4fac-8efa-85264f0a3944,DBO2,2018-08-01,13:54:08,3313071.0,Medium,JX,42.236173,-71.281515,Dropoff,A-36.2G,75
RouteID_00437423-5a8f-4fac-8efa-85264f0a3944,DBO2,2018-08-01,13:54:08,3313071.0,Medium,KC,42.232961,-71.280273,Dropoff,A-36.2G,76
RouteID_00437423-5a8f-4fac-8efa-85264f0a3944,DBO2,2018-08-01,13:54:08,3313071.0,Medium,BH,42.232566,-71.278058,Dropoff,A-36.2G,77
RouteID_00437423-5a8f-4fac-8efa-85264f0a3944,DBO2,2018-08-01,13:54:08,3313071.0,Medium,MK,42.232723,-71.277872,Dropoff,A-36.2G,78
RouteID_00437423-5a8f-4fac-8efa-85264f0a3944,DBO2,2018-08-01,13:54:08,3313071.0,Medium,WG,42.233225,-71.277811,Dropoff,A-36.2G,79
RouteID_00437423-5a8f-4fac-8efa-85264f0a3944,DBO2,2018-08-01,13:54:08,3313071.0,Medium,TB,42.23143,-71.281369,Dropoff,A-36.2G,80
RouteID_00437423-5a8f-4fac-8efa-85264f0a3944,DBO2,2018-08-01,13:54:08,3313071.0,Medium,AY,42.229535,-71.280888,Dropoff,A-36.2G,81
RouteID_00437423-5a8f-4fac-8efa-85264f0a3944,DBO2,2018-08-01,13:54:08,3313071.0,Medium,WZ,42.220175,-71.283816,Dropoff,A-36.3G,82
RouteID_00437423-5a8f-4fac-8efa-85264f0a3944,DBO2,2018-08-01,13:54:08,3313071.0,Medium,JQ,42.217773,-71.285353,Dropoff,A-36.3G,83
RouteID_00437423-5a8f-4fac-8efa-85264f0a3944,DBO2,2018-08-01,13:54:08,3313071.0,Medium,XI,42.216885,-71.286446,Dropoff,A-36.3G,84
RouteID_00437423-5a8f-4fac-8efa-85264f0a3944,DBO2,2018-08-01,13:54:08,3313071.0,Medium,XQ,42.216267,-71.287124,Dropoff,A-36.3G,85
RouteID_00437423-5a8f-4fac-8efa-85264f0a3944,DBO2,2018-08-01,13:54:08,3313071.0,Medium,WA,42.218337,-71.280768,Dropoff,A-36.3G,86
RouteID_00437423-5a8f-4fac-8efa-85264f0a3944,DBO2,2018-08-01,13:54:08,3313071.0,Medium,OQ,42.218579,-71.280317,Dropoff,A-36.3G,87
RouteID_00437423-5a8f-4fac-8efa-85264f0a3944,DBO2,2018-08-01,13:54:08,3313071.0,Medium,AS,42.220177,-71.27929,Dropoff,A-36.3G,88
RouteID_00437423-5a8f-4fac-8efa-85264f0a3944,DBO2,2018-08-01,13:54:08,3313071.0,Medium,JL,42.222246,-71.279588,Dropoff,A-36.3G,89
RouteID_00437423-5a8f-4fac-8efa-85264f0a3944,DBO2,2018-08-01,13:54:08,3313071.0,Medium,PU,42.220338,-71.277516,Dropoff,A-36.3E,90
RouteID_00437423-5a8f-4fac-8efa-85264f0a3944,DBO2,2018-08-01,13:54:08,3313071.0,Medium,FT,42.217512,-71.277145,Dropoff,A-36.3E,91
RouteID_00437423-5a8f-4fac-8efa-85264f0a3944,DBO2,2018-08-01,13:54:08,3313071.0,Medium,KD,42.217888,-71.275425,Dropoff,A-36.3E,92
RouteID_00437423-5a8f-4fac-8efa-85264f0a3944,DBO2,2018-08-01,13:54:08,3313071.0,Medium,CB,42.218324,-71.275383,Dropoff,A-36.3E,93
RouteID_00437423-5a8f-4fac-8efa-85264f0a3944,DBO2,2018-08-01,13:54:08,3313071.0,Medium,RE,42.220375,-71.274556,Dropoff,A-36.3E,94
RouteID_00437423-5a8f-4fac-8efa-85264f0a3944,DBO2,2018-08-01,13:54:08,3313071.0,Medium,SS,42.221998,-71.272231,Dropoff,A-36.3E,95
RouteID_00437423-5a8f-4fac-8efa-85264f0a3944,DBO2,2018-08-01,13:54:08,3313071.0,Medium,CM,42.222287,-71.271768,Dropoff,A-36.3E,96
RouteID_00437423-5a8f-4fac-8efa-85264f0a3944,DBO2,2018-08-01,13:54:08,3313071.0,Medium,AH,42.224309,-71.270562,Dropoff,A-36.2E,97
RouteID_00437423-5a8f-4fac-8efa-85264f0a3944,DBO2,2018-08-01,13:54:08,3313071.0,Medium,RN,42.225971,-71.272947,Dropoff,A-36.2E,98
RouteID_00437423-5a8f-4fac-8efa-85264f0a3944,DBO2,2018-08-01,13:54:08,3313071.0,Medium,GJ,42.225554,-71.272877,Dropoff,A-36.2E,99
RouteID_00437423-5a8f-4fac-8efa-85264f0a3944,DBO2,2018-08-01,13:54:08,3313071.0,Medium,QV,42.224272,-71.273316,Dropoff,A-36.2E,100
RouteID_00437423-5a8f-4fac-8efa-85264f0a3944,DBO2,2018-08-01,13:54:08,3313071.0,Medium,WQ,42.225937,-71.276418,Dropoff,A-36.2E,101
RouteID_00437423-5a8f-4fac-8efa-85264f0a3944,DBO2,2018-08-01,13:54:08,3313071.0,Medium,DR,42.225262,-71.277921,Dropoff,A-36.2E,102
RouteID_00437423-5a8f-4fac-8efa-85264f0a3944,DBO2,2018-08-01,13:54:08,3313071.0,Medium,MJ,42.225566,-71.278145,Dropoff,A-36.2E,103
RouteID_00437423-5a8f-4fac-8efa-85264f0a3944,DBO2,2018-08-01,13:54:08,3313071.0,Medium,LI,42.227068,-71.278377,Dropoff,A-36.2E,104
RouteID_00437423-5a8f-4fac-8efa-85264f0a3944,DBO2,2018-08-01,13:54:08,3313071.0,Medium,IZ,42.227459,-71.276367,Dropoff,A-36.2E,105
RouteID_00437423-5a8f-4fac-8efa-85264f0a3944,DBO2,2018-08-01,13:54:08,3313071.0,Medium,IM,42.228966,-71.275261,Dropoff,A-36.2E,106
RouteID_00437423-5a8f-4fac-8efa-85264f0a3944,DBO2,2018-08-01,13:54:08,3313071.0,Medium,ZP,42.230045,-71.271451,Dropoff,A-36.1E,107
RouteID_00437423-5a8f-4fac-8efa-85264f0a3944,DBO2,2018-08-01,13:54:08,3313071.0,Medium,OE,42.234254,-71.27233,Dropoff,A-36.1E,108
RouteID_00437423-5a8f-4fac-8efa-85264f0a3944,DBO2,2018-08-01,13:54:08,3313071.0,Medium,QS,42.234085,-71.27481,Dropoff,A-36.1E,109
RouteID_00437423-5a8f-4fac-8efa-85264f0a3944,DBO2,2018-08-01,13:54:08,3313071.0,Medium,RH,42.236172,-71.276648,Dropoff,A-36.1E,110
RouteID_00437423-5a8f-4fac-8efa-85264f0a3944,DBO2,2018-08-01,13:54:08,3313071.0,Medium,FC,42.23669,-71.277042,Dropoff,A-36.1E,111
RouteID_00437423-5a8f-4fac-8efa-85264f0a3944,DBO2,2018-08-01,13:54:08,3313071.0,Medium,OL,42.238934,-71.279412,Dropoff,A-36.1E,112
RouteID_00437423-5a8f-4fac-8efa-85264f0a3944,DBO2,2018-08-01,13:54:08,3313071.0,Medium,PD,42.238876,-71.271793,Dropoff,A-36.1D,113
RouteID_00437423-5a8f-4fac-8efa-85264f0a3944,DBO2,2018-08-01,13:54:08,3313071.0,Medium,MN,42.238608,-71.27151,Dropoff,A-36.1D,114
RouteID_00437423-5a8f-4fac-8efa-85264f0a3944,DBO2,2018-08-01,13:54:08,3313071.0,Medium,OK,42.237477,-71.273183,Dropoff,A-36.1D,115
RouteID_00437423-5a8f-4fac-8efa-85264f0a3944,DBO2,2018-08-01,13:54:08,3313071.0,Medium,HW,42.241166,-71.2691,Dropoff,A-36.2D,116
RouteID_00437423-5a8f-4fac-8efa-85264f0a3944,DBO2,2018-08-01,13:54:08,3313071.0,Medium,XA,42.243276,-71.274666,Dropoff,A-36.2D,117
RouteID_00437423-5a8f-4fac-8efa-85264f0a3944,DBO2,2018-08-01,13:54:08,3313071.0,Medium,GM,42.243413,-71.274038,Dropoff,A-36.2D,118
RouteID_00437423-5a8f-4fac-8efa-85264f0a3944,DBO2,2018-08-01,13:54:08,3313071.0,Medium,DH,42.245554,-71.28675,Dropoff,A-36.3D,119
RouteID_00437423-5a8f-4fac-8efa-85264f0a3944,DBO2,2018-08-01,13:54:08,3313071.0,Medium,ZV,42.245747,-71.285162,Dropoff,A-36.3D,120
RouteID_00437423-5a8f-4fac-8efa-85264f0a3944,DBO2,2018-08-01,13:54:08,3313071.0,Medium,BB,42.245386,-71.284204,Dropoff,A-36.3D,121
RouteID_00437423-5a8f-4fac-8efa-85264f0a3944,DBO2,2018-08-01,13:54:08,3313071.0,Medium,BF,42.246769,-71.282098,Dropoff,A-36.3D,122
RouteID_00437423-5a8f-4fac-8efa-85264f0a3944,DBO2,2018-08-01,13:54:08,3313071.0,Medium,KY,42.248469,-71.284689,Dropoff,A-36.3D,123
RouteID_00437423-5a8f-4fac-8efa-85264f0a3944,DBO2,2018-08-01,13:54:08,3313071.0,Medium,BM,42.250747,-71.284607,Dropoff,A-36.3D,124
RouteID_00437423-5a8f-4fac-8efa-85264f0a3944,DBO2,2018-08-01,13:54:08,3313071.0,Medium,EL,42.249557,-71.282498,Dropoff,A-36.3C,125
RouteID_00437423-5a8f-4fac-8efa-85264f0a3944,DBO2,2018-08-01,13:54:08,3313071.0,Medium,WR,42.249563,-71.281701,Dropoff,A-36.3C,126
RouteID_00437423-5a8f-4fac-8efa-85264f0a3944,DBO2,2018-08-01,13:54:08,3313071.0,Medium,XR,42.249229,-71.281069,Dropoff,A-36.3C,127
RouteID_00437423-5a8f-4fac-8efa-85264f0a3944,DBO2,2018-08-01,13:54:08,3313071.0,Medium,KU,42.250238,-71.278176,Dropoff,A-36.3C,128
RouteID_00437423-5a8f-4fac-8efa-85264f0a3944,DBO2,2018-08-01,13:54:08,3313071.0,Medium,OU,42.25087,-71.278015,Dropoff,A-36.3C,129
RouteID_00437423-5a8f-4fac-8efa-85264f0a3944,DBO2,2018-08-01,13:54:08,3313071.0,Medium,OM,42.248159,-71.27835,Dropoff,A-36.3C,130
RouteID_00437423-5a8f-4fac-8efa-85264f0a3944,DBO2,2018-08-01,13:54:08,3313071.0,Medium,TO,42.248207,-71.278534,Dropoff,A-36.3C,131
RouteID_00437423-5a8f-4fac-8efa-85264f0a3944,DBO2,2018-08-01,13:54:08,3313071.0,Medium,DM,42.246707,-71.279429,Dropoff,A-36.3C,132
RouteID_00437423-5a8f-4fac-8efa-85264f0a3944,DBO2,2018-08-01,13:54:08,3313071.0,Medium,IE,42.245819,-71.276896,Dropoff,A-36.3C,133
RouteID_00437423-5a8f-4fac-8efa-85264f0a3944,DBO2,2018-08-01,13:54:08,3313071.0,Medium,YJ,42.247146,-71.275903,Dropoff,A-36.3C,134
RouteID_00437423-5a8f-4fac-8efa-85264f0a3944,DBO2,2018-08-01,13:54:08,3313071.0,Medium,CO,42.24732,-71.274718,Dropoff,A-36.3C,135
RouteID_00437423-5a8f-4fac-8efa-85264f0a3944,DBO2,2018-08-01,13:54:08,3313071.0,Medium,FW,42.248124,-71.273452,Dropoff,A-36.3C,136
RouteID_00437423-5a8f-4fac-8efa-85264f0a3944,DBO2,2018-08-01,13:54:08,3313071.0,Medium,SW,42.24901,-71.277131,Dropoff,A-36.2C,137
RouteID_00437423-5a8f-4fac-8efa-85264f0a3944,DBO2,2018-08-01,13:54:08,3313071.0,Medium,NJ,42.249916,-71.276197,Dropoff,A-36.2C,138
RouteID_00437423-5a8f-4fac-8efa-85264f0a3944,DBO2,2018-08-01,13:54:08,3313071.0,Medium,FY,42.253577,-71.27282,Dropoff,A-36.2C,139
RouteID_00437423-5a8f-4fac-8efa-85264f0a3944,DBO2,2018-08-01,13:54:08,3313071.0,Medium,SR,42.258456,-71.274191,Dropoff,A-36.2C,140
RouteID_00437423-5a8f-4fac-8efa-85264f0a3944,DBO2,2018-08-01,13:54:08,3313071.0,Medium,CZ,42.253226,-71.271201,Dropoff,A-36.2C,141
RouteID_00437423-5a8f-4fac-8efa-85264f0a3944,DBO2,2018-08-01,13:54:08,3313071.0,Medium,WX,42.251227,-71.2707,Dropoff,A-36.2C,142
RouteID_00437423-5a8f-4fac-8efa-85264f0a3944,DBO2,2018-08-01,13:54:08,3313071.0,Medium,RQ,42.250229,-71.267699,Dropoff,A-36.2C,143
RouteID_00437423-5a8f-4fac-8efa-85264f0a3944,DBO2,2018-08-01,13:54:08,3313071.0,Medium,TW,42.251475,-71.265859,Dropoff,A-36.2C,144
RouteID_00437423-5a8f-4fac-8efa-85264f0a3944,DBO2,2018-08-01,13:54:08,3313071.0,Medium,QD,42.252005,-71.26562,Dropoff,A-36.2C,145
RouteID_00437423-5a8f-4fac-8efa-85264f0a3944,DBO2,2018-08-01,13:54:08,3313071.0,Medium,TC,42.25541,-71.264242,Dropoff,A-36.1C,146
RouteID_00437423-5a8f-4fac-8efa-85264f0a3944,DBO2,2018-08-01,13:54:08,3313071.0,Medium,BO,42.256127,-71.263989,Dropoff,A-36.1C,147
RouteID_00437423-5a8f-4fac-8efa-85264f0a3944,DBO2,2018-08-01,13:54:08,3313071.0,Medium,PP,42.249732,-71.248947,Dropoff,A-36.1C,148
RouteID_00437423-5a8f-4fac-8efa-85264f0a3944,DBO2,2018-08-01,13:54:08,3313071.0,Medium,SP,42.243593,-71.247581,Dropoff,A-36.1C,149
RouteID_00437423-5a8f-4fac-8efa-85264f0a3944,DBO2,2018-08-01,13:54:08,3313071.0,Medium,WP,42.248861,-71.243834,Dropoff,A-36.1C,150
RouteID_00437423-5a8f-4fac-8efa-85264f0a3944,DBO2,2018-08-01,13:54:08,3313071.0,Medium,PJ,42.251833,-71.231471,Dropoff,A-36.1B,151
RouteID_00437423-5a8f-4fac-8efa-85264f0a3944,DBO2,2018-08-01,13:54:08,3313071.0,Medium,SC,42.251093,-71.229082,Dropoff,A-36.1B,152
RouteID_00437423-5a8f-4fac-8efa-85264f0a3944,DBO2,2018-08-01,13:54:08,3313071.0,Medium,JD,42.247669,-71.229801,Dropoff,A-36.1B,153
RouteID_00437423-5a8f-4fac-8efa-85264f0a3944,DBO2,2018-08-01,13:54:08,3313071.0,Medium,XW,42.243212,-71.231878,Dropoff,A-36.1B,154
RouteID_00437423-5a8f-4fac-8efa-85264f0a3944,DBO2,2018-08-01,13:54:08,3313071.0,Medium,CK,42.244735,-71.23315,Dropoff,A-36.1B,155
RouteID_00437423-5a8f-4fac-8efa-85264f0a3944,DBO2,2018-08-01,13:54:08,3313071.0,Medium,YZ,42.246111,-71.221871,Dropoff,A-36.1B,156
RouteID_00437423-5a8f-4fac-8efa-85264f0a3944,DBO2,2018-08-01,13:54:08,3313071.0,Medium,QU,42.23931,-71.214989,Dropoff,A-36.3A,157
RouteID_00437423-5a8f-4fac-8efa-85264f0a3944,DBO2,2018-08-01,13:54:08,3313071.0,Medium,OY,42.238407,-71.212644,Dropoff,A-36.3A,158
RouteID_00437423-5a8f-4fac-8efa-85264f0a3944,DBO2,2018-08-01,13:54:08,3313071.0,Medium,GF,42.237126,-71.209015,Dropoff,A-36.3A,159
RouteID_00437423-5a8f-4fac-8efa-85264f0a3944,DBO2,2018-08-01,13:54:08,3313071.0,Medium,NX,42.23714,-71.209079,Dropoff,A-36.3A,160
RouteID_00573a3d-b909-42ee-8a99-c6474309d96b,DBO3,2018-08-13,11:23:24,4247527.0,Medium,EX,42.139891,-71.494346,Station,,0
RouteID_00573a3d-b909-42ee-8a99-c6474309d96b,DBO3,2018-08-13,11:23:24,4247527.0,Medium,LW,42.006124,-71.252892,Dropoff,C-24.3E,1
RouteID_00573a3d-b909-42ee-8a99-c6474309d96b,DBO3,2018-08-13,11:23:24,4247527.0,Medium,NH,42.007697,-71.252549,Dropoff,C-24.3E,2
RouteID_00573a3d-b909-42ee-8a99-c6474309d96b,DBO3,2018-08-13,11:23:24,4247527.0,Medium,GT,42.011327,-71.252923,Dropoff,C-24.3E,3
RouteID_00573a3d-b909-42ee-8a99-c6474309d96b,DBO3,2018-08-13,11:23:24,4247527.0,Medium,AZ,42.010617,-71.255417,Dropoff,C-24.3E,4
RouteID_00573a3d-b909-42ee-8a99-c6474309d96b,DBO3,2018-08-13,11:23:24,4247527.0,Medium,QQ,42.010485,-71.256182,Dropoff,C-24.3E,5
RouteID_00573a3d-b909-42ee-8a99-c6474309d96b,DBO3,2018-08-13,11:23:24,4247527.0,Medium,LK,42.010895,-71.256343,Dropoff,C-24.3E,6
RouteID_00573a3d-b909-42ee-8a99-c6474309d96b,DBO3,2018-08-13,11:23:24,4247527.0,Medium,AB,42.011851,-71.256697,Dropoff,C-24.3E,7
RouteID_00573a3d-b909-42ee-8a99-c6474309d96b,DBO3,2018-08-13,11:23:24,4247527.0,Medium,SV,42.014684,-71.257783,Dropoff,C-24.3E,8
RouteID_00573a3d-b909-42ee-8a99-c6474309d96b,DBO3,2018-08-13,11:23:24,4247527.0,Medium,PT,42.013891,-71.257484,Dropoff,C-24.3E,9
RouteID_00573a3d-b909-42ee-8a99-c6474309d96b,DBO3,2018-08-13,11:23:24,4247527.0,Medium,LQ,42.014441,-71.255947,Dropoff,C-24.3E,10
RouteID_00573a3d-b909-42ee-8a99-c6474309d96b,DBO3,2018-08-13,11:23:24,4247527.0,Medium,TD,42.016165,-71.256625,Dropoff,C-24.3E,11
RouteID_00573a3d-b909-42ee-8a99-c6474309d96b,DBO3,2018-08-13,11:23:24,4247527.0,Medium,NI,42.016343,-71.258408,Dropoff,C-24.3E,12
RouteID_00573a3d-b909-42ee-8a99-c6474309d96b,DBO3,2018-08-13,11:23:24,4247527.0,Medium,PE,42.015083,-71.262399,Dropoff,,13
RouteID_00573a3d-b909-42ee-8a99-c6474309d96b,DBO3,2018-08-13,11:23:24,4247527.0,Medium,TL,42.015167,-71.260514,Dropoff,C-24.3E,14
RouteID_00573a3d-b909-42ee-8a99-c6474309d96b,DBO3,2018-08-13,11:23:24,4247527.0,Medium,KD,42.019752,-71.259822,Dropoff,C-24.2E,15
RouteID_00573a3d-b909-42ee-8a99-c6474309d96b,DBO3,2018-08-13,11:23:24,4247527.0,Medium,SS,42.022193,-71.260922,Dropoff,C-24.2E,16
RouteID_00573a3d-b909-42ee-8a99-c6474309d96b,DBO3,2018-08-13,11:23:24,4247527.0,Medium,AL,42.01918,-71.263638,Dropoff,C-24.2E,17
RouteID_00573a3d-b909-42ee-8a99-c6474309d96b,DBO3,2018-08-13,11:23:24,4247527.0,Medium,DE,42.018913,-71.264228,Dropoff,C-24.2E,18
RouteID_00573a3d-b909-42ee-8a99-c6474309d96b,DBO3,2018-08-13,11:23:24,4247527.0,Medium,NR,42.022598,-71.257141,Dropoff,C-24.2E,19
RouteID_00573a3d-b909-42ee-8a99-c6474309d96b,DBO3,2018-08-13,11:23:24,4247527.0,Medium,MF,42.02288,-71.253569,Dropoff,C-24.2E,20
RouteID_00573a3d-b909-42ee-8a99-c6474309d96b,DBO3,2018-08-13,11:23:24,4247527.0,Medium,EB,42.024881,-71.250984,Dropoff,C-24.2E,21
RouteID_00573a3d-b909-42ee-8a99-c6474309d96b,DBO3,2018-08-13,11:23:24,4247527.0,Medium,HA,42.030368,-71.24309,Dropoff,C-24.1E,22
RouteID_00573a3d-b909-42ee-8a99-c6474309d96b,DBO3,2018-08-13,11:23:24,4247527.0,Medium,SQ,42.028868,-71.241409,Dropoff,C-24.1E,23
RouteID_00573a3d-b909-42ee-8a99-c6474309d96b,DBO3,2018-08-13,11:23:24,4247527.0,Medium,PN,42.028037,-71.239948,Dropoff,C-24.1E,24
RouteID_00573a3d-b909-42ee-8a99-c6474309d96b,DBO3,2018-08-13,11:23:24,4247527.0,Medium,PQ,42.035005,-71.238594,Dropoff,C-24.1E,25
RouteID_00573a3d-b909-42ee-8a99-c6474309d96b,DBO3,2018-08-13,11:23:24,4247527.0,Medium,GU,42.032037,-71.239911,Dropoff,C-24.1E,26
RouteID_00573a3d-b909-42ee-8a99-c6474309d96b,DBO3,2018-08-13,11:23:24,4247527.0,Medium,HB,42.032305,-71.244526,Dropoff,C-24.1E,27
RouteID_00573a3d-b909-42ee-8a99-c6474309d96b,DBO3,2018-08-13,11:23:24,4247527.0,Medium,RN,42.016167,-71.26615,Dropoff,C-24.3G,28
RouteID_00573a3d-b909-42ee-8a99-c6474309d96b,DBO3,2018-08-13,11:23:24,4247527.0,Medium,ZK,42.016347,-71.268374,Dropoff,C-24.3G,29
RouteID_00573a3d-b909-42ee-8a99-c6474309d96b,DBO3,2018-08-13,11:23:24,4247527.0,Medium,OS,42.013427,-71.265391,Dropoff,C-24.3G,30
RouteID_00573a3d-b909-42ee-8a99-c6474309d96b,DBO3,2018-08-13,11:23:24,4247527.0,Medium,IP,42.011904,-71.26576,Dropoff,C-24.3G,31
RouteID_00573a3d-b909-42ee-8a99-c6474309d96b,DBO3,2018-08-13,11:23:24,4247527.0,Medium,IA,42.011508,-71.261417,Dropoff,C-24.3G,32
RouteID_00573a3d-b909-42ee-8a99-c6474309d96b,DBO3,2018-08-13,11:23:24,4247527.0,Medium,KH,42.011071,-71.260595,Dropoff,C-24.3G,33
RouteID_00573a3d-b909-42ee-8a99-c6474309d96b,DBO3,2018-08-13,11:23:24,4247527.0,Medium,JB,42.007668,-71.259837,Dropoff,C-24.3G,34
RouteID_00573a3d-b909-42ee-8a99-c6474309d96b,DBO3,2018-08-13,11:23:24,4247527.0,Medium,AO,42.006388,-71.258199,Dropoff,C-24.3G,35
RouteID_00573a3d-b909-42ee-8a99-c6474309d96b,DBO3,2018-08-13,11:23:24,4247527.0,Medium,EG,42.003351,-71.256524,Dropoff,C-24.3G,36
RouteID_00573a3d-b909-42ee-8a99-c6474309d96b,DBO3,2018-08-13,11:23:24,4247527.0,Medium,YJ,41.995485,-71.251492,Dropoff,C-24.3H,37
RouteID_00573a3d-b909-42ee-8a99-c6474309d96b,DBO3,2018-08-13,11:23:24,4247527.0,Medium,GI,41.997528,-71.255367,Dropoff,C-24.3H,38
RouteID_00573a3d-b909-42ee-8a99-c6474309d96b,DBO3,2018-08-13,11:23:24,4247527.0,Medium,PD,41.968596,-71.25676,Dropoff,C-23.2G,39
RouteID_00573a3d-b909-42ee-8a99-c6474309d96b,DBO3,2018-08-13,11:23:24,4247527.0,Medium,RH,41.968289,-71.257136,Dropoff,C-23.2G,40
RouteID_00573a3d-b909-42ee-8a99-c6474309d96b,DBO3,2018-08-13,11:23:24,4247527.0,Medium,AW,41.967999,-71.249707,Dropoff,C-23.2G,41
RouteID_00573a3d-b909-42ee-8a99-c6474309d96b,DBO3,2018-08-13,11:23:24,4247527.0,Medium,SM,41.968864,-71.249479,Dropoff,C-23.2G,42
RouteID_00573a3d-b909-42ee-8a99-c6474309d96b,DBO3,2018-08-13,11:23:24,4247527.0,Medium,VG,41.974679,-71.248461,Dropoff,C-23.2G,43
RouteID_00573a3d-b909-42ee-8a99-c6474309d96b,DBO3,2018-08-13,11:23:24,4247527.0,Medium,VT,41.976557,-71.248035,Dropoff,C-23.1G,44
RouteID_00573a3d-b909-42ee-8a99-c6474309d96b,DBO3,2018-08-13,11:23:24,4247527.0,Medium,CO,41.984924,-71.254235,Dropoff,C-23.1G,45
RouteID_00573a3d-b909-42ee-8a99-c6474309d96b,DBO3,2018-08-13,11:23:24,4247527.0,Medium,UA,41.979268,-71.250086,Dropoff,C-23.1G,46
RouteID_00573a3d-b909-42ee-8a99-c6474309d96b,DBO3,2018-08-13,11:23:24,4247527.0,Medium,FM,41.974048,-71.245051,Dropoff,C-23.1G,47
RouteID_00573a3d-b909-42ee-8a99-c6474309d96b,DBO3,2018-08-13,11:23:24,4247527.0,Medium,DZ,41.967737,-71.2469,Dropoff,C-23.1G,48
RouteID_00573a3d-b909-42ee-8a99-c6474309d96b,DBO3,2018-08-13,11:23:24,4247527.0,Medium,OY,41.966565,-71.248932,Dropoff,C-23.1G,49
RouteID_00573a3d-b909-42ee-8a99-c6474309d96b,DBO3,2018-08-13,11:23:24,4247527.0,Medium,BE,41.964831,-71.242447,Dropoff,C-23.1H,50
RouteID_00573a3d-b909-42ee-8a99-c6474309d96b,DBO3,2018-08-13,11:23:24,4247527.0,Medium,MZ,41.964846,-71.24396,Dropoff,C-23.1H,51
RouteID_00573a3d-b909-42ee-8a99-c6474309d96b,DBO3,2018-08-13,11:23:24,4247527.0,Medium,BG,41.963863,-71.244446,Dropoff,C-23.1H,52
RouteID_00573a3d-b909-42ee-8a99-c6474309d96b,DBO3,2018-08-13,11:23:24,4247527.0,Medium,XA,41.963277,-71.24337,Dropoff,C-23.1H,53
RouteID_00573a3d-b909-42ee-8a99-c6474309d96b,DBO3,2018-08-13,11:23:24,4247527.0,Medium,MG,41.964974,-71.239866,Dropoff,C-23.1H,54
RouteID_00573a3d-b909-42ee-8a99-c6474309d96b,DBO3,2018-08-13,11:23:24,4247527.0,Medium,RM,41.963367,-71.240558,Dropoff,C-23.1H,55
RouteID_00573a3d-b909-42ee-8a99-c6474309d96b,DBO3,2018-08-13,11:23:24,4247527.0,Medium,EE,41.963341,-71.240542,Dropoff,C-23.1H,56
RouteID_00573a3d-b909-42ee-8a99-c6474309d96b,DBO3,2018-08-13,11:23:24,4247527.0,Medium,LT,41.961838,-71.239818,Dropoff,C-23.1H,57
RouteID_00573a3d-b909-42ee-8a99-c6474309d96b,DBO3,2018-08-13,11:23:24,4247527.0,Medium,XF,41.960619,-71.243693,Dropoff,C-23.1H,58
RouteID_00573a3d-b909-42ee-8a99-c6474309d96b,DBO3,2018-08-13,11:23:24,4247527.0,Medium,RQ,41.959512,-71.243554,Dropoff,C-23.1H,59
RouteID_00573a3d-b909-42ee-8a99-c6474309d96b,DBO3,2018-08-13,11:23:24,4247527.0,Medium,JY,41.960337,-71.243699,Dropoff,C-23.1H,60
RouteID_00573a3d-b909-42ee-8a99-c6474309d96b,DBO3,2018-08-13,11:23:24,4247527.0,Medium,PL,41.96233,-71.24047,Dropoff,C-23.1H,61
RouteID_00573a3d-b909-42ee-8a99-c6474309d96b,DBO3,2018-08-13,11:23:24,4247527.0,Medium,AG,41.964901,-71.23499,Dropoff,C-23.2H,62
RouteID_00573a3d-b909-42ee-8a99-c6474309d96b,DBO3,2018-08-13,11:23:24,4247527.0,Medium,LY,41.964161,-71.229546,Dropoff,C-23.2H,63
RouteID_00573a3d-b909-42ee-8a99-c6474309d96b,DBO3,2018-08-13,11:23:24,4247527.0,Medium,ZY,41.965212,-71.230582,Dropoff,C-23.2H,64
RouteID_00573a3d-b909-42ee-8a99-c6474309d96b,DBO3,2018-08-13,11:23:24,4247527.0,Medium,GN,41.963645,-71.230597,Dropoff,C-23.2H,65
RouteID_00573a3d-b909-42ee-8a99-c6474309d96b,DBO3,2018-08-13,11:23:24,4247527.0,Medium,EI,41.963906,-71.237363,Dropoff,C-23.2H,66
RouteID_00573a3d-b909-42ee-8a99-c6474309d96b,DBO3,2018-08-13,11:23:24,4247527.0,Medium,DA,41.963662,-71.237743,Dropoff,C-23.2H,67
RouteID_00573a3d-b909-42ee-8a99-c6474309d96b,DBO3,2018-08-13,11:23:24,4247527.0,Medium,VC,41.960741,-71.237304,Dropoff,C-23.2H,68
RouteID_00573a3d-b909-42ee-8a99-c6474309d96b,DBO3,2018-08-13,11:23:24,4247527.0,Medium,NO,41.951149,-71.229138,Dropoff,C-23.2H,69
RouteID_00573a3d-b909-42ee-8a99-c6474309d96b,DBO3,2018-08-13,11:23:24,4247527.0,Medium,QD,41.953435,-71.231785,Dropoff,C-23.2H,70
RouteID_00573a3d-b909-42ee-8a99-c6474309d96b,DBO3,2018-08-13,11:23:24,4247527.0,Medium,NA,41.957165,-71.241135,Dropoff,C-23.2H,71
RouteID_00573a3d-b909-42ee-8a99-c6474309d96b,DBO3,2018-08-13,11:23:24,4247527.0,Medium,FW,41.955085,-71.24027,Dropoff,C-23.2H,72
RouteID_00573a3d-b909-42ee-8a99-c6474309d96b,DBO3,2018-08-13,11:23:24,4247527.0,Medium,OW,41.953534,-71.236041,Dropoff,C-23.3H,73
RouteID_00573a3d-b909-42ee-8a99-c6474309d96b,DBO3,2018-08-13,11:23:24,4247527.0,Medium,GH,41.952764,-71.23497,Dropoff,C-23.3H,74
RouteID_00573a3d-b909-42ee-8a99-c6474309d96b,DBO3,2018-08-13,11:23:24,4247527.0,Medium,YX,41.951041,-71.234248,Dropoff,C-23.3H,75
RouteID_00573a3d-b909-42ee-8a99-c6474309d96b,DBO3,2018-08-13,11:23:24,4247527.0,Medium,SP,41.950767,-71.233346,Dropoff,C-23.3H,76
RouteID_00573a3d-b909-42ee-8a99-c6474309d96b,DBO3,2018-08-13,11:23:24,4247527.0,Medium,DC,41.953839,-71.221789,Dropoff,C-23.3H,77
RouteID_00573a3d-b909-42ee-8a99-c6474309d96b,DBO3,2018-08-13,11:23:24,4247527.0,Medium,DX,41.953977,-71.218998,Dropoff,C-23.3H,78
RouteID_00573a3d-b909-42ee-8a99-c6474309d96b,DBO3,2018-08-13,11:23:24,4247527.0,Medium,KC,41.968654,-71.226803,Dropoff,C-23.3J,79
RouteID_00573a3d-b909-42ee-8a99-c6474309d96b,DBO3,2018-08-13,11:23:24,4247527.0,Medium,BD,41.968034,-71.227672,Dropoff,C-23.3J,80
RouteID_00573a3d-b909-42ee-8a99-c6474309d96b,DBO3,2018-08-13,11:23:24,4247527.0,Medium,XU,41.971654,-71.227491,Dropoff,C-23.3J,81
RouteID_00573a3d-b909-42ee-8a99-c6474309d96b,DBO3,2018-08-13,11:23:24,4247527.0,Medium,TS,41.967562,-71.23595,Dropoff,C-23.3J,82
RouteID_00573a3d-b909-42ee-8a99-c6474309d96b,DBO3,2018-08-13,11:23:24,4247527.0,Medium,QY,41.976462,-71.234908,Dropoff,C-23.2J,83
RouteID_00573a3d-b909-42ee-8a99-c6474309d96b,DBO3,2018-08-13,11:23:24,4247527.0,Medium,GQ,41.977008,-71.234253,Dropoff,C-23.2J,84
RouteID_00573a3d-b909-42ee-8a99-c6474309d96b,DBO3,2018-08-13,11:23:24,4247527.0,Medium,CK,41.978397,-71.239017,Dropoff,C-23.2J,85
RouteID_00573a3d-b909-42ee-8a99-c6474309d96b,DBO3,2018-08-13,11:23:24,4247527.0,Medium,LF,41.978919,-71.239858,Dropoff,C-23.2J,86
RouteID_00573a3d-b909-42ee-8a99-c6474309d96b,DBO3,2018-08-13,11:23:24,4247527.0,Medium,WU,41.979613,-71.239571,Dropoff,C-23.2J,87
RouteID_00573a3d-b909-42ee-8a99-c6474309d96b,DBO3,2018-08-13,11:23:24,4247527.0,Medium,IF,41.976113,-71.240136,Dropoff,C-23.2J,88
RouteID_00573a3d-b909-42ee-8a99-c6474309d96b,DBO3,2018-08-13,11:23:24,4247527.0,Medium,QJ,41.977657,-71.235942,Dropoff,C-23.2J,89
RouteID_00573a3d-b909-42ee-8a99-c6474309d96b,DBO3,2018-08-13,11:23:24,4247527.0,Medium,FK,41.978591,-71.235357,Dropoff,C-23.2J,90
RouteID_00573a3d-b909-42ee-8a99-c6474309d96b,DBO3,2018-08-13,11:23:24,4247527.0,Medium,TQ,41.978344,-71.235175,Dropoff,C-23.2J,91
RouteID_00573a3d-b909-42ee-8a99-c6474309d96b,DBO3,2018-08-13,11:23:24,4247527.0,Medium,WG,41.980956,-71.235587,Dropoff,C-23.2J,92
RouteID_00573a3d-b909-42ee-8a99-c6474309d96b,DBO3,2018-08-13,11:23:24,4247527.0,Medium,AY,41.980864,-71.236354,Dropoff,C-23.2J,93
RouteID_00573a3d-b909-42ee-8a99-c6474309d96b,DBO3,2018-08-13,11:23:24,4247527.0,Medium,VE,41.983678,-71.237255,Dropoff,C-23.1J,94
RouteID_00573a3d-b909-42ee-8a99-c6474309d96b,DBO3,2018-08-13,11:23:24,4247527.0,Medium,VH,41.983751,-71.236995,Dropoff,C-23.1J,95
RouteID_00573a3d-b909-42ee-8a99-c6474309d96b,DBO3,2018-08-13,11:23:24,4247527.0,Medium,KB,41.984645,-71.235149,Dropoff,C-23.1J,96
RouteID_00573a3d-b909-42ee-8a99-c6474309d96b,DBO3,2018-08-13,11:23:24,4247527.0,Medium,IL,41.984838,-71.242918,Dropoff,C-23.1J,97
RouteID_00573a3d-b909-42ee-8a99-c6474309d96b,DBO3,2018-08-13,11:23:24,4247527.0,Medium,DF,41.983016,-71.244291,Dropoff,C-23.1J,98
RouteID_00573a3d-b909-42ee-8a99-c6474309d96b,DBO3,2018-08-13,11:23:24,4247527.0,Medium,MI,41.980817,-71.243209,Dropoff,C-23.1J,99
RouteID_00573a3d-b909-42ee-8a99-c6474309d96b,DBO3,2018-08-13,11:23:24,4247527.0,Medium,CY,41.982774,-71.242427,Dropoff,C-23.1J,100
RouteID_00573a3d-b909-42ee-8a99-c6474309d96b,DBO3,2018-08-13,11:23:24,4247527.0,Medium,GJ,41.983161,-71.24227,Dropoff,C-23.1J,101
RouteID_00573a3d-b909-42ee-8a99-c6474309d96b,DBO3,2018-08-13,11:23:24,4247527.0,Medium,XB,41.984391,-71.241772,Dropoff,C-23.1J,102
RouteID_00573a3d-b909-42ee-8a99-c6474309d96b,DBO3,2018-08-13,11:23:24,4247527.0,Medium,LS,41.989457,-71.241446,Dropoff,C-24.1J,103
RouteID_00573a3d-b909-42ee-8a99-c6474309d96b,DBO3,2018-08-13,11:23:24,4247527.0,Medium,MH,41.99022,-71.242456,Dropoff,C-24.1J,104
RouteID_00573a3d-b909-42ee-8a99-c6474309d96b,DBO3,2018-08-13,11:23:24,4247527.0,Medium,JK,41.993627,-71.240282,Dropoff,C-24.1J,105
RouteID_00573a3d-b909-42ee-8a99-c6474309d96b,DBO3,2018-08-13,11:23:24,4247527.0,Medium,NT,41.993933,-71.239351,Dropoff,C-24.1J,106
RouteID_00573a3d-b909-42ee-8a99-c6474309d96b,DBO3,2018-08-13,11:23:24,4247527.0,Medium,IO,41.992326,-71.237957,Dropoff,C-24.1J,107
RouteID_00573a3d-b909-42ee-8a99-c6474309d96b,DBO3,2018-08-13,11:23:24,4247527.0,Medium,YW,41.991278,-71.239595,Dropoff,C-24.1J,108
RouteID_00573a3d-b909-42ee-8a99-c6474309d96b,DBO3,2018-08-13,11:23:24,4247527.0,Medium,FZ,41.991461,-71.241856,Dropoff,C-24.1J,109
RouteID_00573a3d-b909-42ee-8a99-c6474309d96b,DBO3,2018-08-13,11:23:24,4247527.0,Medium,MP,41.996123,-71.242657,Dropoff,C-24.2J,110
RouteID_00573a3d-b909-42ee-8a99-c6474309d96b,DBO3,2018-08-13,11:23:24,4247527.0,Medium,OB,41.996415,-71.23988,Dropoff,C-24.2J,111
RouteID_00573a3d-b909-42ee-8a99-c6474309d96b,DBO3,2018-08-13,11:23:24,4247527.0,Medium,HY,41.998061,-71.242593,Dropoff,C-24.2J,112
RouteID_00573a3d-b909-42ee-8a99-c6474309d96b,DBO3,2018-08-13,11:23:24,4247527.0,Medium,PI,42.000507,-71.244306,Dropoff,C-24.2J,113
RouteID_00573a3d-b909-42ee-8a99-c6474309d96b,DBO3,2018-08-13,11:23:24,4247527.0,Medium,XM,42.004249,-71.243577,Dropoff,C-24.2J,114
RouteID_00573a3d-b909-42ee-8a99-c6474309d96b,DBO3,2018-08-13,11:23:24,4247527.0,Medium,OR,42.003969,-71.243355,Dropoff,C-24.2J,115
RouteID_00573a3d-b909-42ee-8a99-c6474309d96b,DBO3,2018-08-13,11:23:24,4247527.0,Medium,BZ,42.003811,-71.243474,Dropoff,C-24.2J,116
RouteID_00573a3d-b909-42ee-8a99-c6474309d96b,DBO3,2018-08-13,11:23:24,4247527.0,Medium,KJ,42.007323,-71.247328,Dropoff,C-24.2J,117
RouteID_00573a3d-b909-42ee-8a99-c6474309d96b,DBO3,2018-08-13,11:23:24,4247527.0,Medium,NU,42.007285,-71.246036,Dropoff,C-24.2J,118
RouteID_00573a3d-b909-42ee-8a99-c6474309d96b,DBO3,2018-08-13,11:23:24,4247527.0,Medium,WP,42.001419,-71.243186,Dropoff,C-24.2J,119
RouteID_00573a3d-b909-42ee-8a99-c6474309d96b,DBO3,2018-08-13,11:23:24,4247527.0,Medium,TW,41.998043,-71.245351,Dropoff,C-24.3J,120
RouteID_00573a3d-b909-42ee-8a99-c6474309d96b,DBO3,2018-08-13,11:23:24,4247527.0,Medium,TT,41.996671,-71.247356,Dropoff,C-24.3J,121
RouteID_00573a3d-b909-42ee-8a99-c6474309d96b,DBO3,2018-08-13,11:23:24,4247527.0,Medium,JE,41.994963,-71.247809,Dropoff,C-24.3J,122
RouteID_00573a3d-b909-42ee-8a99-c6474309d96b,DBO3,2018-08-13,11:23:24,4247527.0,Medium,VZ,41.992999,-71.251883,Dropoff,C-24.3J,123
RouteID_00573a3d-b909-42ee-8a99-c6474309d96b,DBO3,2018-08-13,11:23:24,4247527.0,Medium,IG,41.992657,-71.251698,Dropoff,C-24.3J,124
RouteID_00573a3d-b909-42ee-8a99-c6474309d96b,DBO3,2018-08-13,11:23:24,4247527.0,Medium,RG,41.990788,-71.251994,Dropoff,C-24.3J,125
RouteID_00573a3d-b909-42ee-8a99-c6474309d96b,DBO3,2018-08-13,11:23:24,4247527.0,Medium,GK,41.993349,-71.264143,Dropoff,C-24.3J,126
RouteID_00573a3d-b909-42ee-8a99-c6474309d96b,DBO3,2018-08-13,11:23:24,4247527.0,Medium,FR,41.993213,-71.264411,Dropoff,C-24.3J,127
RouteID_00573a3d-b909-42ee-8a99-c6474309d96b,DBO3,2018-08-13,11:23:24,4247527.0,Medium,MT,41.996148,-71.266274,Dropoff,C-24.2H,128
RouteID_00573a3d-b909-42ee-8a99-c6474309d96b,DBO3,2018-08-13,11:23:24,4247527.0,Medium,ZL,41.996917,-71.274288,Dropoff,C-24.2H,129
RouteID_00573a3d-b909-42ee-8a99-c6474309d96b,DBO3,2018-08-13,11:23:24,4247527.0,Medium,PX,41.998663,-71.272872,Dropoff,C-24.2H,130
RouteID_00573a3d-b909-42ee-8a99-c6474309d96b,DBO3,2018-08-13,11:23:24,4247527.0,Medium,KV,42.002135,-71.265535,Dropoff,C-24.1H,131
RouteID_00573a3d-b909-42ee-8a99-c6474309d96b,DBO3,2018-08-13,11:23:24,4247527.0,Medium,NN,42.001926,-71.266416,Dropoff,C-24.1H,132
RouteID_00573a3d-b909-42ee-8a99-c6474309d96b,DBO3,2018-08-13,11:23:24,4247527.0,Medium,UH,42.000368,-71.268432,Dropoff,C-24.1H,133
RouteID_00573a3d-b909-42ee-8a99-c6474309d96b,DBO3,2018-08-13,11:23:24,4247527.0,Medium,XL,42.003673,-71.268526,Dropoff,C-24.1H,134
RouteID_00573a3d-b909-42ee-8a99-c6474309d96b,DBO3,2018-08-13,11:23:24,4247527.0,Medium,AQ,42.003831,-71.265654,Dropoff,C-24.1H,135
RouteID_00573a3d-b909-42ee-8a99-c6474309d96b,DBO3,2018-08-13,11:23:24,4247527.0,Medium,WC,42.004552,-71.263972,Dropoff,C-24.1H,136
RouteID_00573a3d-b909-42ee-8a99-c6474309d96b,DBO3,2018-08-13,11:23:24,4247527.0,Medium,DS,42.005834,-71.261801,Dropoff,C-24.1H,137
RouteID_00573a3d-b909-42ee-8a99-c6474309d96b,DBO3,2018-08-13,11:23:24,4247527.0,Medium,HL,42.006528,-71.265637,Dropoff,C-24.1H,138
RouteID_00573a3d-b909-42ee-8a99-c6474309d96b,DBO3,2018-08-13,11:23:24,4247527.0,Medium,YG,42.006494,-71.264554,Dropoff,C-24.1H,139
RouteID_00573a3d-b909-42ee-8a99-c6474309d96b,DBO3,2018-08-13,11:23:24,4247527.0,Medium,QV,42.006814,-71.263969,Dropoff,C-24.1H,140
RouteID_00573a3d-b909-42ee-8a99-c6474309d96b,DBO3,2018-08-13,11:23:24,4247527.0,Medium,TO,42.009322,-71.263843,Dropoff,C-24.2G,141
RouteID_00573a3d-b909-42ee-8a99-c6474309d96b,DBO3,2018-08-13,11:23:24,4247527.0,Medium,WO,42.009704,-71.266063,Dropoff,C-24.2G,142
RouteID_00573a3d-b909-42ee-8a99-c6474309d96b,DBO3,2018-08-13,11:23:24,4247527.0,Medium,QZ,42.0089,-71.266852,Dropoff,C-24.2G,143
RouteID_00573a3d-b909-42ee-8a99-c6474309d96b,DBO3,2018-08-13,11:23:24,4247527.0,Medium,PF,42.00631,-71.269352,Dropoff,C-24.2G,144
RouteID_00573a3d-b909-42ee-8a99-c6474309d96b,DBO3,2018-08-13,11:23:24,4247527.0,Medium,OH,42.006309,-71.269818,Dropoff,C-24.2G,145
RouteID_00573a3d-b909-42ee-8a99-c6474309d96b,DBO3,2018-08-13,11:23:24,4247527.0,Medium,ZX,42.003376,-71.270074,Dropoff,C-24.2G,146
RouteID_00573a3d-b909-42ee-8a99-c6474309d96b,DBO3,2018-08-13,11:23:24,4247527.0,Medium,IM,42.00352,-71.270112,Dropoff,C-24.2G,147
RouteID_00573a3d-b909-42ee-8a99-c6474309d96b,DBO3,2018-08-13,11:23:24,4247527.0,Medium,UD,42.002353,-71.271045,Dropoff,C-24.1G,148
RouteID_00573a3d-b909-42ee-8a99-c6474309d96b,DBO3,2018-08-13,11:23:24,4247527.0,Medium,SZ,42.002188,-71.276711,Dropoff,C-24.1G,149
RouteID_00573a3d-b909-42ee-8a99-c6474309d96b,DBO3,2018-08-13,11:23:24,4247527.0,Medium,ZJ,42.005011,-71.277005,Dropoff,C-24.1G,150
RouteID_00573a3d-b909-42ee-8a99-c6474309d96b,DBO3,2018-08-13,11:23:24,4247527.0,Medium,JJ,41.996751,-71.2817,Dropoff,C-24.1G,151
RouteID_00573a3d-b909-42ee-8a99-c6474309d96b,DBO3,2018-08-13,11:23:24,4247527.0,Medium,YV,41.995403,-71.281302,Dropoff,C-24.1G,152
RouteID_00573a3d-b909-42ee-8a99-c6474309d96b,DBO3,2018-08-13,11:23:24,4247527.0,Medium,CM,42.005356,-71.282877,Dropoff,C-24.1G,153
RouteID_00573a3d-b909-42ee-8a99-c6474309d96b,DBO3,2018-08-13,11:23:24,4247527.0,Medium,VF,42.006278,-71.28049,Dropoff,C-24.1G,154
RouteID_00575a14-7d19-4291-8853-8f7095ed1bc6,DSE5,2018-08-04,15:00:44,3313071.0,Medium,ZP,47.464945,-122.231073,Station,,0
RouteID_00575a14-7d19-4291-8853-8f7095ed1bc6,DSE5,2018-08-04,15:00:44,3313071.0,Medium,BV,47.496453,-122.352514,Dropoff,B-7.1G,1
RouteID_00575a14-7d19-4291-8853-8f7095ed1bc6,DSE5,2018-08-04,15:00:44,3313071.0,Medium,YS,47.497768,-122.353533,Dropoff,B-7.1G,2
RouteID_00575a14-7d19-4291-8853-8f7095ed1bc6,DSE5,2018-08-04,15:00:44,3313071.0,Medium,KQ,47.498806,-122.352536,Dropoff,B-7.1G,3
RouteID_00575a14-7d19-4291-8853-8f7095ed1bc6,DSE5,2018-08-04,15:00:44,3313071.0,Medium,UW,47.499343,-122.353852,Dropoff,B-7.1G,4
RouteID_00575a14-7d19-4291-8853-8f7095ed1bc6,DSE5,2018-08-04,15:00:44,3313071.0,Medium,XQ,47.50099,-122.353185,Dropoff,B-7.1G,5
RouteID_00575a14-7d19-4291-8853-8f7095ed1bc6,DSE5,2018-08-04,15:00:44,3313071.0,Medium,OH,47.501013,-122.352124,Dropoff,B-7.1G,6
RouteID_00575a14-7d19-4291-8853-8f7095ed1bc6,DSE5,2018-08-04,15:00:44,3313071.0,Medium,VG,47.502877,-122.350616,Dropoff,B-7.1G,7
RouteID_00575a14-7d19-4291-8853-8f7095ed1bc6,DSE5,2018-08-04,15:00:44,3313071.0,Medium,IV,47.503656,-122.354109,Dropoff,B-7.1G,8
RouteID_00575a14-7d19-4291-8853-8f7095ed1bc6,DSE5,2018-08-04,15:00:44,3313071.0,Medium,UR,47.501364,-122.35717,Dropoff,B-7.1G,9
RouteID_00575a14-7d19-4291-8853-8f7095ed1bc6,DSE5,2018-08-04,15:00:44,3313071.0,Medium,OO,47.500505,-122.357848,Dropoff,B-7.1G,10
RouteID_00575a14-7d19-4291-8853-8f7095ed1bc6,DSE5,2018-08-04,15:00:44,3313071.0,Medium,HK,47.498226,-122.356798,Dropoff,B-7.2G,11
RouteID_00575a14-7d19-4291-8853-8f7095ed1bc6,DSE5,2018-08-04,15:00:44,3313071.0,Medium,QO,47.498061,-122.357878,Dropoff,B-7.2G,12
RouteID_00575a14-7d19-4291-8853-8f7095ed1bc6,DSE5,2018-08-04,15:00:44,3313071.0,Medium,LM,47.495998,-122.357515,Dropoff,B-7.2G,13
RouteID_00575a14-7d19-4291-8853-8f7095ed1bc6,DSE5,2018-08-04,15:00:44,3313071.0,Medium,BZ,47.495666,-122.357408,Dropoff,B-7.2G,14
RouteID_00575a14-7d19-4291-8853-8f7095ed1bc6,DSE5,2018-08-04,15:00:44,3313071.0,Medium,DU,47.49644,-122.359559,Dropoff,B-7.2G,15
RouteID_00575a14-7d19-4291-8853-8f7095ed1bc6,DSE5,2018-08-04,15:00:44,3313071.0,Medium,OT,47.497662,-122.360579,Dropoff,B-7.2G,16
RouteID_00575a14-7d19-4291-8853-8f7095ed1bc6,DSE5,2018-08-04,15:00:44,3313071.0,Medium,IA,47.497349,-122.36095,Dropoff,B-7.2G,17
RouteID_00575a14-7d19-4291-8853-8f7095ed1bc6,DSE5,2018-08-04,15:00:44,3313071.0,Medium,HW,47.496499,-122.364771,Dropoff,B-7.2G,18
RouteID_00575a14-7d19-4291-8853-8f7095ed1bc6,DSE5,2018-08-04,15:00:44,3313071.0,Medium,DN,47.4965,-122.363799,Dropoff,B-7.2G,19
RouteID_00575a14-7d19-4291-8853-8f7095ed1bc6,DSE5,2018-08-04,15:00:44,3313071.0,Medium,HI,47.496572,-122.363194,Dropoff,B-7.2G,20
RouteID_00575a14-7d19-4291-8853-8f7095ed1bc6,DSE5,2018-08-04,15:00:44,3313071.0,Medium,AD,47.496292,-122.363204,Dropoff,B-7.2G,21
RouteID_00575a14-7d19-4291-8853-8f7095ed1bc6,DSE5,2018-08-04,15:00:44,3313071.0,Medium,RR,47.495898,-122.363219,Dropoff,B-7.2G,22
RouteID_00575a14-7d19-4291-8853-8f7095ed1bc6,DSE5,2018-08-04,15:00:44,3313071.0,Medium,DV,47.49613,-122.361812,Dropoff,B-7.2G,23
RouteID_00575a14-7d19-4291-8853-8f7095ed1bc6,DSE5,2018-08-04,15:00:44,3313071.0,Medium,BW,47.495521,-122.360025,Dropoff,B-7.2G,24
RouteID_00575a14-7d19-4291-8853-8f7095ed1bc6,DSE5,2018-08-04,15:00:44,3313071.0,Medium,YZ,47.494989,-122.360611,Dropoff,B-7.2G,25
RouteID_00575a14-7d19-4291-8853-8f7095ed1bc6,DSE5,2018-08-04,15:00:44,3313071.0,Medium,JV,47.494467,-122.360835,Dropoff,B-7.2G,26
RouteID_00575a14-7d19-4291-8853-8f7095ed1bc6,DSE5,2018-08-04,15:00:44,3313071.0,Medium,KC,47.491301,-122.366332,Dropoff,B-7.3G,27
RouteID_00575a14-7d19-4291-8853-8f7095ed1bc6,DSE5,2018-08-04,15:00:44,3313071.0,Medium,NJ,47.490223,-122.364766,Dropoff,B-7.3G,28
RouteID_00575a14-7d19-4291-8853-8f7095ed1bc6,DSE5,2018-08-04,15:00:44,3313071.0,Medium,KU,47.487127,-122.362391,Dropoff,B-7.3G,29
RouteID_00575a14-7d19-4291-8853-8f7095ed1bc6,DSE5,2018-08-04,15:00:44,3313071.0,Medium,UY,47.485796,-122.361223,Dropoff,B-7.3G,30
RouteID_00575a14-7d19-4291-8853-8f7095ed1bc6,DSE5,2018-08-04,15:00:44,3313071.0,Medium,KD,47.489458,-122.359882,Dropoff,B-7.3G,31
RouteID_00575a14-7d19-4291-8853-8f7095ed1bc6,DSE5,2018-08-04,15:00:44,3313071.0,Medium,SB,47.489213,-122.360807,Dropoff,B-7.3G,32
RouteID_00575a14-7d19-4291-8853-8f7095ed1bc6,DSE5,2018-08-04,15:00:44,3313071.0,Medium,PN,47.488773,-122.362684,Dropoff,B-7.3G,33
RouteID_00575a14-7d19-4291-8853-8f7095ed1bc6,DSE5,2018-08-04,15:00:44,3313071.0,Medium,UC,47.492609,-122.366434,Dropoff,B-7.3G,34
RouteID_00575a14-7d19-4291-8853-8f7095ed1bc6,DSE5,2018-08-04,15:00:44,3313071.0,Medium,HQ,47.493602,-122.36798,Dropoff,B-7.3G,35
RouteID_00575a14-7d19-4291-8853-8f7095ed1bc6,DSE5,2018-08-04,15:00:44,3313071.0,Medium,LX,47.493935,-122.368494,Dropoff,B-7.3G,36
RouteID_00575a14-7d19-4291-8853-8f7095ed1bc6,DSE5,2018-08-04,15:00:44,3313071.0,Medium,GS,47.494597,-122.371518,Dropoff,B-7.3G,37
RouteID_00575a14-7d19-4291-8853-8f7095ed1bc6,DSE5,2018-08-04,15:00:44,3313071.0,Medium,VT,47.495391,-122.373357,Dropoff,B-7.3G,38
RouteID_00575a14-7d19-4291-8853-8f7095ed1bc6,DSE5,2018-08-04,15:00:44,3313071.0,Medium,MV,47.488249,-122.361122,Dropoff,B-7.3G,39
RouteID_00575a14-7d19-4291-8853-8f7095ed1bc6,DSE5,2018-08-04,15:00:44,3313071.0,Medium,RZ,47.495067,-122.368128,Dropoff,B-7.3E,40
RouteID_00575a14-7d19-4291-8853-8f7095ed1bc6,DSE5,2018-08-04,15:00:44,3313071.0,Medium,NA,47.496941,-122.372419,Dropoff,B-7.3E,41
RouteID_00575a14-7d19-4291-8853-8f7095ed1bc6,DSE5,2018-08-04,15:00:44,3313071.0,Medium,HF,47.495859,-122.371046,Dropoff,B-7.3E,42
RouteID_00575a14-7d19-4291-8853-8f7095ed1bc6,DSE5,2018-08-04,15:00:44,3313071.0,Medium,FQ,47.496777,-122.371039,Dropoff,B-7.3E,43
RouteID_00575a14-7d19-4291-8853-8f7095ed1bc6,DSE5,2018-08-04,15:00:44,3313071.0,Medium,EB,47.496206,-122.36979,Dropoff,B-7.3E,44
RouteID_00575a14-7d19-4291-8853-8f7095ed1bc6,DSE5,2018-08-04,15:00:44,3313071.0,Medium,YG,47.495671,-122.369068,Dropoff,B-7.3E,45
RouteID_00575a14-7d19-4291-8853-8f7095ed1bc6,DSE5,2018-08-04,15:00:44,3313071.0,Medium,VL,47.495826,-122.367947,Dropoff,B-7.3E,46
RouteID_00575a14-7d19-4291-8853-8f7095ed1bc6,DSE5,2018-08-04,15:00:44,3313071.0,Medium,DL,47.496239,-122.366922,Dropoff,B-7.3E,47
RouteID_00575a14-7d19-4291-8853-8f7095ed1bc6,DSE5,2018-08-04,15:00:44,3313071.0,Medium,EH,47.493791,-122.365985,Dropoff,B-7.3E,48
RouteID_00575a14-7d19-4291-8853-8f7095ed1bc6,DSE5,2018-08-04,15:00:44,3313071.0,Medium,XP,47.494309,-122.3645,Dropoff,B-7.3E,49
RouteID_00575a14-7d19-4291-8853-8f7095ed1bc6,DSE5,2018-08-04,15:00:44,3313071.0,Medium,GH,47.49419,-122.361532,Dropoff,B-7.3E,50
RouteID_00575a14-7d19-4291-8853-8f7095ed1bc6,DSE5,2018-08-04,15:00:44,3313071.0,Medium,XA,47.495053,-122.363652,Dropoff,B-7.3E,51
RouteID_00575a14-7d19-4291-8853-8f7095ed1bc6,DSE5,2018-08-04,15:00:44,3313071.0,Medium,TF,47.496658,-122.362363,Dropoff,B-7.2E,52
RouteID_00575a14-7d19-4291-8853-8f7095ed1bc6,DSE5,2018-08-04,15:00:44,3313071.0,Medium,AB,47.498528,-122.363164,Dropoff,B-7.2E,53
RouteID_00575a14-7d19-4291-8853-8f7095ed1bc6,DSE5,2018-08-04,15:00:44,3313071.0,Medium,YH,47.499665,-122.363187,Dropoff,B-7.2E,54
RouteID_00575a14-7d19-4291-8853-8f7095ed1bc6,DSE5,2018-08-04,15:00:44,3313071.0,Medium,VD,47.500991,-122.36449,Dropoff,B-7.2E,55
RouteID_00575a14-7d19-4291-8853-8f7095ed1bc6,DSE5,2018-08-04,15:00:44,3313071.0,Medium,TG,47.502592,-122.365762,Dropoff,B-7.2E,56
RouteID_00575a14-7d19-4291-8853-8f7095ed1bc6,DSE5,2018-08-04,15:00:44,3313071.0,Medium,QZ,47.500169,-122.365815,Dropoff,B-7.2E,57
RouteID_00575a14-7d19-4291-8853-8f7095ed1bc6,DSE5,2018-08-04,15:00:44,3313071.0,Medium,UD,47.496092,-122.365883,Dropoff,B-7.2E,58
RouteID_00575a14-7d19-4291-8853-8f7095ed1bc6,DSE5,2018-08-04,15:00:44,3313071.0,Medium,ZK,47.497708,-122.365862,Dropoff,B-7.2E,59
RouteID_00575a14-7d19-4291-8853-8f7095ed1bc6,DSE5,2018-08-04,15:00:44,3313071.0,Medium,MB,47.498534,-122.36585,Dropoff,B-7.2E,60
RouteID_00575a14-7d19-4291-8853-8f7095ed1bc6,DSE5,2018-08-04,15:00:44,3313071.0,Medium,RO,47.498999,-122.36584,Dropoff,B-7.2E,61
RouteID_00575a14-7d19-4291-8853-8f7095ed1bc6,DSE5,2018-08-04,15:00:44,3313071.0,Medium,BL,47.500371,-122.367243,Dropoff,B-7.2E,62
RouteID_00575a14-7d19-4291-8853-8f7095ed1bc6,DSE5,2018-08-04,15:00:44,3313071.0,Medium,VH,47.499687,-122.369001,Dropoff,B-7.1E,63
RouteID_00575a14-7d19-4291-8853-8f7095ed1bc6,DSE5,2018-08-04,15:00:44,3313071.0,Medium,JJ,47.499418,-122.369742,Dropoff,B-7.1E,64
RouteID_00575a14-7d19-4291-8853-8f7095ed1bc6,DSE5,2018-08-04,15:00:44,3313071.0,Medium,AU,47.49811,-122.370332,Dropoff,B-7.1E,65
RouteID_00575a14-7d19-4291-8853-8f7095ed1bc6,DSE5,2018-08-04,15:00:44,3313071.0,Medium,XR,47.498705,-122.371014,Dropoff,B-7.1E,66
RouteID_00575a14-7d19-4291-8853-8f7095ed1bc6,DSE5,2018-08-04,15:00:44,3313071.0,Medium,UA,47.498738,-122.37219,Dropoff,B-7.1E,67
RouteID_00575a14-7d19-4291-8853-8f7095ed1bc6,DSE5,2018-08-04,15:00:44,3313071.0,Medium,AV,47.498154,-122.372429,Dropoff,B-7.1E,68
RouteID_00575a14-7d19-4291-8853-8f7095ed1bc6,DSE5,2018-08-04,15:00:44,3313071.0,Medium,QB,47.500775,-122.372402,Dropoff,B-7.1E,69
RouteID_00575a14-7d19-4291-8853-8f7095ed1bc6,DSE5,2018-08-04,15:00:44,3313071.0,Medium,IJ,47.501254,-122.371788,Dropoff,B-7.1E,70
RouteID_00575a14-7d19-4291-8853-8f7095ed1bc6,DSE5,2018-08-04,15:00:44,3313071.0,Medium,OY,47.50108,-122.370146,Dropoff,B-7.1E,71
RouteID_00575a14-7d19-4291-8853-8f7095ed1bc6,DSE5,2018-08-04,15:00:44,3313071.0,Medium,AY,47.500517,-122.368793,Dropoff,B-7.1E,72
RouteID_00575a14-7d19-4291-8853-8f7095ed1bc6,DSE5,2018-08-04,15:00:44,3313071.0,Medium,NE,47.501001,-122.367284,Dropoff,B-7.1E,73
RouteID_00575a14-7d19-4291-8853-8f7095ed1bc6,DSE5,2018-08-04,15:00:44,3313071.0,Medium,HP,47.502173,-122.368367,Dropoff,B-7.1E,74
RouteID_00575a14-7d19-4291-8853-8f7095ed1bc6,DSE5,2018-08-04,15:00:44,3313071.0,Medium,KX,47.503519,-122.36931,Dropoff,B-7.1E,75
RouteID_00575a14-7d19-4291-8853-8f7095ed1bc6,DSE5,2018-08-04,15:00:44,3313071.0,Medium,BS,47.504242,-122.369411,Dropoff,B-7.1E,76
RouteID_00575a14-7d19-4291-8853-8f7095ed1bc6,DSE5,2018-08-04,15:00:44,3313071.0,Medium,MN,47.504609,-122.367957,Dropoff,B-7.1D,77
RouteID_00575a14-7d19-4291-8853-8f7095ed1bc6,DSE5,2018-08-04,15:00:44,3313071.0,Medium,OA,47.50461,-122.367635,Dropoff,B-7.1D,78
RouteID_00575a14-7d19-4291-8853-8f7095ed1bc6,DSE5,2018-08-04,15:00:44,3313071.0,Medium,NK,47.50461,-122.366555,Dropoff,B-7.1D,79
RouteID_00575a14-7d19-4291-8853-8f7095ed1bc6,DSE5,2018-08-04,15:00:44,3313071.0,Medium,HO,47.503438,-122.36576,Dropoff,B-7.1D,80
RouteID_00575a14-7d19-4291-8853-8f7095ed1bc6,DSE5,2018-08-04,15:00:44,3313071.0,Medium,VW,47.502799,-122.364889,Dropoff,B-7.1D,81
RouteID_00575a14-7d19-4291-8853-8f7095ed1bc6,DSE5,2018-08-04,15:00:44,3313071.0,Medium,UE,47.502042,-122.364165,Dropoff,B-7.1D,82
RouteID_00575a14-7d19-4291-8853-8f7095ed1bc6,DSE5,2018-08-04,15:00:44,3313071.0,Medium,ZS,47.502641,-122.362149,Dropoff,B-7.1D,83
RouteID_00575a14-7d19-4291-8853-8f7095ed1bc6,DSE5,2018-08-04,15:00:44,3313071.0,Medium,VZ,47.504493,-122.363353,Dropoff,B-7.1D,84
RouteID_00575a14-7d19-4291-8853-8f7095ed1bc6,DSE5,2018-08-04,15:00:44,3313071.0,Medium,LB,47.50588,-122.364275,Dropoff,B-7.1D,85
RouteID_00575a14-7d19-4291-8853-8f7095ed1bc6,DSE5,2018-08-04,15:00:44,3313071.0,Medium,AP,47.506565,-122.364291,Dropoff,B-7.1D,86
RouteID_00575a14-7d19-4291-8853-8f7095ed1bc6,DSE5,2018-08-04,15:00:44,3313071.0,Medium,OD,47.507239,-122.364309,Dropoff,B-7.1D,87
RouteID_00575a14-7d19-4291-8853-8f7095ed1bc6,DSE5,2018-08-04,15:00:44,3313071.0,Medium,NZ,47.508134,-122.36469,Dropoff,B-7.1D,88
RouteID_00575a14-7d19-4291-8853-8f7095ed1bc6,DSE5,2018-08-04,15:00:44,3313071.0,Medium,NH,47.508121,-122.363011,Dropoff,B-7.1D,89
RouteID_00575a14-7d19-4291-8853-8f7095ed1bc6,DSE5,2018-08-04,15:00:44,3313071.0,Medium,RM,47.506279,-122.365795,Dropoff,B-7.1D,90
RouteID_00575a14-7d19-4291-8853-8f7095ed1bc6,DSE5,2018-08-04,15:00:44,3313071.0,Medium,MQ,47.505872,-122.369374,Dropoff,B-7.1D,91
RouteID_00575a14-7d19-4291-8853-8f7095ed1bc6,DSE5,2018-08-04,15:00:44,3313071.0,Medium,WO,47.505135,-122.368361,Dropoff,B-7.1D,92
RouteID_00575a14-7d19-4291-8853-8f7095ed1bc6,DSE5,2018-08-04,15:00:44,3313071.0,Medium,RW,47.505968,-122.368354,Dropoff,B-7.1D,93
RouteID_00575a14-7d19-4291-8853-8f7095ed1bc6,DSE5,2018-08-04,15:00:44,3313071.0,Medium,GA,47.506879,-122.368354,Dropoff,B-7.1D,94
RouteID_00575a14-7d19-4291-8853-8f7095ed1bc6,DSE5,2018-08-04,15:00:44,3313071.0,Medium,LH,47.507462,-122.37342,Dropoff,B-7.2D,95
RouteID_00575a14-7d19-4291-8853-8f7095ed1bc6,DSE5,2018-08-04,15:00:44,3313071.0,Medium,EE,47.50532,-122.37349,Dropoff,B-7.2D,96
RouteID_00575a14-7d19-4291-8853-8f7095ed1bc6,DSE5,2018-08-04,15:00:44,3313071.0,Medium,ZM,47.506138,-122.374604,Dropoff,B-7.2D,97
RouteID_00575a14-7d19-4291-8853-8f7095ed1bc6,DSE5,2018-08-04,15:00:44,3313071.0,Medium,PE,47.506858,-122.374705,Dropoff,B-7.2D,98
RouteID_00575a14-7d19-4291-8853-8f7095ed1bc6,DSE5,2018-08-04,15:00:44,3313071.0,Medium,MZ,47.509027,-122.374662,Dropoff,B-7.2D,99
RouteID_00575a14-7d19-4291-8853-8f7095ed1bc6,DSE5,2018-08-04,15:00:44,3313071.0,Medium,SM,47.509615,-122.375885,Dropoff,B-7.2D,100
RouteID_00575a14-7d19-4291-8853-8f7095ed1bc6,DSE5,2018-08-04,15:00:44,3313071.0,Medium,ZJ,47.50859,-122.375933,Dropoff,B-7.2D,101
RouteID_00575a14-7d19-4291-8853-8f7095ed1bc6,DSE5,2018-08-04,15:00:44,3313071.0,Medium,BC,47.508215,-122.380231,Dropoff,B-7.2D,102
RouteID_00575a14-7d19-4291-8853-8f7095ed1bc6,DSE5,2018-08-04,15:00:44,3313071.0,Medium,ZU,47.508228,-122.378481,Dropoff,B-7.2D,103
RouteID_00575a14-7d19-4291-8853-8f7095ed1bc6,DSE5,2018-08-04,15:00:44,3313071.0,Medium,AG,47.508222,-122.377615,Dropoff,B-7.2D,104
RouteID_00575a14-7d19-4291-8853-8f7095ed1bc6,DSE5,2018-08-04,15:00:44,3313071.0,Medium,ET,47.507865,-122.375958,Dropoff,B-7.3D,105
RouteID_00575a14-7d19-4291-8853-8f7095ed1bc6,DSE5,2018-08-04,15:00:44,3313071.0,Medium,QG,47.506239,-122.377661,Dropoff,B-7.3D,106
RouteID_00575a14-7d19-4291-8853-8f7095ed1bc6,DSE5,2018-08-04,15:00:44,3313071.0,Medium,OV,47.505301,-122.377658,Dropoff,B-7.3D,107
RouteID_00575a14-7d19-4291-8853-8f7095ed1bc6,DSE5,2018-08-04,15:00:44,3313071.0,Medium,ED,47.506428,-122.379393,Dropoff,B-7.3D,108
RouteID_00575a14-7d19-4291-8853-8f7095ed1bc6,DSE5,2018-08-04,15:00:44,3313071.0,Medium,WT,47.507317,-122.38072,Dropoff,B-7.3D,109
RouteID_00575a14-7d19-4291-8853-8f7095ed1bc6,DSE5,2018-08-04,15:00:44,3313071.0,Medium,XO,47.507364,-122.383042,Dropoff,B-7.3D,110
RouteID_00575a14-7d19-4291-8853-8f7095ed1bc6,DSE5,2018-08-04,15:00:44,3313071.0,Medium,LC,47.507384,-122.385476,Dropoff,B-7.3D,111
RouteID_00575a14-7d19-4291-8853-8f7095ed1bc6,DSE5,2018-08-04,15:00:44,3313071.0,Medium,QX,47.505619,-122.380573,Dropoff,B-7.3D,112
RouteID_00575a14-7d19-4291-8853-8f7095ed1bc6,DSE5,2018-08-04,15:00:44,3313071.0,Medium,RY,47.50469,-122.379493,Dropoff,B-7.3D,113
RouteID_00575a14-7d19-4291-8853-8f7095ed1bc6,DSE5,2018-08-04,15:00:44,3313071.0,Medium,PD,47.504055,-122.377023,Dropoff,B-7.3D,114
RouteID_00575a14-7d19-4291-8853-8f7095ed1bc6,DSE5,2018-08-04,15:00:44,3313071.0,Medium,RX,47.504977,-122.376773,Dropoff,B-7.3D,115
RouteID_00575a14-7d19-4291-8853-8f7095ed1bc6,DSE5,2018-08-04,15:00:44,3313071.0,Medium,ZE,47.504737,-122.376074,Dropoff,B-7.3D,116
RouteID_00575a14-7d19-4291-8853-8f7095ed1bc6,DSE5,2018-08-04,15:00:44,3313071.0,Medium,CU,47.5038,-122.375833,Dropoff,B-7.3D,117
RouteID_00575a14-7d19-4291-8853-8f7095ed1bc6,DSE5,2018-08-04,15:00:44,3313071.0,Medium,NI,47.503121,-122.374784,Dropoff,B-7.3D,118
RouteID_00575a14-7d19-4291-8853-8f7095ed1bc6,DSE5,2018-08-04,15:00:44,3313071.0,Medium,DT,47.503302,-122.376127,Dropoff,B-7.3D,119
RouteID_00575a14-7d19-4291-8853-8f7095ed1bc6,DSE5,2018-08-04,15:00:44,3313071.0,Medium,SO,47.503548,-122.376113,Dropoff,B-7.3D,120
RouteID_00575a14-7d19-4291-8853-8f7095ed1bc6,DSE5,2018-08-04,15:00:44,3313071.0,Medium,HD,47.502911,-122.376977,Dropoff,B-7.3C,121
RouteID_00575a14-7d19-4291-8853-8f7095ed1bc6,DSE5,2018-08-04,15:00:44,3313071.0,Medium,XE,47.502844,-122.37849,Dropoff,B-7.3C,122
RouteID_00575a14-7d19-4291-8853-8f7095ed1bc6,DSE5,2018-08-04,15:00:44,3313071.0,Medium,TW,47.502852,-122.378937,Dropoff,B-7.3C,123
RouteID_00575a14-7d19-4291-8853-8f7095ed1bc6,DSE5,2018-08-04,15:00:44,3313071.0,Medium,SF,47.502467,-122.37511,Dropoff,B-7.3C,124
RouteID_00575a14-7d19-4291-8853-8f7095ed1bc6,DSE5,2018-08-04,15:00:44,3313071.0,Medium,HZ,47.499778,-122.376188,Dropoff,B-7.3C,125
RouteID_00575a14-7d19-4291-8853-8f7095ed1bc6,DSE5,2018-08-04,15:00:44,3313071.0,Medium,MT,47.499387,-122.377585,Dropoff,B-7.3C,126
RouteID_00575a14-7d19-4291-8853-8f7095ed1bc6,DSE5,2018-08-04,15:00:44,3313071.0,Medium,DS,47.499924,-122.378365,Dropoff,B-7.3C,127
RouteID_00575a14-7d19-4291-8853-8f7095ed1bc6,DSE5,2018-08-04,15:00:44,3313071.0,Medium,UM,47.500422,-122.379087,Dropoff,B-7.3C,128
RouteID_00575a14-7d19-4291-8853-8f7095ed1bc6,DSE5,2018-08-04,15:00:44,3313071.0,Medium,VA,47.501264,-122.380294,Dropoff,B-7.3C,129
RouteID_00575a14-7d19-4291-8853-8f7095ed1bc6,DSE5,2018-08-04,15:00:44,3313071.0,Medium,YB,47.502526,-122.380894,Dropoff,B-7.3C,130
RouteID_00575a14-7d19-4291-8853-8f7095ed1bc6,DSE5,2018-08-04,15:00:44,3313071.0,Medium,DQ,47.505259,-122.388586,Dropoff,B-7.2C,131
RouteID_00575a14-7d19-4291-8853-8f7095ed1bc6,DSE5,2018-08-04,15:00:44,3313071.0,Medium,CW,47.501475,-122.382764,Dropoff,B-7.2C,132
RouteID_00575a14-7d19-4291-8853-8f7095ed1bc6,DSE5,2018-08-04,15:00:44,3313071.0,Medium,PQ,47.501966,-122.383768,Dropoff,B-7.2C,133
RouteID_00575a14-7d19-4291-8853-8f7095ed1bc6,DSE5,2018-08-04,15:00:44,3313071.0,Medium,BU,47.502341,-122.384707,Dropoff,B-7.2C,134
RouteID_00575a14-7d19-4291-8853-8f7095ed1bc6,DSE5,2018-08-04,15:00:44,3313071.0,Medium,WW,47.504188,-122.381887,Dropoff,B-7.2C,135
RouteID_00575a14-7d19-4291-8853-8f7095ed1bc6,DSE5,2018-08-04,15:00:44,3313071.0,Medium,VY,47.505906,-122.3828,Dropoff,B-7.2C,136
RouteID_00575a14-7d19-4291-8853-8f7095ed1bc6,DSE5,2018-08-04,15:00:44,3313071.0,Medium,TX,47.506472,-122.384007,Dropoff,B-7.2C,137
RouteID_00575a14-7d19-4291-8853-8f7095ed1bc6,DSE5,2018-08-04,15:00:44,3313071.0,Medium,XN,47.50613,-122.383691,Dropoff,B-7.2C,138
RouteID_00575a14-7d19-4291-8853-8f7095ed1bc6,DSE5,2018-08-04,15:00:44,3313071.0,Medium,UT,47.506258,-122.386724,Dropoff,B-7.2C,139
RouteID_00575a14-7d19-4291-8853-8f7095ed1bc6,DSE5,2018-08-04,15:00:44,3313071.0,Medium,UJ,47.505567,-122.386104,Dropoff,B-7.2C,140
RouteID_00575a14-7d19-4291-8853-8f7095ed1bc6,DSE5,2018-08-04,15:00:44,3313071.0,Medium,JZ,47.506072,-122.385118,Dropoff,B-7.2C,141
RouteID_00575a14-7d19-4291-8853-8f7095ed1bc6,DSE5,2018-08-04,15:00:44,3313071.0,Medium,MO,47.506619,-122.3872,Dropoff,B-7.2C,142
RouteID_00575a14-7d19-4291-8853-8f7095ed1bc6,DSE5,2018-08-04,15:00:44,3313071.0,Medium,HY,47.507513,-122.387945,Dropoff,B-7.2C,143
RouteID_00575a14-7d19-4291-8853-8f7095ed1bc6,DSE5,2018-08-04,15:00:44,3313071.0,Medium,QQ,47.507245,-122.387707,Dropoff,B-7.2C,144
RouteID_00575a14-7d19-4291-8853-8f7095ed1bc6,DSE5,2018-08-04,15:00:44,3313071.0,Medium,ML,47.508028,-122.387827,Dropoff,B-7.2C,145
RouteID_00575a14-7d19-4291-8853-8f7095ed1bc6,DSE5,2018-08-04,15:00:44,3313071.0,Medium,YJ,47.508275,-122.385981,Dropoff,B-7.1C,146
RouteID_00575a14-7d19-4291-8853-8f7095ed1bc6,DSE5,2018-08-04,15:00:44,3313071.0,Medium,MW,47.509059,-122.385739,Dropoff,B-7.1C,147
RouteID_00575a14-7d19-4291-8853-8f7095ed1bc6,DSE5,2018-08-04,15:00:44,3313071.0,Medium,NR,47.510221,-122.384398,Dropoff,B-7.1C,148
RouteID_00575a14-7d19-4291-8853-8f7095ed1bc6,DSE5,2018-08-04,15:00:44,3313071.0,Medium,UG,47.51077,-122.384426,Dropoff,B-7.1C,149
RouteID_00575a14-7d19-4291-8853-8f7095ed1bc6,DSE5,2018-08-04,15:00:44,3313071.0,Medium,TD,47.511142,-122.384443,Dropoff,B-7.1C,150
RouteID_00575a14-7d19-4291-8853-8f7095ed1bc6,DSE5,2018-08-04,15:00:44,3313071.0,Medium,EI,47.512375,-122.384513,Dropoff,B-7.1C,151
RouteID_00575a14-7d19-4291-8853-8f7095ed1bc6,DSE5,2018-08-04,15:00:44,3313071.0,Medium,WJ,47.512885,-122.384546,Dropoff,B-7.1C,152
RouteID_00575a14-7d19-4291-8853-8f7095ed1bc6,DSE5,2018-08-04,15:00:44,3313071.0,Medium,JC,47.512153,-122.385185,Dropoff,B-7.1C,153
RouteID_00575a14-7d19-4291-8853-8f7095ed1bc6,DSE5,2018-08-04,15:00:44,3313071.0,Medium,WM,47.513046,-122.385943,Dropoff,B-7.1C,154
RouteID_00575a14-7d19-4291-8853-8f7095ed1bc6,DSE5,2018-08-04,15:00:44,3313071.0,Medium,LO,47.511423,-122.385852,Dropoff,B-7.1C,155
RouteID_00575a14-7d19-4291-8853-8f7095ed1bc6,DSE5,2018-08-04,15:00:44,3313071.0,Medium,MP,47.510765,-122.385823,Dropoff,B-7.1C,156
RouteID_00575a14-7d19-4291-8853-8f7095ed1bc6,DSE5,2018-08-04,15:00:44,3313071.0,Medium,FY,47.510146,-122.386473,Dropoff,B-7.1C,157
RouteID_00575a14-7d19-4291-8853-8f7095ed1bc6,DSE5,2018-08-04,15:00:44,3313071.0,Medium,HR,47.510712,-122.387193,Dropoff,B-7.1B,158
RouteID_00575a14-7d19-4291-8853-8f7095ed1bc6,DSE5,2018-08-04,15:00:44,3313071.0,Medium,IB,47.511164,-122.387218,Dropoff,B-7.1B,159
RouteID_00575a14-7d19-4291-8853-8f7095ed1bc6,DSE5,2018-08-04,15:00:44,3313071.0,Medium,WB,47.512334,-122.387282,Dropoff,B-7.1B,160
RouteID_00575a14-7d19-4291-8853-8f7095ed1bc6,DSE5,2018-08-04,15:00:44,3313071.0,Medium,XM,47.513419,-122.38734,Dropoff,B-7.1B,161
RouteID_00575a14-7d19-4291-8853-8f7095ed1bc6,DSE5,2018-08-04,15:00:44,3313071.0,Medium,JX,47.51306,-122.38859,Dropoff,B-7.1B,162
RouteID_00575a14-7d19-4291-8853-8f7095ed1bc6,DSE5,2018-08-04,15:00:44,3313071.0,Medium,JO,47.51295,-122.389011,Dropoff,B-7.1B,163
RouteID_00575a14-7d19-4291-8853-8f7095ed1bc6,DSE5,2018-08-04,15:00:44,3313071.0,Medium,IE,47.512955,-122.389995,Dropoff,B-7.1B,164
RouteID_00575a14-7d19-4291-8853-8f7095ed1bc6,DSE5,2018-08-04,15:00:44,3313071.0,Medium,ZR,47.513392,-122.391101,Dropoff,B-7.1B,165
RouteID_00575a14-7d19-4291-8853-8f7095ed1bc6,DSE5,2018-08-04,15:00:44,3313071.0,Medium,QF,47.515861,-122.391711,Dropoff,B-7.1B,166
RouteID_00575a14-7d19-4291-8853-8f7095ed1bc6,DSE5,2018-08-04,15:00:44,3313071.0,Medium,JD,47.517112,-122.391695,Dropoff,B-7.1B,167
RouteID_00575a14-7d19-4291-8853-8f7095ed1bc6,DSE5,2018-08-04,15:00:44,3313071.0,Medium,CH,47.510999,-122.393023,Dropoff,B-7.1B,168
RouteID_00575a14-7d19-4291-8853-8f7095ed1bc6,DSE5,2018-08-04,15:00:44,3313071.0,Medium,JQ,47.511354,-122.393909,Dropoff,B-7.1B,169
RouteID_00575a14-7d19-4291-8853-8f7095ed1bc6,DSE5,2018-08-04,15:00:44,3313071.0,Medium,UI,47.508478,-122.390745,Dropoff,B-7.1B,170
RouteID_00575a14-7d19-4291-8853-8f7095ed1bc6,DSE5,2018-08-04,15:00:44,3313071.0,Medium,PT,47.510046,-122.390893,Dropoff,B-7.1B,171
RouteID_00575a14-7d19-4291-8853-8f7095ed1bc6,DSE5,2018-08-04,15:00:44,3313071.0,Medium,LG,47.510684,-122.391955,Dropoff,B-7.1B,172
RouteID_00575a14-7d19-4291-8853-8f7095ed1bc6,DSE5,2018-08-04,15:00:44,3313071.0,Medium,FE,47.514524,-122.392732,Dropoff,B-7.1B,173
RouteID_00575a14-7d19-4291-8853-8f7095ed1bc6,DSE5,2018-08-04,15:00:44,3313071.0,Medium,YV,47.517051,-122.39285,Dropoff,B-7.1B,174
RouteID_00575a14-7d19-4291-8853-8f7095ed1bc6,DSE5,2018-08-04,15:00:44,3313071.0,Medium,SZ,47.51181,-122.390267,Dropoff,B-7.1B,175
RouteID_00575a14-7d19-4291-8853-8f7095ed1bc6,DSE5,2018-08-04,15:00:44,3313071.0,Medium,FP,47.510821,-122.388984,Dropoff,B-7.1B,176
RouteID_00575ca4-8a63-49d2-96c8-9b347be5ba6c,DLA3,2018-08-07,15:30:00,3313071.0,High,SP,34.007369,-118.143927,Station,,0
RouteID_00575ca4-8a63-49d2-96c8-9b347be5ba6c,DLA3,2018-08-07,15:30:00,3313071.0,High,FS,34.110205,-118.305092,Dropoff,P-2.3A,1
RouteID_00575ca4-8a63-49d2-96c8-9b347be5ba6c,DLA3,2018-08-07,15:30:00,3313071.0,High,ZR,34.11214,-118.30551,Dropoff,P-2.3A,2
RouteID_00575ca4-8a63-49d2-96c8-9b347be5ba6c,DLA3,2018-08-07,15:30:00,3313071.0,High,AG,34.112815,-118.304623,Dropoff,P-2.3A,3
RouteID_00575ca4-8a63-49d2-96c8-9b347be5ba6c,DLA3,2018-08-07,15:30:00,3313071.0,High,YP,34.112601,-118.30568,Dropoff,P-2.3A,4
RouteID_00575ca4-8a63-49d2-96c8-9b347be5ba6c,DLA3,2018-08-07,15:30:00,3313071.0,High,RL,34.113593,-118.305378,Dropoff,P-2.3A,5
RouteID_00575ca4-8a63-49d2-96c8-9b347be5ba6c,DLA3,2018-08-07,15:30:00,3313071.0,High,GL,34.113778,-118.304604,Dropoff,P-2.3A,6
RouteID_00575ca4-8a63-49d2-96c8-9b347be5ba6c,DLA3,2018-08-07,15:30:00,3313071.0,High,UN,34.11424,-118.30378,Dropoff,P-2.3A,7
RouteID_00575ca4-8a63-49d2-96c8-9b347be5ba6c,DLA3,2018-08-07,15:30:00,3313071.0,High,DJ,34.113997,-118.303353,Dropoff,P-2.3A,8
RouteID_00575ca4-8a63-49d2-96c8-9b347be5ba6c,DLA3,2018-08-07,15:30:00,3313071.0,High,ZE,34.113883,-118.302991,Dropoff,P-2.3A,9
RouteID_00575ca4-8a63-49d2-96c8-9b347be5ba6c,DLA3,2018-08-07,15:30:00,3313071.0,High,ZO,34.112022,-118.303582,Dropoff,P-2.3A,10
RouteID_00575ca4-8a63-49d2-96c8-9b347be5ba6c,DLA3,2018-08-07,15:30:00,3313071.0,High,FL,34.111874,-118.304322,Dropoff,P-2.3A,11
RouteID_00575ca4-8a63-49d2-96c8-9b347be5ba6c,DLA3,2018-08-07,15:30:00,3313071.0,High,SI,34.111584,-118.305786,Dropoff,P-2.3A,12
RouteID_00575ca4-8a63-49d2-96c8-9b347be5ba6c,DLA3,2018-08-07,15:30:00,3313071.0,High,YA,34.107744,-118.306076,Dropoff,P-2.2A,13
RouteID_00575ca4-8a63-49d2-96c8-9b347be5ba6c,DLA3,2018-08-07,15:30:00,3313071.0,High,ZD,34.10706,-118.306067,Dropoff,P-2.2A,14
RouteID_00575ca4-8a63-49d2-96c8-9b347be5ba6c,DLA3,2018-08-07,15:30:00,3313071.0,High,QD,34.106667,-118.306066,Dropoff,P-2.2A,15
RouteID_00575ca4-8a63-49d2-96c8-9b347be5ba6c,DLA3,2018-08-07,15:30:00,3313071.0,High,HE,34.105999,-118.306059,Dropoff,P-2.2A,16
RouteID_00575ca4-8a63-49d2-96c8-9b347be5ba6c,DLA3,2018-08-07,15:30:00,3313071.0,High,ZQ,34.10536,-118.307324,Dropoff,P-2.1A,17
RouteID_00575ca4-8a63-49d2-96c8-9b347be5ba6c,DLA3,2018-08-07,15:30:00,3313071.0,High,AR,34.105576,-118.307163,Dropoff,P-2.1A,18
RouteID_00575ca4-8a63-49d2-96c8-9b347be5ba6c,DLA3,2018-08-07,15:30:00,3313071.0,High,DN,34.106031,-118.307168,Dropoff,P-2.1A,19
RouteID_00575ca4-8a63-49d2-96c8-9b347be5ba6c,DLA3,2018-08-07,15:30:00,3313071.0,High,SY,34.106774,-118.307173,Dropoff,P-2.1A,20
RouteID_00575ca4-8a63-49d2-96c8-9b347be5ba6c,DLA3,2018-08-07,15:30:00,3313071.0,High,FJ,34.107254,-118.307178,Dropoff,P-2.1A,21
RouteID_00575ca4-8a63-49d2-96c8-9b347be5ba6c,DLA3,2018-08-07,15:30:00,3313071.0,High,QE,34.107448,-118.309711,Dropoff,P-1.1A,22
RouteID_00575ca4-8a63-49d2-96c8-9b347be5ba6c,DLA3,2018-08-07,15:30:00,3313071.0,High,UT,34.106409,-118.30949,Dropoff,P-1.1A,23
RouteID_00575ca4-8a63-49d2-96c8-9b347be5ba6c,DLA3,2018-08-07,15:30:00,3313071.0,High,HJ,34.107785,-118.3082,Dropoff,P-2.1A,24
RouteID_00575ca4-8a63-49d2-96c8-9b347be5ba6c,DLA3,2018-08-07,15:30:00,3313071.0,High,VF,34.10374,-118.309278,Dropoff,P-1.1A,25
RouteID_00575ca4-8a63-49d2-96c8-9b347be5ba6c,DLA3,2018-08-07,15:30:00,3313071.0,High,HW,34.104203,-118.307706,Dropoff,P-1.1A,26
RouteID_00575ca4-8a63-49d2-96c8-9b347be5ba6c,DLA3,2018-08-07,15:30:00,3313071.0,High,GK,34.10538,-118.310412,Dropoff,P-1.1A,27
RouteID_00575ca4-8a63-49d2-96c8-9b347be5ba6c,DLA3,2018-08-07,15:30:00,3313071.0,High,KF,34.104266,-118.310738,Dropoff,P-1.2A,28
RouteID_00575ca4-8a63-49d2-96c8-9b347be5ba6c,DLA3,2018-08-07,15:30:00,3313071.0,High,FE,34.102955,-118.310726,Dropoff,P-1.3A,29
RouteID_00575ca4-8a63-49d2-96c8-9b347be5ba6c,DLA3,2018-08-07,15:30:00,3313071.0,High,II,34.101754,-118.310483,Dropoff,P-1.3A,30
RouteID_00575ca4-8a63-49d2-96c8-9b347be5ba6c,DLA3,2018-08-07,15:30:00,3313071.0,High,YI,34.10173,-118.310621,Dropoff,P-1.3A,31
RouteID_00575ca4-8a63-49d2-96c8-9b347be5ba6c,DLA3,2018-08-07,15:30:00,3313071.0,High,RN,34.1018,-118.308004,Dropoff,P-1.3A,32
RouteID_00575ca4-8a63-49d2-96c8-9b347be5ba6c,DLA3,2018-08-07,15:30:00,3313071.0,High,EQ,34.10174,-118.307316,Dropoff,P-1.2B,33
RouteID_00575ca4-8a63-49d2-96c8-9b347be5ba6c,DLA3,2018-08-07,15:30:00,3313071.0,High,JR,34.103085,-118.307221,Dropoff,P-1.2B,34
RouteID_00575ca4-8a63-49d2-96c8-9b347be5ba6c,DLA3,2018-08-07,15:30:00,3313071.0,High,AW,34.10318,-118.307226,Dropoff,P-1.2B,35
RouteID_00575ca4-8a63-49d2-96c8-9b347be5ba6c,DLA3,2018-08-07,15:30:00,3313071.0,High,FO,34.103949,-118.307244,Dropoff,P-1.2B,36
RouteID_00575ca4-8a63-49d2-96c8-9b347be5ba6c,DLA3,2018-08-07,15:30:00,3313071.0,High,PZ,34.104209,-118.306115,Dropoff,P-1.1B,37
RouteID_00575ca4-8a63-49d2-96c8-9b347be5ba6c,DLA3,2018-08-07,15:30:00,3313071.0,High,EF,34.104661,-118.305041,Dropoff,P-1.1C,38
RouteID_00575ca4-8a63-49d2-96c8-9b347be5ba6c,DLA3,2018-08-07,15:30:00,3313071.0,High,LG,34.10421,-118.305687,Dropoff,P-1.1B,39
RouteID_00575ca4-8a63-49d2-96c8-9b347be5ba6c,DLA3,2018-08-07,15:30:00,3313071.0,High,TC,34.104006,-118.305052,Dropoff,P-1.1C,40
RouteID_00575ca4-8a63-49d2-96c8-9b347be5ba6c,DLA3,2018-08-07,15:30:00,3313071.0,High,YF,34.103055,-118.305059,Dropoff,P-1.1C,41
RouteID_00575ca4-8a63-49d2-96c8-9b347be5ba6c,DLA3,2018-08-07,15:30:00,3313071.0,High,IW,34.102964,-118.306475,Dropoff,P-1.2C,42
RouteID_00575ca4-8a63-49d2-96c8-9b347be5ba6c,DLA3,2018-08-07,15:30:00,3313071.0,High,EC,34.103156,-118.307223,Dropoff,P-1.2B,43
RouteID_00575ca4-8a63-49d2-96c8-9b347be5ba6c,DLA3,2018-08-07,15:30:00,3313071.0,High,JT,34.102991,-118.305101,Dropoff,P-1.2C,44
RouteID_00575ca4-8a63-49d2-96c8-9b347be5ba6c,DLA3,2018-08-07,15:30:00,3313071.0,High,JE,34.101976,-118.305773,Dropoff,P-1.3C,45
RouteID_00575ca4-8a63-49d2-96c8-9b347be5ba6c,DLA3,2018-08-07,15:30:00,3313071.0,High,HD,34.100401,-118.305645,Dropoff,P-1.3C,46
RouteID_00575ca4-8a63-49d2-96c8-9b347be5ba6c,DLA3,2018-08-07,15:30:00,3313071.0,High,WX,34.100905,-118.307099,Dropoff,P-1.3C,47
RouteID_00575ca4-8a63-49d2-96c8-9b347be5ba6c,DLA3,2018-08-07,15:30:00,3313071.0,High,FD,34.100518,-118.307455,Dropoff,P-1.3C,48
RouteID_00575ca4-8a63-49d2-96c8-9b347be5ba6c,DLA3,2018-08-07,15:30:00,3313071.0,High,HV,34.100516,-118.308188,Dropoff,P-1.3C,49
RouteID_00575ca4-8a63-49d2-96c8-9b347be5ba6c,DLA3,2018-08-07,15:30:00,3313071.0,High,BM,34.100052,-118.309248,Dropoff,P-1.3D,50
RouteID_00575ca4-8a63-49d2-96c8-9b347be5ba6c,DLA3,2018-08-07,15:30:00,3313071.0,High,GR,34.099317,-118.308249,Dropoff,P-1.3D,51
RouteID_00575ca4-8a63-49d2-96c8-9b347be5ba6c,DLA3,2018-08-07,15:30:00,3313071.0,High,OQ,34.099311,-118.310034,Dropoff,P-1.2D,52
RouteID_00575ca4-8a63-49d2-96c8-9b347be5ba6c,DLA3,2018-08-07,15:30:00,3313071.0,High,BC,34.099311,-118.310287,Dropoff,P-1.2D,53
RouteID_00575ca4-8a63-49d2-96c8-9b347be5ba6c,DLA3,2018-08-07,15:30:00,3313071.0,High,VI,34.099309,-118.312504,Dropoff,P-1.2D,54
RouteID_00575ca4-8a63-49d2-96c8-9b347be5ba6c,DLA3,2018-08-07,15:30:00,3313071.0,High,JZ,34.100512,-118.310013,Dropoff,P-1.1D,55
RouteID_00575ca4-8a63-49d2-96c8-9b347be5ba6c,DLA3,2018-08-07,15:30:00,3313071.0,High,IH,34.100511,-118.311045,Dropoff,P-1.1D,56
RouteID_00575ca4-8a63-49d2-96c8-9b347be5ba6c,DLA3,2018-08-07,15:30:00,3313071.0,High,LR,34.100503,-118.312383,Dropoff,O-1.1D,57
RouteID_00575ca4-8a63-49d2-96c8-9b347be5ba6c,DLA3,2018-08-07,15:30:00,3313071.0,High,UO,34.100499,-118.312837,Dropoff,O-1.1D,58
RouteID_00595235-52e7-4b68-883c-70482701dea0,DLA8,2018-07-31,16:27:36,3313071.0,Medium,QO,33.918699,-118.324843,Station,,0
RouteID_00595235-52e7-4b68-883c-70482701dea0,DLA8,2018-07-31,16:27:36,3313071.0,Medium,ML,33.98211,-118.40551,Dropoff,D-11.1B,1
RouteID_00595235-52e7-4b68-883c-70482701dea0,DLA8,2018-07-31,16:27:36,3313071.0,Medium,HA,33.983893,-118.408234,Dropoff,D-11.2B,2
RouteID_00595235-52e7-4b68-883c-70482701dea0,DLA8,2018-07-31,16:27:36,3313071.0,Medium,YT,33.983359,-118.409047,Dropoff,D-11.2B,3
RouteID_00595235-52e7-4b68-883c-70482701dea0,DLA8,2018-07-31,16:27:36,3313071.0,Medium,FT,33.982014,-118.409576,Dropoff,D-11.2B,4
RouteID_00595235-52e7-4b68-883c-70482701dea0,DLA8,2018-07-31,16:27:36,3313071.0,Medium,FE,33.982194,-118.411217,Dropoff,D-11.2B,5
RouteID_00595235-52e7-4b68-883c-70482701dea0,DLA8,2018-07-31,16:27:36,3313071.0,Medium,JN,33.981816,-118.412055,Dropoff,D-11.2B,6
RouteID_00595235-52e7-4b68-883c-70482701dea0,DLA8,2018-07-31,16:27:36,3313071.0,Medium,XJ,33.981641,-118.412452,Dropoff,D-11.2B,7
RouteID_00595235-52e7-4b68-883c-70482701dea0,DLA8,2018-07-31,16:27:36,3313071.0,Medium,CZ,33.983339,-118.411525,Dropoff,D-11.2B,8
RouteID_00595235-52e7-4b68-883c-70482701dea0,DLA8,2018-07-31,16:27:36,3313071.0,Medium,CQ,33.983254,-118.413273,Dropoff,D-11.3B,9
RouteID_00595235-52e7-4b68-883c-70482701dea0,DLA8,2018-07-31,16:27:36,3313071.0,Medium,XP,33.983308,-118.412815,Dropoff,D-11.3B,10
RouteID_00595235-52e7-4b68-883c-70482701dea0,DLA8,2018-07-31,16:27:36,3313071.0,Medium,WR,33.983907,-118.412188,Dropoff,D-11.3B,11
RouteID_00595235-52e7-4b68-883c-70482701dea0,DLA8,2018-07-31,16:27:36,3313071.0,Medium,ZE,33.985636,-118.411624,Dropoff,D-11.3B,12
RouteID_00595235-52e7-4b68-883c-70482701dea0,DLA8,2018-07-31,16:27:36,3313071.0,Medium,LE,33.985602,-118.410301,Dropoff,D-11.3B,13
RouteID_00595235-52e7-4b68-883c-70482701dea0,DLA8,2018-07-31,16:27:36,3313071.0,Medium,TX,33.984473,-118.4105,Dropoff,D-11.3B,14
RouteID_00595235-52e7-4b68-883c-70482701dea0,DLA8,2018-07-31,16:27:36,3313071.0,Medium,JL,33.984987,-118.409713,Dropoff,D-11.3B,15
RouteID_00595235-52e7-4b68-883c-70482701dea0,DLA8,2018-07-31,16:27:36,3313071.0,Medium,PK,33.985661,-118.408684,Dropoff,D-11.3B,16
RouteID_00595235-52e7-4b68-883c-70482701dea0,DLA8,2018-07-31,16:27:36,3313071.0,Medium,OW,34.000147,-118.424131,Dropoff,D-10.2G,17
RouteID_00595235-52e7-4b68-883c-70482701dea0,DLA8,2018-07-31,16:27:36,3313071.0,Medium,KP,34.001345,-118.425065,Dropoff,D-10.1G,18
RouteID_00595235-52e7-4b68-883c-70482701dea0,DLA8,2018-07-31,16:27:36,3313071.0,Medium,NP,34.000269,-118.425769,Dropoff,D-10.1G,19
RouteID_00595235-52e7-4b68-883c-70482701dea0,DLA8,2018-07-31,16:27:36,3313071.0,Medium,DR,34.000816,-118.424646,Dropoff,D-10.1G,20
RouteID_00595235-52e7-4b68-883c-70482701dea0,DLA8,2018-07-31,16:27:36,3313071.0,Medium,FR,33.999985,-118.424002,Dropoff,D-10.1G,21
RouteID_00595235-52e7-4b68-883c-70482701dea0,DLA8,2018-07-31,16:27:36,3313071.0,Medium,TT,33.999651,-118.423735,Dropoff,D-10.2G,22
RouteID_00595235-52e7-4b68-883c-70482701dea0,DLA8,2018-07-31,16:27:36,3313071.0,Medium,WB,33.998758,-118.42439,Dropoff,D-10.2G,23
RouteID_00595235-52e7-4b68-883c-70482701dea0,DLA8,2018-07-31,16:27:36,3313071.0,Medium,HW,33.998921,-118.423714,Dropoff,D-10.2G,24
RouteID_00595235-52e7-4b68-883c-70482701dea0,DLA8,2018-07-31,16:27:36,3313071.0,Medium,CT,33.999072,-118.423203,Dropoff,D-10.2G,25
RouteID_00595235-52e7-4b68-883c-70482701dea0,DLA8,2018-07-31,16:27:36,3313071.0,Medium,CJ,34.002013,-118.423946,Dropoff,D-10.3G,26
RouteID_00595235-52e7-4b68-883c-70482701dea0,DLA8,2018-07-31,16:27:36,3313071.0,Medium,JT,34.001474,-118.4235,Dropoff,D-10.3G,27
RouteID_00595235-52e7-4b68-883c-70482701dea0,DLA8,2018-07-31,16:27:36,3313071.0,Medium,NI,34.001023,-118.423097,Dropoff,D-10.3G,28
RouteID_00595235-52e7-4b68-883c-70482701dea0,DLA8,2018-07-31,16:27:36,3313071.0,Medium,BQ,34.000649,-118.422706,Dropoff,D-10.3G,29
RouteID_00595235-52e7-4b68-883c-70482701dea0,DLA8,2018-07-31,16:27:36,3313071.0,Medium,JD,34.000686,-118.420373,Dropoff,D-10.3G,30
RouteID_00595235-52e7-4b68-883c-70482701dea0,DLA8,2018-07-31,16:27:36,3313071.0,Medium,DV,34.002152,-118.421157,Dropoff,D-10.3E,31
RouteID_00595235-52e7-4b68-883c-70482701dea0,DLA8,2018-07-31,16:27:36,3313071.0,Medium,KB,34.002824,-118.421657,Dropoff,D-10.3E,32
RouteID_00595235-52e7-4b68-883c-70482701dea0,DLA8,2018-07-31,16:27:36,3313071.0,Medium,PO,34.003159,-118.421904,Dropoff,D-10.3E,33
RouteID_00595235-52e7-4b68-883c-70482701dea0,DLA8,2018-07-31,16:27:36,3313071.0,Medium,LX,34.003496,-118.422154,Dropoff,D-10.3E,34
RouteID_00595235-52e7-4b68-883c-70482701dea0,DLA8,2018-07-31,16:27:36,3313071.0,Medium,II,34.00345,-118.422896,Dropoff,D-10.3E,35
RouteID_00595235-52e7-4b68-883c-70482701dea0,DLA8,2018-07-31,16:27:36,3313071.0,Medium,RT,34.003375,-118.423015,Dropoff,D-10.3E,36
RouteID_00595235-52e7-4b68-883c-70482701dea0,DLA8,2018-07-31,16:27:36,3313071.0,Medium,PY,34.003951,-118.420893,Dropoff,D-10.2E,37
RouteID_00595235-52e7-4b68-883c-70482701dea0,DLA8,2018-07-31,16:27:36,3313071.0,Medium,IN,34.003367,-118.420429,Dropoff,D-10.2E,38
RouteID_00595235-52e7-4b68-883c-70482701dea0,DLA8,2018-07-31,16:27:36,3313071.0,Medium,IU,34.002933,-118.420082,Dropoff,D-10.2E,39
RouteID_00595235-52e7-4b68-883c-70482701dea0,DLA8,2018-07-31,16:27:36,3313071.0,Medium,BL,34.002619,-118.419833,Dropoff,D-10.2E,40
RouteID_00595235-52e7-4b68-883c-70482701dea0,DLA8,2018-07-31,16:27:36,3313071.0,Medium,XW,34.001597,-118.419034,Dropoff,D-10.1E,41
RouteID_00595235-52e7-4b68-883c-70482701dea0,DLA8,2018-07-31,16:27:36,3313071.0,Medium,TE,34.000967,-118.418576,Dropoff,D-10.1E,42
RouteID_00595235-52e7-4b68-883c-70482701dea0,DLA8,2018-07-31,16:27:36,3313071.0,Medium,HH,33.999524,-118.416691,Dropoff,D-10.1D,43
RouteID_00595235-52e7-4b68-883c-70482701dea0,DLA8,2018-07-31,16:27:36,3313071.0,Medium,SH,33.999344,-118.416325,Dropoff,D-10.1D,44
RouteID_00595235-52e7-4b68-883c-70482701dea0,DLA8,2018-07-31,16:27:36,3313071.0,Medium,BF,33.998904,-118.414962,Dropoff,D-10.1D,45
RouteID_00595235-52e7-4b68-883c-70482701dea0,DLA8,2018-07-31,16:27:36,3313071.0,Medium,DP,33.999689,-118.41429,Dropoff,D-10.1D,46
RouteID_00595235-52e7-4b68-883c-70482701dea0,DLA8,2018-07-31,16:27:36,3313071.0,Medium,AX,33.999653,-118.415122,Dropoff,D-10.1D,47
RouteID_00595235-52e7-4b68-883c-70482701dea0,DLA8,2018-07-31,16:27:36,3313071.0,Medium,KT,34.00192,-118.418082,Dropoff,D-10.2D,48
RouteID_00595235-52e7-4b68-883c-70482701dea0,DLA8,2018-07-31,16:27:36,3313071.0,Medium,AB,34.001228,-118.417524,Dropoff,D-10.2D,49
RouteID_00595235-52e7-4b68-883c-70482701dea0,DLA8,2018-07-31,16:27:36,3313071.0,Medium,RP,33.99961,-118.418277,Dropoff,D-10.2D,50
RouteID_00595235-52e7-4b68-883c-70482701dea0,DLA8,2018-07-31,16:27:36,3313071.0,Medium,MY,34.000835,-118.416513,Dropoff,D-10.2D,51
RouteID_00595235-52e7-4b68-883c-70482701dea0,DLA8,2018-07-31,16:27:36,3313071.0,Medium,IC,34.001051,-118.415562,Dropoff,D-10.3D,52
RouteID_00595235-52e7-4b68-883c-70482701dea0,DLA8,2018-07-31,16:27:36,3313071.0,Medium,DL,34.000858,-118.415085,Dropoff,D-10.3D,53
RouteID_00595235-52e7-4b68-883c-70482701dea0,DLA8,2018-07-31,16:27:36,3313071.0,Medium,ST,34.000607,-118.414461,Dropoff,D-10.3D,54
RouteID_00595235-52e7-4b68-883c-70482701dea0,DLA8,2018-07-31,16:27:36,3313071.0,Medium,IV,34.000514,-118.414226,Dropoff,D-10.3C,55
RouteID_00595235-52e7-4b68-883c-70482701dea0,DLA8,2018-07-31,16:27:36,3313071.0,Medium,ZH,34.001639,-118.412731,Dropoff,D-10.3C,56
RouteID_00595235-52e7-4b68-883c-70482701dea0,DLA8,2018-07-31,16:27:36,3313071.0,Medium,MC,34.002208,-118.413083,Dropoff,D-10.3C,57
RouteID_00595235-52e7-4b68-883c-70482701dea0,DLA8,2018-07-31,16:27:36,3313071.0,Medium,JX,34.002724,-118.413893,Dropoff,D-10.3C,58
RouteID_00595235-52e7-4b68-883c-70482701dea0,DLA8,2018-07-31,16:27:36,3313071.0,Medium,GS,34.004727,-118.414034,Dropoff,D-10.3C,59
RouteID_00595235-52e7-4b68-883c-70482701dea0,DLA8,2018-07-31,16:27:36,3313071.0,Medium,MX,34.00442,-118.413529,Dropoff,D-10.3C,60
RouteID_00595235-52e7-4b68-883c-70482701dea0,DLA8,2018-07-31,16:27:36,3313071.0,Medium,TQ,34.003815,-118.414079,Dropoff,D-10.3C,61
RouteID_00595235-52e7-4b68-883c-70482701dea0,DLA8,2018-07-31,16:27:36,3313071.0,Medium,AR,34.003476,-118.413523,Dropoff,D-10.3C,62
RouteID_00595235-52e7-4b68-883c-70482701dea0,DLA8,2018-07-31,16:27:36,3313071.0,Medium,JM,34.0028,-118.412322,Dropoff,D-10.3C,63
RouteID_00595235-52e7-4b68-883c-70482701dea0,DLA8,2018-07-31,16:27:36,3313071.0,Medium,OJ,34.002891,-118.41172,Dropoff,D-10.3C,64
RouteID_00595235-52e7-4b68-883c-70482701dea0,DLA8,2018-07-31,16:27:36,3313071.0,Medium,FK,34.001928,-118.411134,Dropoff,D-10.2C,65
RouteID_00595235-52e7-4b68-883c-70482701dea0,DLA8,2018-07-31,16:27:36,3313071.0,Medium,QD,34.001534,-118.410494,Dropoff,D-10.2C,66
RouteID_00595235-52e7-4b68-883c-70482701dea0,DLA8,2018-07-31,16:27:36,3313071.0,Medium,GB,33.998847,-118.408643,Dropoff,D-10.2C,67
RouteID_00595235-52e7-4b68-883c-70482701dea0,DLA8,2018-07-31,16:27:36,3313071.0,Medium,OE,34.000331,-118.411266,Dropoff,D-10.2C,68
RouteID_00595235-52e7-4b68-883c-70482701dea0,DLA8,2018-07-31,16:27:36,3313071.0,Medium,ZU,34.000701,-118.413072,Dropoff,D-10.2C,69
RouteID_00595235-52e7-4b68-883c-70482701dea0,DLA8,2018-07-31,16:27:36,3313071.0,Medium,OX,33.998466,-118.412771,Dropoff,D-10.2C,70
RouteID_00595235-52e7-4b68-883c-70482701dea0,DLA8,2018-07-31,16:27:36,3313071.0,Medium,DG,33.999711,-118.412243,Dropoff,D-10.2C,71
RouteID_00595235-52e7-4b68-883c-70482701dea0,DLA8,2018-07-31,16:27:36,3313071.0,Medium,VC,33.99932,-118.411264,Dropoff,D-10.2C,72
RouteID_00595235-52e7-4b68-883c-70482701dea0,DLA8,2018-07-31,16:27:36,3313071.0,Medium,ZQ,33.998862,-118.410135,Dropoff,D-10.2C,73
RouteID_00595235-52e7-4b68-883c-70482701dea0,DLA8,2018-07-31,16:27:36,3313071.0,Medium,YO,33.99808,-118.409619,Dropoff,D-10.1C,74
RouteID_00595235-52e7-4b68-883c-70482701dea0,DLA8,2018-07-31,16:27:36,3313071.0,Medium,UX,33.99783,-118.410734,Dropoff,D-10.1B,75
RouteID_00595235-52e7-4b68-883c-70482701dea0,DLA8,2018-07-31,16:27:36,3313071.0,Medium,KA,33.996892,-118.409855,Dropoff,D-10.1B,76
RouteID_00595235-52e7-4b68-883c-70482701dea0,DLA8,2018-07-31,16:27:36,3313071.0,Medium,QJ,33.994915,-118.406821,Dropoff,D-10.1B,77
RouteID_00595235-52e7-4b68-883c-70482701dea0,DLA8,2018-07-31,16:27:36,3313071.0,Medium,JO,33.997115,-118.412487,Dropoff,D-10.2B,78
RouteID_00595235-52e7-4b68-883c-70482701dea0,DLA8,2018-07-31,16:27:36,3313071.0,Medium,VG,33.994782,-118.408759,Dropoff,D-10.2B,79
RouteID_00595235-52e7-4b68-883c-70482701dea0,DLA8,2018-07-31,16:27:36,3313071.0,Medium,RH,33.993907,-118.40742,Dropoff,D-10.2B,80
RouteID_00595235-52e7-4b68-883c-70482701dea0,DLA8,2018-07-31,16:27:36,3313071.0,Medium,VQ,33.993629,-118.407523,Dropoff,D-10.2B,81
RouteID_00595235-52e7-4b68-883c-70482701dea0,DLA8,2018-07-31,16:27:36,3313071.0,Medium,HU,33.996126,-118.410814,Dropoff,D-10.2B,82
RouteID_00595235-52e7-4b68-883c-70482701dea0,DLA8,2018-07-31,16:27:36,3313071.0,Medium,FP,33.99823,-118.415049,Dropoff,D-10.3B,83
RouteID_00595235-52e7-4b68-883c-70482701dea0,DLA8,2018-07-31,16:27:36,3313071.0,Medium,AT,33.996722,-118.412656,Dropoff,D-10.2B,84
RouteID_00595235-52e7-4b68-883c-70482701dea0,DLA8,2018-07-31,16:27:36,3313071.0,Medium,JI,33.994766,-118.414079,Dropoff,D-10.3B,85
RouteID_00595235-52e7-4b68-883c-70482701dea0,DLA8,2018-07-31,16:27:36,3313071.0,Medium,XG,33.996555,-118.416405,Dropoff,D-10.3B,86
RouteID_00595235-52e7-4b68-883c-70482701dea0,DLA8,2018-07-31,16:27:36,3313071.0,Medium,GW,33.997463,-118.415673,Dropoff,D-10.3B,87
RouteID_00595235-52e7-4b68-883c-70482701dea0,DLA8,2018-07-31,16:27:36,3313071.0,Medium,YH,33.996534,-118.415218,Dropoff,D-10.3B,88
RouteID_00595235-52e7-4b68-883c-70482701dea0,DLA8,2018-07-31,16:27:36,3313071.0,Medium,BP,33.996861,-118.414338,Dropoff,D-10.3B,89
RouteID_00595235-52e7-4b68-883c-70482701dea0,DLA8,2018-07-31,16:27:36,3313071.0,Medium,CY,33.995499,-118.414687,Dropoff,D-10.3B,90
RouteID_00595235-52e7-4b68-883c-70482701dea0,DLA8,2018-07-31,16:27:36,3313071.0,Medium,AC,33.995415,-118.416007,Dropoff,D-10.3A,91
RouteID_00595235-52e7-4b68-883c-70482701dea0,DLA8,2018-07-31,16:27:36,3313071.0,Medium,CW,33.994806,-118.415285,Dropoff,D-10.3A,92
RouteID_00595235-52e7-4b68-883c-70482701dea0,DLA8,2018-07-31,16:27:36,3313071.0,Medium,WT,33.994362,-118.415652,Dropoff,D-10.3A,93
RouteID_00595235-52e7-4b68-883c-70482701dea0,DLA8,2018-07-31,16:27:36,3313071.0,Medium,ME,33.993738,-118.416067,Dropoff,D-10.3A,94
RouteID_00595235-52e7-4b68-883c-70482701dea0,DLA8,2018-07-31,16:27:36,3313071.0,Medium,FZ,33.992328,-118.414123,Dropoff,D-10.2A,95
RouteID_00595235-52e7-4b68-883c-70482701dea0,DLA8,2018-07-31,16:27:36,3313071.0,Medium,HE,33.991813,-118.413614,Dropoff,D-10.2A,96
RouteID_00595235-52e7-4b68-883c-70482701dea0,DLA8,2018-07-31,16:27:36,3313071.0,Medium,RC,33.991834,-118.414032,Dropoff,D-10.2A,97
RouteID_00595235-52e7-4b68-883c-70482701dea0,DLA8,2018-07-31,16:27:36,3313071.0,Medium,DQ,33.991131,-118.415108,Dropoff,D-10.2A,98
RouteID_00595235-52e7-4b68-883c-70482701dea0,DLA8,2018-07-31,16:27:36,3313071.0,Medium,UU,33.990772,-118.415661,Dropoff,D-10.2A,99
RouteID_00595235-52e7-4b68-883c-70482701dea0,DLA8,2018-07-31,16:27:36,3313071.0,Medium,XS,33.991137,-118.415487,Dropoff,D-10.2A,100
RouteID_00595235-52e7-4b68-883c-70482701dea0,DLA8,2018-07-31,16:27:36,3313071.0,Medium,IY,33.992135,-118.415208,Dropoff,D-10.2A,101
RouteID_00595235-52e7-4b68-883c-70482701dea0,DLA8,2018-07-31,16:27:36,3313071.0,Medium,UL,33.993049,-118.414146,Dropoff,D-10.2A,102
RouteID_00595235-52e7-4b68-883c-70482701dea0,DLA8,2018-07-31,16:27:36,3313071.0,Medium,CO,33.993954,-118.41351,Dropoff,D-10.2A,103
RouteID_00595235-52e7-4b68-883c-70482701dea0,DLA8,2018-07-31,16:27:36,3313071.0,Medium,PV,33.994354,-118.411173,Dropoff,D-10.2A,104
RouteID_00595235-52e7-4b68-883c-70482701dea0,DLA8,2018-07-31,16:27:36,3313071.0,Medium,IX,33.99323,-118.409433,Dropoff,D-10.2A,105
RouteID_00595235-52e7-4b68-883c-70482701dea0,DLA8,2018-07-31,16:27:36,3313071.0,Medium,EX,33.992656,-118.409169,Dropoff,D-10.2A,106
RouteID_00595235-52e7-4b68-883c-70482701dea0,DLA8,2018-07-31,16:27:36,3313071.0,Medium,OQ,33.991671,-118.41185,Dropoff,D-10.2A,107
RouteID_00595235-52e7-4b68-883c-70482701dea0,DLA8,2018-07-31,16:27:36,3313071.0,Medium,KV,33.989939,-118.412166,Dropoff,D-10.1A,108
RouteID_00595235-52e7-4b68-883c-70482701dea0,DLA8,2018-07-31,16:27:36,3313071.0,Medium,KL,33.989219,-118.413143,Dropoff,D-10.1A,109
RouteID_00595235-52e7-4b68-883c-70482701dea0,DLA8,2018-07-31,16:27:36,3313071.0,Medium,WK,33.988945,-118.413508,Dropoff,D-10.1A,110
RouteID_00595235-52e7-4b68-883c-70482701dea0,DLA8,2018-07-31,16:27:36,3313071.0,Medium,QW,33.988253,-118.414417,Dropoff,D-10.1A,111
RouteID_00595235-52e7-4b68-883c-70482701dea0,DLA8,2018-07-31,16:27:36,3313071.0,Medium,MI,33.988636,-118.413914,Dropoff,D-10.1A,112
RouteID_00595235-52e7-4b68-883c-70482701dea0,DLA8,2018-07-31,16:27:36,3313071.0,Medium,XD,33.990763,-118.413984,Dropoff,D-10.1A,113
RouteID_00595235-52e7-4b68-883c-70482701dea0,DLA8,2018-07-31,16:27:36,3313071.0,Medium,EK,33.989278,-118.416339,Dropoff,D-10.1A,114
RouteID_00595235-52e7-4b68-883c-70482701dea0,DLA8,2018-07-31,16:27:36,3313071.0,Medium,GV,33.988992,-118.416796,Dropoff,D-10.1A,115
RouteID_00595235-52e7-4b68-883c-70482701dea0,DLA8,2018-07-31,16:27:36,3313071.0,Medium,QY,33.988914,-118.418264,Dropoff,D-11.1A,116
RouteID_00595235-52e7-4b68-883c-70482701dea0,DLA8,2018-07-31,16:27:36,3313071.0,Medium,EE,33.987217,-118.415787,Dropoff,D-11.1A,117
RouteID_00595235-52e7-4b68-883c-70482701dea0,DLA8,2018-07-31,16:27:36,3313071.0,Medium,EU,33.988558,-118.417815,Dropoff,D-11.1A,118
RouteID_00595235-52e7-4b68-883c-70482701dea0,DLA8,2018-07-31,16:27:36,3313071.0,Medium,CA,33.98894,-118.418993,Dropoff,D-11.1A,119
RouteID_00595235-52e7-4b68-883c-70482701dea0,DLA8,2018-07-31,16:27:36,3313071.0,Medium,MU,33.986671,-118.416692,Dropoff,D-11.1A,120
RouteID_00595235-52e7-4b68-883c-70482701dea0,DLA8,2018-07-31,16:27:36,3313071.0,Medium,EA,33.985969,-118.415085,Dropoff,D-11.2A,121
RouteID_00595235-52e7-4b68-883c-70482701dea0,DLA8,2018-07-31,16:27:36,3313071.0,Medium,EL,33.9856,-118.415361,Dropoff,D-11.2A,122
RouteID_00595235-52e7-4b68-883c-70482701dea0,DLA8,2018-07-31,16:27:36,3313071.0,Medium,FO,33.98528,-118.415876,Dropoff,D-11.2A,123
RouteID_00595235-52e7-4b68-883c-70482701dea0,DLA8,2018-07-31,16:27:36,3313071.0,Medium,WF,33.984446,-118.417925,Dropoff,D-11.3A,124
RouteID_00595235-52e7-4b68-883c-70482701dea0,DLA8,2018-07-31,16:27:36,3313071.0,Medium,HO,33.984115,-118.417063,Dropoff,D-11.3A,125
RouteID_00595235-52e7-4b68-883c-70482701dea0,DLA8,2018-07-31,16:27:36,3313071.0,Medium,TK,33.981941,-118.42073,Dropoff,D-11.3A,126
RouteID_00595235-52e7-4b68-883c-70482701dea0,DLA8,2018-07-31,16:27:36,3313071.0,Medium,ZD,33.982629,-118.419042,Dropoff,D-11.3A,127
RouteID_00595235-52e7-4b68-883c-70482701dea0,DLA8,2018-07-31,16:27:36,3313071.0,Medium,OA,33.984911,-118.416598,Dropoff,D-11.3A,128
RouteID_006f581c-3087-4edf-8802-278b078157b9,DLA5,2018-08-08,15:51:02,3313071.0,Medium,BD,33.937865,-117.29738,Station,,0
RouteID_006f581c-3087-4edf-8802-278b078157b9,DLA5,2018-08-08,15:51:02,3313071.0,Medium,NO,33.935091,-117.494708,Dropoff,C-11.3J,1
RouteID_006f581c-3087-4edf-8802-278b078157b9,DLA5,2018-08-08,15:51:02,3313071.0,Medium,GY,33.936075,-117.49341,Dropoff,C-11.3J,2
RouteID_006f581c-3087-4edf-8802-278b078157b9,DLA5,2018-08-08,15:51:02,3313071.0,Medium,DB,33.935204,-117.495514,Dropoff,C-11.3J,3
RouteID_006f581c-3087-4edf-8802-278b078157b9,DLA5,2018-08-08,15:51:02,3313071.0,Medium,VN,33.93486,-117.49599,Dropoff,C-11.3J,4
RouteID_006f581c-3087-4edf-8802-278b078157b9,DLA5,2018-08-08,15:51:02,3313071.0,Medium,MP,33.934305,-117.493779,Dropoff,C-11.3J,5
RouteID_006f581c-3087-4edf-8802-278b078157b9,DLA5,2018-08-08,15:51:02,3313071.0,Medium,FJ,33.93277,-117.49444,Dropoff,C-11.3J,6
RouteID_006f581c-3087-4edf-8802-278b078157b9,DLA5,2018-08-08,15:51:02,3313071.0,Medium,KZ,33.935918,-117.495871,Dropoff,C-11.3J,7
RouteID_006f581c-3087-4edf-8802-278b078157b9,DLA5,2018-08-08,15:51:02,3313071.0,Medium,OE,33.934533,-117.496183,Dropoff,C-11.3J,8
RouteID_006f581c-3087-4edf-8802-278b078157b9,DLA5,2018-08-08,15:51:02,3313071.0,Medium,DE,33.933451,-117.497287,Dropoff,C-11.3J,9
RouteID_006f581c-3087-4edf-8802-278b078157b9,DLA5,2018-08-08,15:51:02,3313071.0,Medium,SL,33.931219,-117.496328,Dropoff,C-11.3J,10
RouteID_006f581c-3087-4edf-8802-278b078157b9,DLA5,2018-08-08,15:51:02,3313071.0,Medium,VL,33.92949,-117.494327,Dropoff,C-11.3J,11
RouteID_006f581c-3087-4edf-8802-278b078157b9,DLA5,2018-08-08,15:51:02,3313071.0,Medium,KO,33.930109,-117.49373,Dropoff,C-11.3J,12
RouteID_006f581c-3087-4edf-8802-278b078157b9,DLA5,2018-08-08,15:51:02,3313071.0,Medium,EA,33.929293,-117.492958,Dropoff,C-11.3J,13
RouteID_006f581c-3087-4edf-8802-278b078157b9,DLA5,2018-08-08,15:51:02,3313071.0,Medium,YR,33.931135,-117.494839,Dropoff,C-11.3J,14
RouteID_006f581c-3087-4edf-8802-278b078157b9,DLA5,2018-08-08,15:51:02,3313071.0,Medium,VJ,33.929387,-117.496594,Dropoff,C-11.3H,15
RouteID_006f581c-3087-4edf-8802-278b078157b9,DLA5,2018-08-08,15:51:02,3313071.0,Medium,ST,33.930233,-117.496945,Dropoff,C-11.3H,16
RouteID_006f581c-3087-4edf-8802-278b078157b9,DLA5,2018-08-08,15:51:02,3313071.0,Medium,ZG,33.931913,-117.497593,Dropoff,C-11.3H,17
RouteID_006f581c-3087-4edf-8802-278b078157b9,DLA5,2018-08-08,15:51:02,3313071.0,Medium,RX,33.932754,-117.496939,Dropoff,C-11.3H,18
RouteID_006f581c-3087-4edf-8802-278b078157b9,DLA5,2018-08-08,15:51:02,3313071.0,Medium,IF,33.930211,-117.499191,Dropoff,C-11.3H,19
RouteID_006f581c-3087-4edf-8802-278b078157b9,DLA5,2018-08-08,15:51:02,3313071.0,Medium,LY,33.930087,-117.497876,Dropoff,C-11.3H,20
RouteID_006f581c-3087-4edf-8802-278b078157b9,DLA5,2018-08-08,15:51:02,3313071.0,Medium,LT,33.930563,-117.498303,Dropoff,C-11.3H,21
RouteID_006f581c-3087-4edf-8802-278b078157b9,DLA5,2018-08-08,15:51:02,3313071.0,Medium,GL,33.930995,-117.499285,Dropoff,C-11.3H,22
RouteID_006f581c-3087-4edf-8802-278b078157b9,DLA5,2018-08-08,15:51:02,3313071.0,Medium,IA,33.931619,-117.499999,Dropoff,C-11.3H,23
RouteID_006f581c-3087-4edf-8802-278b078157b9,DLA5,2018-08-08,15:51:02,3313071.0,Medium,QJ,33.932651,-117.498784,Dropoff,C-11.3H,24
RouteID_006f581c-3087-4edf-8802-278b078157b9,DLA5,2018-08-08,15:51:02,3313071.0,Medium,PA,33.93299,-117.498921,Dropoff,C-11.3H,25
RouteID_006f581c-3087-4edf-8802-278b078157b9,DLA5,2018-08-08,15:51:02,3313071.0,Medium,SH,33.934171,-117.500141,Dropoff,C-11.3H,26
RouteID_006f581c-3087-4edf-8802-278b078157b9,DLA5,2018-08-08,15:51:02,3313071.0,Medium,UX,33.933303,-117.50011,Dropoff,C-11.3H,27
RouteID_006f581c-3087-4edf-8802-278b078157b9,DLA5,2018-08-08,15:51:02,3313071.0,Medium,NU,33.932401,-117.500739,Dropoff,C-11.3H,28
RouteID_006f581c-3087-4edf-8802-278b078157b9,DLA5,2018-08-08,15:51:02,3313071.0,Medium,IL,33.931286,-117.500548,Dropoff,C-11.3H,29
RouteID_006f581c-3087-4edf-8802-278b078157b9,DLA5,2018-08-08,15:51:02,3313071.0,Medium,FS,33.932421,-117.501862,Dropoff,C-11.3H,30
RouteID_006f581c-3087-4edf-8802-278b078157b9,DLA5,2018-08-08,15:51:02,3313071.0,Medium,BS,33.933413,-117.502047,Dropoff,C-11.3H,31
RouteID_006f581c-3087-4edf-8802-278b078157b9,DLA5,2018-08-08,15:51:02,3313071.0,Medium,TN,33.935715,-117.500892,Dropoff,C-11.3H,32
RouteID_006f581c-3087-4edf-8802-278b078157b9,DLA5,2018-08-08,15:51:02,3313071.0,Medium,BC,33.936839,-117.500999,Dropoff,C-11.3H,33
RouteID_006f581c-3087-4edf-8802-278b078157b9,DLA5,2018-08-08,15:51:02,3313071.0,Medium,TC,33.936944,-117.500496,Dropoff,C-11.2H,34
RouteID_006f581c-3087-4edf-8802-278b078157b9,DLA5,2018-08-08,15:51:02,3313071.0,Medium,TJ,33.937061,-117.499991,Dropoff,C-11.2H,35
RouteID_006f581c-3087-4edf-8802-278b078157b9,DLA5,2018-08-08,15:51:02,3313071.0,Medium,QS,33.936573,-117.499079,Dropoff,C-11.2H,36
RouteID_006f581c-3087-4edf-8802-278b078157b9,DLA5,2018-08-08,15:51:02,3313071.0,Medium,CZ,33.938246,-117.498261,Dropoff,C-11.2H,37
RouteID_006f581c-3087-4edf-8802-278b078157b9,DLA5,2018-08-08,15:51:02,3313071.0,Medium,WT,33.936645,-117.497834,Dropoff,C-11.2H,38
RouteID_006f581c-3087-4edf-8802-278b078157b9,DLA5,2018-08-08,15:51:02,3313071.0,Medium,EL,33.939394,-117.499619,Dropoff,C-11.2H,39
RouteID_006f581c-3087-4edf-8802-278b078157b9,DLA5,2018-08-08,15:51:02,3313071.0,Medium,IM,33.94024,-117.499253,Dropoff,C-11.2H,40
RouteID_006f581c-3087-4edf-8802-278b078157b9,DLA5,2018-08-08,15:51:02,3313071.0,Medium,AW,33.940872,-117.499902,Dropoff,C-11.2H,41
RouteID_006f581c-3087-4edf-8802-278b078157b9,DLA5,2018-08-08,15:51:02,3313071.0,Medium,AH,33.939455,-117.498095,Dropoff,C-11.2H,42
RouteID_006f581c-3087-4edf-8802-278b078157b9,DLA5,2018-08-08,15:51:02,3313071.0,Medium,EF,33.942625,-117.4995,Dropoff,C-11.2H,43
RouteID_006f581c-3087-4edf-8802-278b078157b9,DLA5,2018-08-08,15:51:02,3313071.0,Medium,YC,33.942424,-117.499606,Dropoff,C-11.2H,44
RouteID_006f581c-3087-4edf-8802-278b078157b9,DLA5,2018-08-08,15:51:02,3313071.0,Medium,PM,33.94171,-117.502395,Dropoff,C-11.2H,45
RouteID_006f581c-3087-4edf-8802-278b078157b9,DLA5,2018-08-08,15:51:02,3313071.0,Medium,QL,33.946262,-117.504331,Dropoff,C-11.1H,46
RouteID_006f581c-3087-4edf-8802-278b078157b9,DLA5,2018-08-08,15:51:02,3313071.0,Medium,AN,33.948782,-117.504187,Dropoff,C-11.1H,47
RouteID_006f581c-3087-4edf-8802-278b078157b9,DLA5,2018-08-08,15:51:02,3313071.0,Medium,PF,33.946896,-117.504922,Dropoff,C-11.1H,48
RouteID_006f581c-3087-4edf-8802-278b078157b9,DLA5,2018-08-08,15:51:02,3313071.0,Medium,XI,33.945178,-117.504431,Dropoff,C-11.1H,49
RouteID_006f581c-3087-4edf-8802-278b078157b9,DLA5,2018-08-08,15:51:02,3313071.0,Medium,NE,33.9449,-117.503412,Dropoff,C-11.1H,50
RouteID_006f581c-3087-4edf-8802-278b078157b9,DLA5,2018-08-08,15:51:02,3313071.0,Medium,JC,33.943788,-117.503339,Dropoff,C-11.1H,51
RouteID_006f581c-3087-4edf-8802-278b078157b9,DLA5,2018-08-08,15:51:02,3313071.0,Medium,JE,33.943543,-117.503722,Dropoff,C-11.1H,52
RouteID_006f581c-3087-4edf-8802-278b078157b9,DLA5,2018-08-08,15:51:02,3313071.0,Medium,ZO,33.943345,-117.504883,Dropoff,C-11.1H,53
RouteID_006f581c-3087-4edf-8802-278b078157b9,DLA5,2018-08-08,15:51:02,3313071.0,Medium,BU,33.945521,-117.506962,Dropoff,C-11.1H,54
RouteID_006f581c-3087-4edf-8802-278b078157b9,DLA5,2018-08-08,15:51:02,3313071.0,Medium,VH,33.946727,-117.506634,Dropoff,C-11.1H,55
RouteID_006f581c-3087-4edf-8802-278b078157b9,DLA5,2018-08-08,15:51:02,3313071.0,Medium,TW,33.947061,-117.507573,Dropoff,C-11.1H,56
RouteID_006f581c-3087-4edf-8802-278b078157b9,DLA5,2018-08-08,15:51:02,3313071.0,Medium,WY,33.947354,-117.507172,Dropoff,C-11.1H,57
RouteID_006f581c-3087-4edf-8802-278b078157b9,DLA5,2018-08-08,15:51:02,3313071.0,Medium,OW,33.948363,-117.509985,Dropoff,C-11.1G,58
RouteID_006f581c-3087-4edf-8802-278b078157b9,DLA5,2018-08-08,15:51:02,3313071.0,Medium,BR,33.94853,-117.50971,Dropoff,C-11.1G,59
RouteID_006f581c-3087-4edf-8802-278b078157b9,DLA5,2018-08-08,15:51:02,3313071.0,Medium,GQ,33.948827,-117.510938,Dropoff,C-11.1G,60
RouteID_006f581c-3087-4edf-8802-278b078157b9,DLA5,2018-08-08,15:51:02,3313071.0,Medium,VS,33.950339,-117.511187,Dropoff,C-11.1G,61
RouteID_006f581c-3087-4edf-8802-278b078157b9,DLA5,2018-08-08,15:51:02,3313071.0,Medium,FN,33.94986,-117.50893,Dropoff,C-11.1G,62
RouteID_006f581c-3087-4edf-8802-278b078157b9,DLA5,2018-08-08,15:51:02,3313071.0,Medium,DR,33.948808,-117.507876,Dropoff,C-11.1G,63
RouteID_006f581c-3087-4edf-8802-278b078157b9,DLA5,2018-08-08,15:51:02,3313071.0,Medium,UE,33.951382,-117.523832,Dropoff,C-11.1G,64
RouteID_006f581c-3087-4edf-8802-278b078157b9,DLA5,2018-08-08,15:51:02,3313071.0,Medium,UC,33.951461,-117.504139,Dropoff,C-11.2G,65
RouteID_006f581c-3087-4edf-8802-278b078157b9,DLA5,2018-08-08,15:51:02,3313071.0,Medium,MI,33.950298,-117.502148,Dropoff,C-11.2G,66
RouteID_006f581c-3087-4edf-8802-278b078157b9,DLA5,2018-08-08,15:51:02,3313071.0,Medium,LH,33.951167,-117.501777,Dropoff,C-11.2G,67
RouteID_006f581c-3087-4edf-8802-278b078157b9,DLA5,2018-08-08,15:51:02,3313071.0,Medium,GS,33.949431,-117.500406,Dropoff,C-11.2G,68
RouteID_006f581c-3087-4edf-8802-278b078157b9,DLA5,2018-08-08,15:51:02,3313071.0,Medium,YQ,33.94789,-117.499678,Dropoff,C-11.2G,69
RouteID_006f581c-3087-4edf-8802-278b078157b9,DLA5,2018-08-08,15:51:02,3313071.0,Medium,WH,33.946698,-117.499336,Dropoff,C-11.2G,70
RouteID_006f581c-3087-4edf-8802-278b078157b9,DLA5,2018-08-08,15:51:02,3313071.0,Medium,HY,33.944875,-117.498567,Dropoff,C-11.2G,71
RouteID_006f581c-3087-4edf-8802-278b078157b9,DLA5,2018-08-08,15:51:02,3313071.0,Medium,UI,33.948866,-117.498909,Dropoff,C-11.2G,72
RouteID_006f581c-3087-4edf-8802-278b078157b9,DLA5,2018-08-08,15:51:02,3313071.0,Medium,TX,33.950257,-117.499864,Dropoff,C-11.2G,73
RouteID_006f581c-3087-4edf-8802-278b078157b9,DLA5,2018-08-08,15:51:02,3313071.0,Medium,RJ,33.951286,-117.49965,Dropoff,C-11.2G,74
RouteID_006f581c-3087-4edf-8802-278b078157b9,DLA5,2018-08-08,15:51:02,3313071.0,Medium,GX,33.951769,-117.500691,Dropoff,C-11.2G,75
RouteID_006f581c-3087-4edf-8802-278b078157b9,DLA5,2018-08-08,15:51:02,3313071.0,Medium,QZ,33.952523,-117.499409,Dropoff,C-11.3G,76
RouteID_006f581c-3087-4edf-8802-278b078157b9,DLA5,2018-08-08,15:51:02,3313071.0,Medium,ZM,33.949726,-117.495564,Dropoff,C-11.3G,77
RouteID_006f581c-3087-4edf-8802-278b078157b9,DLA5,2018-08-08,15:51:02,3313071.0,Medium,ZQ,33.949253,-117.495146,Dropoff,C-11.3G,78
RouteID_006f581c-3087-4edf-8802-278b078157b9,DLA5,2018-08-08,15:51:02,3313071.0,Medium,PB,33.949409,-117.495272,Dropoff,C-11.3G,79
RouteID_006f581c-3087-4edf-8802-278b078157b9,DLA5,2018-08-08,15:51:02,3313071.0,Medium,MK,33.945396,-117.493582,Dropoff,C-11.3G,80
RouteID_006f581c-3087-4edf-8802-278b078157b9,DLA5,2018-08-08,15:51:02,3313071.0,Medium,AX,33.947445,-117.49686,Dropoff,C-11.3G,81
RouteID_006f581c-3087-4edf-8802-278b078157b9,DLA5,2018-08-08,15:51:02,3313071.0,Medium,HX,33.947781,-117.497198,Dropoff,C-11.3G,82
RouteID_006f581c-3087-4edf-8802-278b078157b9,DLA5,2018-08-08,15:51:02,3313071.0,Medium,UB,33.952637,-117.49459,Dropoff,C-11.3E,83
RouteID_006f581c-3087-4edf-8802-278b078157b9,DLA5,2018-08-08,15:51:02,3313071.0,Medium,EM,33.951772,-117.494607,Dropoff,C-11.3E,84
RouteID_006f581c-3087-4edf-8802-278b078157b9,DLA5,2018-08-08,15:51:02,3313071.0,Medium,JI,33.95205,-117.493204,Dropoff,C-11.3E,85
RouteID_006f581c-3087-4edf-8802-278b078157b9,DLA5,2018-08-08,15:51:02,3313071.0,Medium,CE,33.949506,-117.492914,Dropoff,C-11.3E,86
RouteID_006f581c-3087-4edf-8802-278b078157b9,DLA5,2018-08-08,15:51:02,3313071.0,Medium,VC,33.95008,-117.491391,Dropoff,C-11.3E,87
RouteID_006f581c-3087-4edf-8802-278b078157b9,DLA5,2018-08-08,15:51:02,3313071.0,Medium,FT,33.951577,-117.491347,Dropoff,C-11.3E,88
RouteID_006f581c-3087-4edf-8802-278b078157b9,DLA5,2018-08-08,15:51:02,3313071.0,Medium,CY,33.952419,-117.488018,Dropoff,C-11.3E,89
RouteID_006f581c-3087-4edf-8802-278b078157b9,DLA5,2018-08-08,15:51:02,3313071.0,Medium,YL,33.951417,-117.487915,Dropoff,C-11.3E,90
RouteID_006f581c-3087-4edf-8802-278b078157b9,DLA5,2018-08-08,15:51:02,3313071.0,Medium,GK,33.950444,-117.486147,Dropoff,C-11.3E,91
RouteID_006f581c-3087-4edf-8802-278b078157b9,DLA5,2018-08-08,15:51:02,3313071.0,Medium,KQ,33.948642,-117.484967,Dropoff,C-11.3E,92
RouteID_006f581c-3087-4edf-8802-278b078157b9,DLA5,2018-08-08,15:51:02,3313071.0,Medium,OZ,33.948038,-117.484304,Dropoff,C-11.3E,93
RouteID_006f581c-3087-4edf-8802-278b078157b9,DLA5,2018-08-08,15:51:02,3313071.0,Medium,OO,33.949836,-117.485164,Dropoff,C-11.3E,94
RouteID_006f581c-3087-4edf-8802-278b078157b9,DLA5,2018-08-08,15:51:02,3313071.0,Medium,OD,33.94754,-117.489691,Dropoff,C-11.3E,95
RouteID_006f581c-3087-4edf-8802-278b078157b9,DLA5,2018-08-08,15:51:02,3313071.0,Medium,FI,33.942633,-117.489219,Dropoff,C-11.2E,96
RouteID_006f581c-3087-4edf-8802-278b078157b9,DLA5,2018-08-08,15:51:02,3313071.0,Medium,OG,33.93868,-117.495986,Dropoff,C-11.2E,97
RouteID_006f581c-3087-4edf-8802-278b078157b9,DLA5,2018-08-08,15:51:02,3313071.0,Medium,JJ,33.942916,-117.491747,Dropoff,C-11.2E,98
RouteID_006f581c-3087-4edf-8802-278b078157b9,DLA5,2018-08-08,15:51:02,3313071.0,Medium,HD,33.943858,-117.493645,Dropoff,C-11.2E,99
RouteID_006f581c-3087-4edf-8802-278b078157b9,DLA5,2018-08-08,15:51:02,3313071.0,Medium,EV,33.944432,-117.490484,Dropoff,C-11.2E,100
RouteID_006f581c-3087-4edf-8802-278b078157b9,DLA5,2018-08-08,15:51:02,3313071.0,Medium,RA,33.943754,-117.486596,Dropoff,C-11.2E,101
RouteID_006f581c-3087-4edf-8802-278b078157b9,DLA5,2018-08-08,15:51:02,3313071.0,Medium,GU,33.94194,-117.48569,Dropoff,C-11.2E,102
RouteID_006f581c-3087-4edf-8802-278b078157b9,DLA5,2018-08-08,15:51:02,3313071.0,Medium,VX,33.939073,-117.487033,Dropoff,C-11.2E,103
RouteID_006f581c-3087-4edf-8802-278b078157b9,DLA5,2018-08-08,15:51:02,3313071.0,Medium,PV,33.938442,-117.487065,Dropoff,C-11.2E,104
RouteID_006f581c-3087-4edf-8802-278b078157b9,DLA5,2018-08-08,15:51:02,3313071.0,Medium,NC,33.936635,-117.484672,Dropoff,C-11.1E,105
RouteID_006f581c-3087-4edf-8802-278b078157b9,DLA5,2018-08-08,15:51:02,3313071.0,Medium,TZ,33.93794,-117.482023,Dropoff,C-11.1E,106
RouteID_006f581c-3087-4edf-8802-278b078157b9,DLA5,2018-08-08,15:51:02,3313071.0,Medium,QG,33.939373,-117.481522,Dropoff,C-11.1E,107
RouteID_006f581c-3087-4edf-8802-278b078157b9,DLA5,2018-08-08,15:51:02,3313071.0,Medium,NS,33.941639,-117.481239,Dropoff,C-11.1E,108
RouteID_006f581c-3087-4edf-8802-278b078157b9,DLA5,2018-08-08,15:51:02,3313071.0,Medium,BF,33.941725,-117.481601,Dropoff,C-11.1E,109
RouteID_006f581c-3087-4edf-8802-278b078157b9,DLA5,2018-08-08,15:51:02,3313071.0,Medium,XN,33.943152,-117.483819,Dropoff,C-11.1E,110
RouteID_006f581c-3087-4edf-8802-278b078157b9,DLA5,2018-08-08,15:51:02,3313071.0,Medium,QV,33.941535,-117.482154,Dropoff,C-11.1E,111
RouteID_006f581c-3087-4edf-8802-278b078157b9,DLA5,2018-08-08,15:51:02,3313071.0,Medium,AB,33.942221,-117.48116,Dropoff,C-11.1E,112
RouteID_006f581c-3087-4edf-8802-278b078157b9,DLA5,2018-08-08,15:51:02,3313071.0,Medium,WV,33.944352,-117.480919,Dropoff,C-11.1E,113
RouteID_006f581c-3087-4edf-8802-278b078157b9,DLA5,2018-08-08,15:51:02,3313071.0,Medium,PO,33.944711,-117.481939,Dropoff,C-11.1E,114
RouteID_006f581c-3087-4edf-8802-278b078157b9,DLA5,2018-08-08,15:51:02,3313071.0,Medium,AZ,33.944081,-117.48095,Dropoff,C-11.1E,115
RouteID_006f581c-3087-4edf-8802-278b078157b9,DLA5,2018-08-08,15:51:02,3313071.0,Medium,UZ,33.943105,-117.480002,Dropoff,C-11.1E,116
RouteID_006f581c-3087-4edf-8802-278b078157b9,DLA5,2018-08-08,15:51:02,3313071.0,Medium,HM,33.941733,-117.479349,Dropoff,C-11.1E,117
RouteID_006f581c-3087-4edf-8802-278b078157b9,DLA5,2018-08-08,15:51:02,3313071.0,Medium,VR,33.939489,-117.479776,Dropoff,C-11.1E,118
RouteID_006f581c-3087-4edf-8802-278b078157b9,DLA5,2018-08-08,15:51:02,3313071.0,Medium,ML,33.936786,-117.478833,Dropoff,C-11.1E,119
RouteID_006f581c-3087-4edf-8802-278b078157b9,DLA5,2018-08-08,15:51:02,3313071.0,Medium,BJ,33.939867,-117.478413,Dropoff,C-11.1E,120
RouteID_006f581c-3087-4edf-8802-278b078157b9,DLA5,2018-08-08,15:51:02,3313071.0,Medium,DL,33.94077,-117.47812,Dropoff,C-11.1E,121
RouteID_006f581c-3087-4edf-8802-278b078157b9,DLA5,2018-08-08,15:51:02,3313071.0,Medium,PK,33.944851,-117.476312,Dropoff,C-11.1D,122
RouteID_006f581c-3087-4edf-8802-278b078157b9,DLA5,2018-08-08,15:51:02,3313071.0,Medium,ND,33.944945,-117.47268,Dropoff,C-11.1D,123
RouteID_006f581c-3087-4edf-8802-278b078157b9,DLA5,2018-08-08,15:51:02,3313071.0,Medium,YB,33.946522,-117.473393,Dropoff,C-11.1D,124
RouteID_006f581c-3087-4edf-8802-278b078157b9,DLA5,2018-08-08,15:51:02,3313071.0,Medium,SK,33.951668,-117.477907,Dropoff,C-11.1D,125
RouteID_006f581c-3087-4edf-8802-278b078157b9,DLA5,2018-08-08,15:51:02,3313071.0,Medium,GD,33.950959,-117.478918,Dropoff,C-11.1D,126
RouteID_006f581c-3087-4edf-8802-278b078157b9,DLA5,2018-08-08,15:51:02,3313071.0,Medium,IP,33.952461,-117.479295,Dropoff,C-11.1D,127
RouteID_006f581c-3087-4edf-8802-278b078157b9,DLA5,2018-08-08,15:51:02,3313071.0,Medium,ZB,33.952681,-117.479392,Dropoff,C-11.1D,128
RouteID_006f581c-3087-4edf-8802-278b078157b9,DLA5,2018-08-08,15:51:02,3313071.0,Medium,NF,33.953244,-117.479645,Dropoff,C-11.1D,129
RouteID_006f581c-3087-4edf-8802-278b078157b9,DLA5,2018-08-08,15:51:02,3313071.0,Medium,SS,33.951963,-117.476679,Dropoff,C-11.2D,130
RouteID_006f581c-3087-4edf-8802-278b078157b9,DLA5,2018-08-08,15:51:02,3313071.0,Medium,UP,33.953345,-117.477227,Dropoff,C-11.2D,131
RouteID_006f581c-3087-4edf-8802-278b078157b9,DLA5,2018-08-08,15:51:02,3313071.0,Medium,XO,33.952809,-117.476991,Dropoff,C-11.2D,132
RouteID_006f581c-3087-4edf-8802-278b078157b9,DLA5,2018-08-08,15:51:02,3313071.0,Medium,PR,33.954335,-117.477957,Dropoff,C-11.2D,133
RouteID_006f581c-3087-4edf-8802-278b078157b9,DLA5,2018-08-08,15:51:02,3313071.0,Medium,MD,33.954433,-117.477695,Dropoff,C-11.2D,134
RouteID_006f581c-3087-4edf-8802-278b078157b9,DLA5,2018-08-08,15:51:02,3313071.0,Medium,LE,33.955144,-117.477276,Dropoff,C-11.2D,135
RouteID_006f581c-3087-4edf-8802-278b078157b9,DLA5,2018-08-08,15:51:02,3313071.0,Medium,XH,33.955803,-117.477819,Dropoff,C-11.2D,136
RouteID_006f581c-3087-4edf-8802-278b078157b9,DLA5,2018-08-08,15:51:02,3313071.0,Medium,GW,33.955817,-117.475751,Dropoff,C-11.2D,137
RouteID_006f581c-3087-4edf-8802-278b078157b9,DLA5,2018-08-08,15:51:02,3313071.0,Medium,OU,33.953755,-117.475263,Dropoff,C-11.2D,138
RouteID_006f581c-3087-4edf-8802-278b078157b9,DLA5,2018-08-08,15:51:02,3313071.0,Medium,AM,33.953432,-117.474799,Dropoff,C-11.2D,139
RouteID_006f581c-3087-4edf-8802-278b078157b9,DLA5,2018-08-08,15:51:02,3313071.0,Medium,WE,33.953,-117.47565,Dropoff,C-11.2D,140
RouteID_006f581c-3087-4edf-8802-278b078157b9,DLA5,2018-08-08,15:51:02,3313071.0,Medium,IJ,33.952312,-117.47455,Dropoff,C-11.2D,141
RouteID_006f581c-3087-4edf-8802-278b078157b9,DLA5,2018-08-08,15:51:02,3313071.0,Medium,JR,33.952804,-117.473498,Dropoff,C-11.3D,142
RouteID_006f581c-3087-4edf-8802-278b078157b9,DLA5,2018-08-08,15:51:02,3313071.0,Medium,YV,33.953011,-117.471181,Dropoff,C-11.3D,143
RouteID_006f581c-3087-4edf-8802-278b078157b9,DLA5,2018-08-08,15:51:02,3313071.0,Medium,MF,33.953479,-117.470449,Dropoff,C-11.3D,144
RouteID_006f581c-3087-4edf-8802-278b078157b9,DLA5,2018-08-08,15:51:02,3313071.0,Medium,GV,33.954724,-117.473306,Dropoff,C-11.3D,145
RouteID_006f581c-3087-4edf-8802-278b078157b9,DLA5,2018-08-08,15:51:02,3313071.0,Medium,CW,33.955647,-117.473703,Dropoff,C-11.3D,146
RouteID_006f581c-3087-4edf-8802-278b078157b9,DLA5,2018-08-08,15:51:02,3313071.0,Medium,YN,33.956188,-117.474589,Dropoff,C-11.3D,147
RouteID_006f581c-3087-4edf-8802-278b078157b9,DLA5,2018-08-08,15:51:02,3313071.0,Medium,AA,33.956597,-117.47613,Dropoff,C-11.3D,148
RouteID_006f581c-3087-4edf-8802-278b078157b9,DLA5,2018-08-08,15:51:02,3313071.0,Medium,QF,33.957403,-117.47802,Dropoff,C-11.3D,149
RouteID_006f581c-3087-4edf-8802-278b078157b9,DLA5,2018-08-08,15:51:02,3313071.0,Medium,XP,33.957272,-117.479037,Dropoff,C-11.3D,150
RouteID_006f581c-3087-4edf-8802-278b078157b9,DLA5,2018-08-08,15:51:02,3313071.0,Medium,BK,33.957885,-117.47937,Dropoff,C-11.3D,151
RouteID_006f581c-3087-4edf-8802-278b078157b9,DLA5,2018-08-08,15:51:02,3313071.0,Medium,WN,33.958237,-117.479054,Dropoff,C-11.3D,152
RouteID_006f581c-3087-4edf-8802-278b078157b9,DLA5,2018-08-08,15:51:02,3313071.0,Medium,XK,33.960257,-117.478867,Dropoff,C-11.3C,153
RouteID_006f581c-3087-4edf-8802-278b078157b9,DLA5,2018-08-08,15:51:02,3313071.0,Medium,NN,33.961507,-117.478968,Dropoff,C-11.3C,154
RouteID_006f581c-3087-4edf-8802-278b078157b9,DLA5,2018-08-08,15:51:02,3313071.0,Medium,TE,33.961896,-117.478403,Dropoff,C-11.3C,155
RouteID_006f581c-3087-4edf-8802-278b078157b9,DLA5,2018-08-08,15:51:02,3313071.0,Medium,MW,33.961293,-117.478049,Dropoff,C-11.3C,156
RouteID_006f581c-3087-4edf-8802-278b078157b9,DLA5,2018-08-08,15:51:02,3313071.0,Medium,WO,33.961579,-117.47806,Dropoff,C-11.3C,157
RouteID_006f581c-3087-4edf-8802-278b078157b9,DLA5,2018-08-08,15:51:02,3313071.0,Medium,FB,33.96209,-117.478087,Dropoff,C-11.3C,158
RouteID_006f581c-3087-4edf-8802-278b078157b9,DLA5,2018-08-08,15:51:02,3313071.0,Medium,YJ,33.961669,-117.476987,Dropoff,C-11.3C,159
RouteID_006f581c-3087-4edf-8802-278b078157b9,DLA5,2018-08-08,15:51:02,3313071.0,Medium,BP,33.960874,-117.477247,Dropoff,C-11.3C,160
RouteID_006f581c-3087-4edf-8802-278b078157b9,DLA5,2018-08-08,15:51:02,3313071.0,Medium,JK,33.960138,-117.477671,Dropoff,C-11.3C,161
RouteID_006f581c-3087-4edf-8802-278b078157b9,DLA5,2018-08-08,15:51:02,3313071.0,Medium,PZ,33.960451,-117.475211,Dropoff,C-11.3C,162
RouteID_006f581c-3087-4edf-8802-278b078157b9,DLA5,2018-08-08,15:51:02,3313071.0,Medium,HG,33.95963,-117.475889,Dropoff,C-11.3C,163
RouteID_006f581c-3087-4edf-8802-278b078157b9,DLA5,2018-08-08,15:51:02,3313071.0,Medium,GA,33.955918,-117.473304,Dropoff,C-11.2C,164
RouteID_006f581c-3087-4edf-8802-278b078157b9,DLA5,2018-08-08,15:51:02,3313071.0,Medium,WX,33.956701,-117.472398,Dropoff,C-11.2C,165
RouteID_006f581c-3087-4edf-8802-278b078157b9,DLA5,2018-08-08,15:51:02,3313071.0,Medium,IV,33.956907,-117.471411,Dropoff,C-11.2C,166
RouteID_006f581c-3087-4edf-8802-278b078157b9,DLA5,2018-08-08,15:51:02,3313071.0,Medium,WL,33.955166,-117.471504,Dropoff,C-11.2C,167
RouteID_006f581c-3087-4edf-8802-278b078157b9,DLA5,2018-08-08,15:51:02,3313071.0,Medium,VV,33.954489,-117.469003,Dropoff,C-11.2C,168
RouteID_006f581c-3087-4edf-8802-278b078157b9,DLA5,2018-08-08,15:51:02,3313071.0,Medium,KT,33.955082,-117.4678,Dropoff,C-11.2C,169
RouteID_006f581c-3087-4edf-8802-278b078157b9,DLA5,2018-08-08,15:51:02,3313071.0,Medium,KX,33.958835,-117.466681,Dropoff,C-11.2C,170
RouteID_006f581c-3087-4edf-8802-278b078157b9,DLA5,2018-08-08,15:51:02,3313071.0,Medium,VP,33.959422,-117.466181,Dropoff,C-11.2C,171
RouteID_006f581c-3087-4edf-8802-278b078157b9,DLA5,2018-08-08,15:51:02,3313071.0,Medium,VG,33.959556,-117.46799,Dropoff,C-11.2C,172
RouteID_006f581c-3087-4edf-8802-278b078157b9,DLA5,2018-08-08,15:51:02,3313071.0,Medium,XY,33.960074,-117.467159,Dropoff,C-11.2C,173
RouteID_006f581c-3087-4edf-8802-278b078157b9,DLA5,2018-08-08,15:51:02,3313071.0,Medium,GI,33.959908,-117.468869,Dropoff,C-11.2C,174
RouteID_006f581c-3087-4edf-8802-278b078157b9,DLA5,2018-08-08,15:51:02,3313071.0,Medium,ID,33.959232,-117.468872,Dropoff,C-11.2C,175
RouteID_006f581c-3087-4edf-8802-278b078157b9,DLA5,2018-08-08,15:51:02,3313071.0,Medium,LS,33.955826,-117.467245,Dropoff,C-11.2C,176
RouteID_006f581c-3087-4edf-8802-278b078157b9,DLA5,2018-08-08,15:51:02,3313071.0,Medium,DZ,33.95279,-117.468549,Dropoff,C-11.1C,177
RouteID_006f581c-3087-4edf-8802-278b078157b9,DLA5,2018-08-08,15:51:02,3313071.0,Medium,PJ,33.952787,-117.468272,Dropoff,C-11.1C,178
RouteID_006f581c-3087-4edf-8802-278b078157b9,DLA5,2018-08-08,15:51:02,3313071.0,Medium,CR,33.951805,-117.466046,Dropoff,C-11.1C,179
RouteID_006f581c-3087-4edf-8802-278b078157b9,DLA5,2018-08-08,15:51:02,3313071.0,Medium,YG,33.951381,-117.463288,Dropoff,C-11.1C,180
RouteID_006f581c-3087-4edf-8802-278b078157b9,DLA5,2018-08-08,15:51:02,3313071.0,Medium,KJ,33.952233,-117.463486,Dropoff,C-11.1C,181
RouteID_006f581c-3087-4edf-8802-278b078157b9,DLA5,2018-08-08,15:51:02,3313071.0,Medium,UF,33.955366,-117.464242,Dropoff,C-11.1C,182
RouteID_006f581c-3087-4edf-8802-278b078157b9,DLA5,2018-08-08,15:51:02,3313071.0,Medium,DS,33.952747,-117.465138,Dropoff,C-11.1C,183
RouteID_006f581c-3087-4edf-8802-278b078157b9,DLA5,2018-08-08,15:51:02,3313071.0,Medium,NA,33.95514,-117.465136,Dropoff,C-11.1C,184
RouteID_00747543-3f2f-47ae-a2f2-91b30ce207ab,DCH3,2018-08-08,15:30:00,3313071.0,High,RT,41.803295,-88.097259,Station,,0
RouteID_00747543-3f2f-47ae-a2f2-91b30ce207ab,DCH3,2018-08-08,15:30:00,3313071.0,High,DT,41.651883,-88.255268,Dropoff,A-2.1E,1
RouteID_00747543-3f2f-47ae-a2f2-91b30ce207ab,DCH3,2018-08-08,15:30:00,3313071.0,High,TR,41.651825,-88.254463,Dropoff,A-2.1E,2
RouteID_00747543-3f2f-47ae-a2f2-91b30ce207ab,DCH3,2018-08-08,15:30:00,3313071.0,High,QU,41.652994,-88.254863,Dropoff,A-2.1E,3
RouteID_00747543-3f2f-47ae-a2f2-91b30ce207ab,DCH3,2018-08-08,15:30:00,3313071.0,High,NU,41.652936,-88.255577,Dropoff,A-2.1E,4
RouteID_00747543-3f2f-47ae-a2f2-91b30ce207ab,DCH3,2018-08-08,15:30:00,3313071.0,High,WL,41.652629,-88.257307,Dropoff,A-2.1E,5
RouteID_00747543-3f2f-47ae-a2f2-91b30ce207ab,DCH3,2018-08-08,15:30:00,3313071.0,High,DZ,41.652472,-88.258425,Dropoff,A-2.1E,6
RouteID_00747543-3f2f-47ae-a2f2-91b30ce207ab,DCH3,2018-08-08,15:30:00,3313071.0,High,QB,41.657035,-88.260166,Dropoff,A-2.1E,7
RouteID_00747543-3f2f-47ae-a2f2-91b30ce207ab,DCH3,2018-08-08,15:30:00,3313071.0,High,KQ,41.655442,-88.261896,Dropoff,A-2.1E,8
RouteID_00747543-3f2f-47ae-a2f2-91b30ce207ab,DCH3,2018-08-08,15:30:00,3313071.0,High,LH,41.649079,-88.25857,Dropoff,A-2.1E,9
RouteID_00747543-3f2f-47ae-a2f2-91b30ce207ab,DCH3,2018-08-08,15:30:00,3313071.0,High,IV,41.645611,-88.255405,Dropoff,A-2.1E,10
RouteID_00747543-3f2f-47ae-a2f2-91b30ce207ab,DCH3,2018-08-08,15:30:00,3313071.0,High,WM,41.644754,-88.25539,Dropoff,A-2.1E,11
RouteID_00747543-3f2f-47ae-a2f2-91b30ce207ab,DCH3,2018-08-08,15:30:00,3313071.0,High,ZU,41.644363,-88.253425,Dropoff,A-2.1E,12
RouteID_00747543-3f2f-47ae-a2f2-91b30ce207ab,DCH3,2018-08-08,15:30:00,3313071.0,High,JO,41.644631,-88.253106,Dropoff,A-2.1E,13
RouteID_00747543-3f2f-47ae-a2f2-91b30ce207ab,DCH3,2018-08-08,15:30:00,3313071.0,High,BK,41.645139,-88.252996,Dropoff,A-2.1E,14
RouteID_00747543-3f2f-47ae-a2f2-91b30ce207ab,DCH3,2018-08-08,15:30:00,3313071.0,High,XU,41.648459,-88.253684,Dropoff,A-2.1E,15
RouteID_00747543-3f2f-47ae-a2f2-91b30ce207ab,DCH3,2018-08-08,15:30:00,3313071.0,High,AO,41.648809,-88.253672,Dropoff,A-2.1E,16
RouteID_00747543-3f2f-47ae-a2f2-91b30ce207ab,DCH3,2018-08-08,15:30:00,3313071.0,High,QZ,41.64979,-88.253636,Dropoff,A-2.1E,17
RouteID_00747543-3f2f-47ae-a2f2-91b30ce207ab,DCH3,2018-08-08,15:30:00,3313071.0,High,JE,41.647683,-88.27177,Dropoff,A-2.2D,18
RouteID_00747543-3f2f-47ae-a2f2-91b30ce207ab,DCH3,2018-08-08,15:30:00,3313071.0,High,IA,41.645657,-88.271172,Dropoff,A-2.2D,19
RouteID_00747543-3f2f-47ae-a2f2-91b30ce207ab,DCH3,2018-08-08,15:30:00,3313071.0,High,GU,41.647293,-88.271732,Dropoff,A-2.2D,20
RouteID_00747543-3f2f-47ae-a2f2-91b30ce207ab,DCH3,2018-08-08,15:30:00,3313071.0,High,OE,41.646427,-88.272299,Dropoff,A-2.2D,21
RouteID_00747543-3f2f-47ae-a2f2-91b30ce207ab,DCH3,2018-08-08,15:30:00,3313071.0,High,ZD,41.645724,-88.272949,Dropoff,A-2.2D,22
RouteID_00747543-3f2f-47ae-a2f2-91b30ce207ab,DCH3,2018-08-08,15:30:00,3313071.0,High,ML,41.649971,-88.27408,Dropoff,A-2.2D,23
RouteID_00747543-3f2f-47ae-a2f2-91b30ce207ab,DCH3,2018-08-08,15:30:00,3313071.0,High,TD,41.646,-88.278087,Dropoff,,24
RouteID_00747543-3f2f-47ae-a2f2-91b30ce207ab,DCH3,2018-08-08,15:30:00,3313071.0,High,ZV,41.646193,-88.276836,Dropoff,A-2.3D,25
RouteID_00747543-3f2f-47ae-a2f2-91b30ce207ab,DCH3,2018-08-08,15:30:00,3313071.0,High,WK,41.647059,-88.276416,Dropoff,A-2.3D,26
RouteID_00747543-3f2f-47ae-a2f2-91b30ce207ab,DCH3,2018-08-08,15:30:00,3313071.0,High,II,41.644815,-88.274107,Dropoff,A-2.3D,27
RouteID_00747543-3f2f-47ae-a2f2-91b30ce207ab,DCH3,2018-08-08,15:30:00,3313071.0,High,EE,41.643994,-88.276344,Dropoff,A-2.3D,28
RouteID_00747543-3f2f-47ae-a2f2-91b30ce207ab,DCH3,2018-08-08,15:30:00,3313071.0,High,XB,41.643989,-88.276802,Dropoff,A-2.3D,29
RouteID_00747543-3f2f-47ae-a2f2-91b30ce207ab,DCH3,2018-08-08,15:30:00,3313071.0,High,RU,41.643985,-88.277166,Dropoff,A-2.3D,30
RouteID_00747543-3f2f-47ae-a2f2-91b30ce207ab,DCH3,2018-08-08,15:30:00,3313071.0,High,BX,41.6423,-88.276335,Dropoff,A-2.3D,31
RouteID_00747543-3f2f-47ae-a2f2-91b30ce207ab,DCH3,2018-08-08,15:30:00,3313071.0,High,MJ,41.641273,-88.276293,Dropoff,A-2.3D,32
RouteID_00747543-3f2f-47ae-a2f2-91b30ce207ab,DCH3,2018-08-08,15:30:00,3313071.0,High,NL,41.63884,-88.27787,Dropoff,A-2.3D,33
RouteID_00747543-3f2f-47ae-a2f2-91b30ce207ab,DCH3,2018-08-08,15:30:00,3313071.0,High,JC,41.640069,-88.276864,Dropoff,A-2.3D,34
RouteID_00747543-3f2f-47ae-a2f2-91b30ce207ab,DCH3,2018-08-08,15:30:00,3313071.0,High,KV,41.640254,-88.275287,Dropoff,A-2.3D,35
RouteID_00747543-3f2f-47ae-a2f2-91b30ce207ab,DCH3,2018-08-08,15:30:00,3313071.0,High,YZ,41.640801,-88.275023,Dropoff,A-2.3D,36
RouteID_00747543-3f2f-47ae-a2f2-91b30ce207ab,DCH3,2018-08-08,15:30:00,3313071.0,High,TV,41.642436,-88.275102,Dropoff,A-2.3D,37
RouteID_00747543-3f2f-47ae-a2f2-91b30ce207ab,DCH3,2018-08-08,15:30:00,3313071.0,High,LD,41.637071,-88.269808,Dropoff,A-2.3C,38
RouteID_00747543-3f2f-47ae-a2f2-91b30ce207ab,DCH3,2018-08-08,15:30:00,3313071.0,High,HY,41.637603,-88.269817,Dropoff,,39
RouteID_00747543-3f2f-47ae-a2f2-91b30ce207ab,DCH3,2018-08-08,15:30:00,3313071.0,High,MX,41.638192,-88.271353,Dropoff,A-2.3C,40
RouteID_00747543-3f2f-47ae-a2f2-91b30ce207ab,DCH3,2018-08-08,15:30:00,3313071.0,High,UU,41.635714,-88.273948,Dropoff,A-2.3C,41
RouteID_00747543-3f2f-47ae-a2f2-91b30ce207ab,DCH3,2018-08-08,15:30:00,3313071.0,High,PL,41.633446,-88.272068,Dropoff,A-2.3C,42
RouteID_00747543-3f2f-47ae-a2f2-91b30ce207ab,DCH3,2018-08-08,15:30:00,3313071.0,High,WX,41.636181,-88.260746,Dropoff,A-2.3C,43
RouteID_00747543-3f2f-47ae-a2f2-91b30ce207ab,DCH3,2018-08-08,15:30:00,3313071.0,High,VU,41.637619,-88.267841,Dropoff,A-2.3C,44
RouteID_00747543-3f2f-47ae-a2f2-91b30ce207ab,DCH3,2018-08-08,15:30:00,3313071.0,High,ID,41.638119,-88.265622,Dropoff,A-2.3C,45
RouteID_00747543-3f2f-47ae-a2f2-91b30ce207ab,DCH3,2018-08-08,15:30:00,3313071.0,High,DB,41.639529,-88.261387,Dropoff,A-2.2C,46
RouteID_00747543-3f2f-47ae-a2f2-91b30ce207ab,DCH3,2018-08-08,15:30:00,3313071.0,High,WB,41.63987,-88.260195,Dropoff,A-2.2C,47
RouteID_00747543-3f2f-47ae-a2f2-91b30ce207ab,DCH3,2018-08-08,15:30:00,3313071.0,High,KX,41.638748,-88.25978,Dropoff,A-2.2C,48
RouteID_00747543-3f2f-47ae-a2f2-91b30ce207ab,DCH3,2018-08-08,15:30:00,3313071.0,High,SM,41.63922,-88.259804,Dropoff,A-2.2C,49
RouteID_00747543-3f2f-47ae-a2f2-91b30ce207ab,DCH3,2018-08-08,15:30:00,3313071.0,High,NW,41.645748,-88.266107,Dropoff,A-2.2C,50
RouteID_00747543-3f2f-47ae-a2f2-91b30ce207ab,DCH3,2018-08-08,15:30:00,3313071.0,High,YY,41.648557,-88.2659,Dropoff,A-2.2C,51
RouteID_00747543-3f2f-47ae-a2f2-91b30ce207ab,DCH3,2018-08-08,15:30:00,3313071.0,High,SF,41.647841,-88.264734,Dropoff,A-2.2C,52
RouteID_00747543-3f2f-47ae-a2f2-91b30ce207ab,DCH3,2018-08-08,15:30:00,3313071.0,High,PO,41.65,-88.265927,Dropoff,A-2.2C,53
RouteID_00747543-3f2f-47ae-a2f2-91b30ce207ab,DCH3,2018-08-08,15:30:00,3313071.0,High,TG,41.649791,-88.26482,Dropoff,A-2.2C,54
RouteID_00747543-3f2f-47ae-a2f2-91b30ce207ab,DCH3,2018-08-08,15:30:00,3313071.0,High,FX,41.650001,-88.262418,Dropoff,A-2.1D,55
RouteID_00747543-3f2f-47ae-a2f2-91b30ce207ab,DCH3,2018-08-08,15:30:00,3313071.0,High,CK,41.64964,-88.26039,Dropoff,A-2.1D,56
RouteID_00747543-3f2f-47ae-a2f2-91b30ce207ab,DCH3,2018-08-08,15:30:00,3313071.0,High,WP,41.647209,-88.260492,Dropoff,A-2.1D,57
RouteID_00747543-3f2f-47ae-a2f2-91b30ce207ab,DCH3,2018-08-08,15:30:00,3313071.0,High,KJ,41.645769,-88.260077,Dropoff,A-2.1D,58
RouteID_00747543-3f2f-47ae-a2f2-91b30ce207ab,DCH3,2018-08-08,15:30:00,3313071.0,High,GF,41.644737,-88.260043,Dropoff,A-2.1D,59
RouteID_00747543-3f2f-47ae-a2f2-91b30ce207ab,DCH3,2018-08-08,15:30:00,3313071.0,High,PB,41.644303,-88.260297,Dropoff,A-2.1D,60
RouteID_00747543-3f2f-47ae-a2f2-91b30ce207ab,DCH3,2018-08-08,15:30:00,3313071.0,High,LJ,41.643618,-88.260199,Dropoff,A-2.1D,61
RouteID_00747543-3f2f-47ae-a2f2-91b30ce207ab,DCH3,2018-08-08,15:30:00,3313071.0,High,BV,41.645467,-88.261307,Dropoff,A-2.1D,62
RouteID_00747543-3f2f-47ae-a2f2-91b30ce207ab,DCH3,2018-08-08,15:30:00,3313071.0,High,TL,41.646031,-88.261328,Dropoff,A-2.1D,63
RouteID_00747543-3f2f-47ae-a2f2-91b30ce207ab,DCH3,2018-08-08,15:30:00,3313071.0,High,ZW,41.646632,-88.261483,Dropoff,A-2.1D,64
RouteID_00747543-3f2f-47ae-a2f2-91b30ce207ab,DCH3,2018-08-08,15:30:00,3313071.0,High,DS,41.647001,-88.261989,Dropoff,A-2.1D,65
RouteID_00747543-3f2f-47ae-a2f2-91b30ce207ab,DCH3,2018-08-08,15:30:00,3313071.0,High,PK,41.648662,-88.261349,Dropoff,A-2.1D,66
RouteID_00747543-3f2f-47ae-a2f2-91b30ce207ab,DCH3,2018-08-08,15:30:00,3313071.0,High,YE,41.649073,-88.261312,Dropoff,A-2.1D,67
RouteID_00747543-3f2f-47ae-a2f2-91b30ce207ab,DCH3,2018-08-08,15:30:00,3313071.0,High,OQ,41.648032,-88.262574,Dropoff,A-2.1D,68
RouteID_00747543-3f2f-47ae-a2f2-91b30ce207ab,DCH3,2018-08-08,15:30:00,3313071.0,High,EA,41.646775,-88.263186,Dropoff,A-2.1D,69
RouteID_00747543-3f2f-47ae-a2f2-91b30ce207ab,DCH3,2018-08-08,15:30:00,3313071.0,High,SL,41.64618,-88.262678,Dropoff,A-2.1D,70
RouteID_00747543-3f2f-47ae-a2f2-91b30ce207ab,DCH3,2018-08-08,15:30:00,3313071.0,High,JX,41.645716,-88.262536,Dropoff,A-2.1D,71
RouteID_00747543-3f2f-47ae-a2f2-91b30ce207ab,DCH3,2018-08-08,15:30:00,3313071.0,High,IC,41.6447,-88.262325,Dropoff,A-2.1D,72
RouteID_00747543-3f2f-47ae-a2f2-91b30ce207ab,DCH3,2018-08-08,15:30:00,3313071.0,High,MU,41.639911,-88.258581,Dropoff,A-2.1C,73
RouteID_00747543-3f2f-47ae-a2f2-91b30ce207ab,DCH3,2018-08-08,15:30:00,3313071.0,High,KS,41.639274,-88.257226,Dropoff,A-2.1C,74
RouteID_00747543-3f2f-47ae-a2f2-91b30ce207ab,DCH3,2018-08-08,15:30:00,3313071.0,High,FR,41.639286,-88.256014,Dropoff,,75
RouteID_00747543-3f2f-47ae-a2f2-91b30ce207ab,DCH3,2018-08-08,15:30:00,3313071.0,High,NY,41.640245,-88.254197,Dropoff,A-2.1C,76
RouteID_00747543-3f2f-47ae-a2f2-91b30ce207ab,DCH3,2018-08-08,15:30:00,3313071.0,High,XL,41.64023,-88.255117,Dropoff,A-2.1C,77
RouteID_00747543-3f2f-47ae-a2f2-91b30ce207ab,DCH3,2018-08-08,15:30:00,3313071.0,High,ZJ,41.642992,-88.258313,Dropoff,A-2.1C,78
RouteID_00747543-3f2f-47ae-a2f2-91b30ce207ab,DCH3,2018-08-08,15:30:00,3313071.0,High,MP,41.643065,-88.256318,Dropoff,A-2.1C,79
RouteID_00747543-3f2f-47ae-a2f2-91b30ce207ab,DCH3,2018-08-08,15:30:00,3313071.0,High,PM,41.643044,-88.254593,Dropoff,A-2.1C,80
RouteID_00747543-3f2f-47ae-a2f2-91b30ce207ab,DCH3,2018-08-08,15:30:00,3313071.0,High,FG,41.643105,-88.253039,Dropoff,,81
RouteID_00747543-3f2f-47ae-a2f2-91b30ce207ab,DCH3,2018-08-08,15:30:00,3313071.0,High,IF,41.642239,-88.252679,Dropoff,A-2.1C,82
RouteID_00747543-3f2f-47ae-a2f2-91b30ce207ab,DCH3,2018-08-08,15:30:00,3313071.0,High,ZQ,41.64216,-88.253702,Dropoff,A-2.1C,83
RouteID_00747543-3f2f-47ae-a2f2-91b30ce207ab,DCH3,2018-08-08,15:30:00,3313071.0,High,UJ,41.641073,-88.248979,Dropoff,A-2.1B,84
RouteID_00747543-3f2f-47ae-a2f2-91b30ce207ab,DCH3,2018-08-08,15:30:00,3313071.0,High,HM,41.640699,-88.248247,Dropoff,A-2.1B,85
RouteID_00747543-3f2f-47ae-a2f2-91b30ce207ab,DCH3,2018-08-08,15:30:00,3313071.0,High,NV,41.640688,-88.246973,Dropoff,A-2.1B,86
RouteID_00747543-3f2f-47ae-a2f2-91b30ce207ab,DCH3,2018-08-08,15:30:00,3313071.0,High,GK,41.642477,-88.24691,Dropoff,A-2.1B,87
RouteID_00747543-3f2f-47ae-a2f2-91b30ce207ab,DCH3,2018-08-08,15:30:00,3313071.0,High,TA,41.643509,-88.246948,Dropoff,A-2.1B,88
RouteID_00747543-3f2f-47ae-a2f2-91b30ce207ab,DCH3,2018-08-08,15:30:00,3313071.0,High,TO,41.641874,-88.248646,Dropoff,A-2.1B,89
RouteID_00747543-3f2f-47ae-a2f2-91b30ce207ab,DCH3,2018-08-08,15:30:00,3313071.0,High,UI,41.641825,-88.249309,Dropoff,,90
RouteID_00747543-3f2f-47ae-a2f2-91b30ce207ab,DCH3,2018-08-08,15:30:00,3313071.0,High,XT,41.641268,-88.25072,Dropoff,A-2.1B,91
RouteID_00747543-3f2f-47ae-a2f2-91b30ce207ab,DCH3,2018-08-08,15:30:00,3313071.0,High,BU,41.638745,-88.250701,Dropoff,A-2.1B,92
RouteID_00747543-3f2f-47ae-a2f2-91b30ce207ab,DCH3,2018-08-08,15:30:00,3313071.0,High,ZA,41.638584,-88.249425,Dropoff,A-2.1B,93
RouteID_00747543-3f2f-47ae-a2f2-91b30ce207ab,DCH3,2018-08-08,15:30:00,3313071.0,High,HS,41.638069,-88.248055,Dropoff,A-2.1B,94
RouteID_00747543-3f2f-47ae-a2f2-91b30ce207ab,DCH3,2018-08-08,15:30:00,3313071.0,High,FH,41.637103,-88.248022,Dropoff,A-2.1B,95
RouteID_00747543-3f2f-47ae-a2f2-91b30ce207ab,DCH3,2018-08-08,15:30:00,3313071.0,High,AT,41.637084,-88.248811,Dropoff,A-2.1B,96
RouteID_00747543-3f2f-47ae-a2f2-91b30ce207ab,DCH3,2018-08-08,15:30:00,3313071.0,High,FB,41.624575,-88.224057,Dropoff,,97
RouteID_00747543-3f2f-47ae-a2f2-91b30ce207ab,DCH3,2018-08-08,15:30:00,3313071.0,High,MT,41.623774,-88.224201,Dropoff,A-3.2A,98
RouteID_00747543-3f2f-47ae-a2f2-91b30ce207ab,DCH3,2018-08-08,15:30:00,3313071.0,High,KO,41.623324,-88.224511,Dropoff,A-3.2A,99
RouteID_00747543-3f2f-47ae-a2f2-91b30ce207ab,DCH3,2018-08-08,15:30:00,3313071.0,High,MA,41.622801,-88.22643,Dropoff,A-3.2A,100
RouteID_00747543-3f2f-47ae-a2f2-91b30ce207ab,DCH3,2018-08-08,15:30:00,3313071.0,High,GH,41.622782,-88.227789,Dropoff,A-3.2A,101
RouteID_00747543-3f2f-47ae-a2f2-91b30ce207ab,DCH3,2018-08-08,15:30:00,3313071.0,High,XH,41.62367,-88.226946,Dropoff,A-3.2A,102
RouteID_00747543-3f2f-47ae-a2f2-91b30ce207ab,DCH3,2018-08-08,15:30:00,3313071.0,High,NO,41.624454,-88.225843,Dropoff,A-3.2A,103
RouteID_00747543-3f2f-47ae-a2f2-91b30ce207ab,DCH3,2018-08-08,15:30:00,3313071.0,High,WE,41.624873,-88.228052,Dropoff,A-3.2A,104
RouteID_00747543-3f2f-47ae-a2f2-91b30ce207ab,DCH3,2018-08-08,15:30:00,3313071.0,High,TN,41.625376,-88.226893,Dropoff,A-3.2A,105
RouteID_00747543-3f2f-47ae-a2f2-91b30ce207ab,DCH3,2018-08-08,15:30:00,3313071.0,High,FL,41.633164,-88.222308,Dropoff,A-2.1A,106
RouteID_00747543-3f2f-47ae-a2f2-91b30ce207ab,DCH3,2018-08-08,15:30:00,3313071.0,High,CY,41.633081,-88.222305,Dropoff,A-2.1A,107
RouteID_00747543-3f2f-47ae-a2f2-91b30ce207ab,DCH3,2018-08-08,15:30:00,3313071.0,High,GS,41.631268,-88.225331,Dropoff,A-2.1A,108
RouteID_00747543-3f2f-47ae-a2f2-91b30ce207ab,DCH3,2018-08-08,15:30:00,3313071.0,High,XF,41.632351,-88.226115,Dropoff,A-2.1A,109
RouteID_00747543-3f2f-47ae-a2f2-91b30ce207ab,DCH3,2018-08-08,15:30:00,3313071.0,High,IW,41.632941,-88.22696,Dropoff,A-2.1A,110
RouteID_00747543-3f2f-47ae-a2f2-91b30ce207ab,DCH3,2018-08-08,15:30:00,3313071.0,High,QC,41.631955,-88.227388,Dropoff,A-2.1A,111
RouteID_00747543-3f2f-47ae-a2f2-91b30ce207ab,DCH3,2018-08-08,15:30:00,3313071.0,High,IR,41.63115,-88.227825,Dropoff,,112
RouteID_00747543-3f2f-47ae-a2f2-91b30ce207ab,DCH3,2018-08-08,15:30:00,3313071.0,High,BO,41.630973,-88.228531,Dropoff,A-2.1A,113
RouteID_00747543-3f2f-47ae-a2f2-91b30ce207ab,DCH3,2018-08-08,15:30:00,3313071.0,High,KN,41.63202,-88.228881,Dropoff,,114
RouteID_00747543-3f2f-47ae-a2f2-91b30ce207ab,DCH3,2018-08-08,15:30:00,3313071.0,High,SR,41.633463,-88.227685,Dropoff,A-2.1A,115
RouteID_00747543-3f2f-47ae-a2f2-91b30ce207ab,DCH3,2018-08-08,15:30:00,3313071.0,High,AK,41.633664,-88.226728,Dropoff,A-2.1A,116
RouteID_00747543-3f2f-47ae-a2f2-91b30ce207ab,DCH3,2018-08-08,15:30:00,3313071.0,High,RM,41.634392,-88.226099,Dropoff,A-2.1A,117
RouteID_00747543-3f2f-47ae-a2f2-91b30ce207ab,DCH3,2018-08-08,15:30:00,3313071.0,High,VN,41.638439,-88.243432,Dropoff,A-2.2B,118
RouteID_00747543-3f2f-47ae-a2f2-91b30ce207ab,DCH3,2018-08-08,15:30:00,3313071.0,High,HI,41.638064,-88.246029,Dropoff,A-2.2B,119
RouteID_00747543-3f2f-47ae-a2f2-91b30ce207ab,DCH3,2018-08-08,15:30:00,3313071.0,High,EC,41.637567,-88.246012,Dropoff,A-2.2B,120
RouteID_00747543-3f2f-47ae-a2f2-91b30ce207ab,DCH3,2018-08-08,15:30:00,3313071.0,High,LP,41.637176,-88.245875,Dropoff,A-2.2B,121
RouteID_00747543-3f2f-47ae-a2f2-91b30ce207ab,DCH3,2018-08-08,15:30:00,3313071.0,High,FW,41.637043,-88.243722,Dropoff,A-2.2B,122
RouteID_00747543-3f2f-47ae-a2f2-91b30ce207ab,DCH3,2018-08-08,15:30:00,3313071.0,High,FF,41.637024,-88.23866,Dropoff,A-2.2B,123
RouteID_00747543-3f2f-47ae-a2f2-91b30ce207ab,DCH3,2018-08-08,15:30:00,3313071.0,High,SP,41.637066,-88.2381,Dropoff,A-2.2B,124
RouteID_00747543-3f2f-47ae-a2f2-91b30ce207ab,DCH3,2018-08-08,15:30:00,3313071.0,High,OS,41.637132,-88.2402,Dropoff,A-2.2B,125
RouteID_00747543-3f2f-47ae-a2f2-91b30ce207ab,DCH3,2018-08-08,15:30:00,3313071.0,High,DV,41.640248,-88.241445,Dropoff,A-2.2B,126
RouteID_00747543-3f2f-47ae-a2f2-91b30ce207ab,DCH3,2018-08-08,15:30:00,3313071.0,High,VV,41.641661,-88.24038,Dropoff,A-2.3B,127
RouteID_00747543-3f2f-47ae-a2f2-91b30ce207ab,DCH3,2018-08-08,15:30:00,3313071.0,High,AA,41.642536,-88.240729,Dropoff,A-2.3B,128
RouteID_00747543-3f2f-47ae-a2f2-91b30ce207ab,DCH3,2018-08-08,15:30:00,3313071.0,High,KC,41.643378,-88.239049,Dropoff,A-2.3B,129
RouteID_00747543-3f2f-47ae-a2f2-91b30ce207ab,DCH3,2018-08-08,15:30:00,3313071.0,High,FU,41.642413,-88.238264,Dropoff,A-2.3B,130
RouteID_00747543-3f2f-47ae-a2f2-91b30ce207ab,DCH3,2018-08-08,15:30:00,3313071.0,High,DI,41.6402,-88.236323,Dropoff,A-2.3B,131
RouteID_00747543-3f2f-47ae-a2f2-91b30ce207ab,DCH3,2018-08-08,15:30:00,3313071.0,High,CX,41.643328,-88.236193,Dropoff,,132
RouteID_00747543-3f2f-47ae-a2f2-91b30ce207ab,DCH3,2018-08-08,15:30:00,3313071.0,High,PQ,41.64341,-88.235727,Dropoff,A-2.3B,133
RouteID_00747543-3f2f-47ae-a2f2-91b30ce207ab,DCH3,2018-08-08,15:30:00,3313071.0,High,BC,41.642543,-88.23572,Dropoff,A-2.3B,134
RouteID_00747543-3f2f-47ae-a2f2-91b30ce207ab,DCH3,2018-08-08,15:30:00,3313071.0,High,YP,41.642548,-88.235407,Dropoff,A-2.3B,135
RouteID_00747543-3f2f-47ae-a2f2-91b30ce207ab,DCH3,2018-08-08,15:30:00,3313071.0,High,CP,41.641693,-88.234566,Dropoff,A-2.3B,136
RouteID_00747543-3f2f-47ae-a2f2-91b30ce207ab,DCH3,2018-08-08,15:30:00,3313071.0,High,KI,41.639166,-88.231511,Dropoff,A-2.3A,137
RouteID_00747543-3f2f-47ae-a2f2-91b30ce207ab,DCH3,2018-08-08,15:30:00,3313071.0,High,KP,41.63972,-88.231546,Dropoff,A-2.3A,138
RouteID_00747543-3f2f-47ae-a2f2-91b30ce207ab,DCH3,2018-08-08,15:30:00,3313071.0,High,LZ,41.640839,-88.234145,Dropoff,A-2.3A,139
RouteID_00747543-3f2f-47ae-a2f2-91b30ce207ab,DCH3,2018-08-08,15:30:00,3313071.0,High,LB,41.640759,-88.235854,Dropoff,A-2.3A,140
RouteID_00747543-3f2f-47ae-a2f2-91b30ce207ab,DCH3,2018-08-08,15:30:00,3313071.0,High,PJ,41.639922,-88.234147,Dropoff,A-2.3A,141
RouteID_00747543-3f2f-47ae-a2f2-91b30ce207ab,DCH3,2018-08-08,15:30:00,3313071.0,High,CE,41.639496,-88.23398,Dropoff,A-2.3A,142
RouteID_00747543-3f2f-47ae-a2f2-91b30ce207ab,DCH3,2018-08-08,15:30:00,3313071.0,High,ME,41.639272,-88.232721,Dropoff,A-2.3A,143
RouteID_00747543-3f2f-47ae-a2f2-91b30ce207ab,DCH3,2018-08-08,15:30:00,3313071.0,High,KW,41.638085,-88.23338,Dropoff,A-2.3A,144
RouteID_00747543-3f2f-47ae-a2f2-91b30ce207ab,DCH3,2018-08-08,15:30:00,3313071.0,High,YD,41.638601,-88.229883,Dropoff,,145
RouteID_00747543-3f2f-47ae-a2f2-91b30ce207ab,DCH3,2018-08-08,15:30:00,3313071.0,High,ZI,41.637368,-88.228871,Dropoff,A-2.3A,146
RouteID_00747543-3f2f-47ae-a2f2-91b30ce207ab,DCH3,2018-08-08,15:30:00,3313071.0,High,GV,41.638323,-88.22866,Dropoff,A-2.3A,147
RouteID_00747543-3f2f-47ae-a2f2-91b30ce207ab,DCH3,2018-08-08,15:30:00,3313071.0,High,WF,41.632305,-88.230138,Dropoff,A-3.1A,148
RouteID_00747543-3f2f-47ae-a2f2-91b30ce207ab,DCH3,2018-08-08,15:30:00,3313071.0,High,SO,41.631528,-88.230497,Dropoff,A-3.1A,149
RouteID_00747543-3f2f-47ae-a2f2-91b30ce207ab,DCH3,2018-08-08,15:30:00,3313071.0,High,HE,41.630671,-88.230084,Dropoff,A-3.1A,150
RouteID_00747543-3f2f-47ae-a2f2-91b30ce207ab,DCH3,2018-08-08,15:30:00,3313071.0,High,OJ,41.627944,-88.22948,Dropoff,A-3.1A,151
RouteID_00747543-3f2f-47ae-a2f2-91b30ce207ab,DCH3,2018-08-08,15:30:00,3313071.0,High,MM,41.627504,-88.229831,Dropoff,A-3.1A,152
RouteID_00747543-3f2f-47ae-a2f2-91b30ce207ab,DCH3,2018-08-08,15:30:00,3313071.0,High,NJ,41.626884,-88.23144,Dropoff,A-3.1A,153
RouteID_00747543-3f2f-47ae-a2f2-91b30ce207ab,DCH3,2018-08-08,15:30:00,3313071.0,High,SK,41.628181,-88.230938,Dropoff,A-3.1A,154
RouteID_00747543-3f2f-47ae-a2f2-91b30ce207ab,DCH3,2018-08-08,15:30:00,3313071.0,High,SB,41.628004,-88.232975,Dropoff,A-3.1A,155
RouteID_00747543-3f2f-47ae-a2f2-91b30ce207ab,DCH3,2018-08-08,15:30:00,3313071.0,High,NK,41.628036,-88.234133,Dropoff,A-3.1A,156
RouteID_00747543-3f2f-47ae-a2f2-91b30ce207ab,DCH3,2018-08-08,15:30:00,3313071.0,High,BD,41.628575,-88.23459,Dropoff,A-3.1A,157
RouteID_00747543-3f2f-47ae-a2f2-91b30ce207ab,DCH3,2018-08-08,15:30:00,3313071.0,High,KB,41.628888,-88.234234,Dropoff,A-3.1A,158
RouteID_00747543-3f2f-47ae-a2f2-91b30ce207ab,DCH3,2018-08-08,15:30:00,3313071.0,High,LU,41.628913,-88.232252,Dropoff,A-3.1A,159
RouteID_00747543-3f2f-47ae-a2f2-91b30ce207ab,DCH3,2018-08-08,15:30:00,3313071.0,High,KR,41.62954,-88.231257,Dropoff,A-3.1A,160
RouteID_00747543-3f2f-47ae-a2f2-91b30ce207ab,DCH3,2018-08-08,15:30:00,3313071.0,High,HL,41.631625,-88.230825,Dropoff,A-3.1A,161
RouteID_00747543-3f2f-47ae-a2f2-91b30ce207ab,DCH3,2018-08-08,15:30:00,3313071.0,High,BI,41.632453,-88.231369,Dropoff,A-2.2A,162
RouteID_00747543-3f2f-47ae-a2f2-91b30ce207ab,DCH3,2018-08-08,15:30:00,3313071.0,High,YJ,41.632889,-88.231384,Dropoff,A-2.2A,163
RouteID_00747543-3f2f-47ae-a2f2-91b30ce207ab,DCH3,2018-08-08,15:30:00,3313071.0,High,XI,41.633622,-88.23141,Dropoff,A-2.2A,164
RouteID_00747543-3f2f-47ae-a2f2-91b30ce207ab,DCH3,2018-08-08,15:30:00,3313071.0,High,TT,41.633995,-88.231423,Dropoff,A-2.2A,165
RouteID_00747543-3f2f-47ae-a2f2-91b30ce207ab,DCH3,2018-08-08,15:30:00,3313071.0,High,UN,41.636141,-88.231146,Dropoff,A-2.2A,166
RouteID_00747543-3f2f-47ae-a2f2-91b30ce207ab,DCH3,2018-08-08,15:30:00,3313071.0,High,EV,41.63599,-88.230504,Dropoff,A-2.2A,167
RouteID_00747543-3f2f-47ae-a2f2-91b30ce207ab,DCH3,2018-08-08,15:30:00,3313071.0,High,VE,41.63416,-88.230201,Dropoff,A-2.2A,168
RouteID_00747543-3f2f-47ae-a2f2-91b30ce207ab,DCH3,2018-08-08,15:30:00,3313071.0,High,RA,41.633438,-88.229451,Dropoff,A-2.2A,169
RouteID_00747543-3f2f-47ae-a2f2-91b30ce207ab,DCH3,2018-08-08,15:30:00,3313071.0,High,PT,41.635216,-88.227778,Dropoff,A-2.2A,170
RouteID_00747543-3f2f-47ae-a2f2-91b30ce207ab,DCH3,2018-08-08,15:30:00,3313071.0,High,DX,41.636154,-88.22616,Dropoff,A-2.2A,171
RouteID_00747543-3f2f-47ae-a2f2-91b30ce207ab,DCH3,2018-08-08,15:30:00,3313071.0,High,BW,41.636448,-88.229087,Dropoff,,172
RouteID_0074e307-23c1-4b15-afa2-e58b45e4403c,DCH1,2018-08-03,13:41:51,3313071.0,Medium,XB,41.840375,-87.683736,Station,,0
RouteID_0074e307-23c1-4b15-afa2-e58b45e4403c,DCH1,2018-08-03,13:41:51,3313071.0,Medium,JD,41.832643,-87.707655,Dropoff,H-24.3B,1
RouteID_0074e307-23c1-4b15-afa2-e58b45e4403c,DCH1,2018-08-03,13:41:51,3313071.0,Medium,HM,41.828201,-87.698977,Dropoff,H-24.3B,2
RouteID_0074e307-23c1-4b15-afa2-e58b45e4403c,DCH1,2018-08-03,13:41:51,3313071.0,Medium,GI,41.827287,-87.698346,Dropoff,H-24.3B,3
RouteID_0074e307-23c1-4b15-afa2-e58b45e4403c,DCH1,2018-08-03,13:41:51,3313071.0,Medium,HC,41.82734,-87.695465,Dropoff,H-24.3B,4
RouteID_0074e307-23c1-4b15-afa2-e58b45e4403c,DCH1,2018-08-03,13:41:51,3313071.0,Medium,VC,41.828247,-87.696148,Dropoff,H-24.3B,5
RouteID_0074e307-23c1-4b15-afa2-e58b45e4403c,DCH1,2018-08-03,13:41:51,3313071.0,Medium,VT,41.829808,-87.696051,Dropoff,H-24.3B,6
RouteID_0074e307-23c1-4b15-afa2-e58b45e4403c,DCH1,2018-08-03,13:41:51,3313071.0,Medium,KN,41.828262,-87.695087,Dropoff,H-24.3B,7
RouteID_0074e307-23c1-4b15-afa2-e58b45e4403c,DCH1,2018-08-03,13:41:51,3313071.0,Medium,XU,41.828294,-87.693748,Dropoff,H-24.3B,8
RouteID_0074e307-23c1-4b15-afa2-e58b45e4403c,DCH1,2018-08-03,13:41:51,3313071.0,Medium,CM,41.827405,-87.692076,Dropoff,H-24.2B,9
RouteID_0074e307-23c1-4b15-afa2-e58b45e4403c,DCH1,2018-08-03,13:41:51,3313071.0,Medium,DC,41.824595,-87.695764,Dropoff,H-24.2B,10
RouteID_0074e307-23c1-4b15-afa2-e58b45e4403c,DCH1,2018-08-03,13:41:51,3313071.0,Medium,PG,41.824572,-87.696784,Dropoff,H-24.2B,11
RouteID_0074e307-23c1-4b15-afa2-e58b45e4403c,DCH1,2018-08-03,13:41:51,3313071.0,Medium,VS,41.824634,-87.69384,Dropoff,H-24.2B,12
RouteID_0074e307-23c1-4b15-afa2-e58b45e4403c,DCH1,2018-08-03,13:41:51,3313071.0,Medium,LJ,41.824644,-87.693129,Dropoff,H-24.2B,13
RouteID_0074e307-23c1-4b15-afa2-e58b45e4403c,DCH1,2018-08-03,13:41:51,3313071.0,Medium,WR,41.824693,-87.690787,Dropoff,H-24.2B,14
RouteID_0074e307-23c1-4b15-afa2-e58b45e4403c,DCH1,2018-08-03,13:41:51,3313071.0,Medium,ST,41.824685,-87.691316,Dropoff,H-24.2B,15
RouteID_0074e307-23c1-4b15-afa2-e58b45e4403c,DCH1,2018-08-03,13:41:51,3313071.0,Medium,VN,41.824953,-87.692226,Dropoff,H-24.2B,16
RouteID_0074e307-23c1-4b15-afa2-e58b45e4403c,DCH1,2018-08-03,13:41:51,3313071.0,Medium,EJ,41.825601,-87.691115,Dropoff,H-24.2B,17
RouteID_0074e307-23c1-4b15-afa2-e58b45e4403c,DCH1,2018-08-03,13:41:51,3313071.0,Medium,PJ,41.826769,-87.689841,Dropoff,H-24.2B,18
RouteID_0074e307-23c1-4b15-afa2-e58b45e4403c,DCH1,2018-08-03,13:41:51,3313071.0,Medium,TE,41.824679,-87.688905,Dropoff,H-24.2B,19
RouteID_0074e307-23c1-4b15-afa2-e58b45e4403c,DCH1,2018-08-03,13:41:51,3313071.0,Medium,AZ,41.82418,-87.688238,Dropoff,H-24.2B,20
RouteID_0074e307-23c1-4b15-afa2-e58b45e4403c,DCH1,2018-08-03,13:41:51,3313071.0,Medium,BD,41.822944,-87.686585,Dropoff,H-24.2B,21
RouteID_0074e307-23c1-4b15-afa2-e58b45e4403c,DCH1,2018-08-03,13:41:51,3313071.0,Medium,VY,41.821146,-87.686052,Dropoff,H-25.2E,22
RouteID_0074e307-23c1-4b15-afa2-e58b45e4403c,DCH1,2018-08-03,13:41:51,3313071.0,Medium,EU,41.820458,-87.686033,Dropoff,H-25.2E,23
RouteID_0074e307-23c1-4b15-afa2-e58b45e4403c,DCH1,2018-08-03,13:41:51,3313071.0,Medium,MD,41.818454,-87.685977,Dropoff,H-25.2E,24
RouteID_0074e307-23c1-4b15-afa2-e58b45e4403c,DCH1,2018-08-03,13:41:51,3313071.0,Medium,ZN,41.8162,-87.685914,Dropoff,H-25.2E,25
RouteID_0074e307-23c1-4b15-afa2-e58b45e4403c,DCH1,2018-08-03,13:41:51,3313071.0,Medium,XD,41.813851,-87.684013,Dropoff,H-25.2E,26
RouteID_0074e307-23c1-4b15-afa2-e58b45e4403c,DCH1,2018-08-03,13:41:51,3313071.0,Medium,NG,41.818216,-87.684695,Dropoff,H-25.2E,27
RouteID_0074e307-23c1-4b15-afa2-e58b45e4403c,DCH1,2018-08-03,13:41:51,3313071.0,Medium,BF,41.821304,-87.684776,Dropoff,H-25.2E,28
RouteID_0074e307-23c1-4b15-afa2-e58b45e4403c,DCH1,2018-08-03,13:41:51,3313071.0,Medium,EX,41.821332,-87.684777,Dropoff,H-25.2E,29
RouteID_0074e307-23c1-4b15-afa2-e58b45e4403c,DCH1,2018-08-03,13:41:51,3313071.0,Medium,ET,41.823014,-87.682404,Dropoff,H-25.1E,30
RouteID_0074e307-23c1-4b15-afa2-e58b45e4403c,DCH1,2018-08-03,13:41:51,3313071.0,Medium,ZR,41.823913,-87.675113,Dropoff,H-25.1D,31
RouteID_0074e307-23c1-4b15-afa2-e58b45e4403c,DCH1,2018-08-03,13:41:51,3313071.0,Medium,UU,41.823557,-87.673975,Dropoff,H-25.1D,32
RouteID_0074e307-23c1-4b15-afa2-e58b45e4403c,DCH1,2018-08-03,13:41:51,3313071.0,Medium,VM,41.824384,-87.673904,Dropoff,H-25.1D,33
RouteID_0074e307-23c1-4b15-afa2-e58b45e4403c,DCH1,2018-08-03,13:41:51,3313071.0,Medium,LD,41.82548,-87.673933,Dropoff,H-25.1D,34
RouteID_0074e307-23c1-4b15-afa2-e58b45e4403c,DCH1,2018-08-03,13:41:51,3313071.0,Medium,GM,41.826041,-87.673954,Dropoff,H-25.1D,35
RouteID_0074e307-23c1-4b15-afa2-e58b45e4403c,DCH1,2018-08-03,13:41:51,3313071.0,Medium,OL,41.82634,-87.673965,Dropoff,H-25.1D,36
RouteID_0074e307-23c1-4b15-afa2-e58b45e4403c,DCH1,2018-08-03,13:41:51,3313071.0,Medium,MN,41.82401,-87.672669,Dropoff,H-25.1D,37
RouteID_0074e307-23c1-4b15-afa2-e58b45e4403c,DCH1,2018-08-03,13:41:51,3313071.0,Medium,UG,41.823703,-87.671424,Dropoff,H-25.1D,38
RouteID_0074e307-23c1-4b15-afa2-e58b45e4403c,DCH1,2018-08-03,13:41:51,3313071.0,Medium,UO,41.82436,-87.671443,Dropoff,H-25.1D,39
RouteID_0074e307-23c1-4b15-afa2-e58b45e4403c,DCH1,2018-08-03,13:41:51,3313071.0,Medium,XY,41.825602,-87.671481,Dropoff,H-25.1D,40
RouteID_0074e307-23c1-4b15-afa2-e58b45e4403c,DCH1,2018-08-03,13:41:51,3313071.0,Medium,CA,41.829542,-87.672811,Dropoff,H-25.2D,41
RouteID_0074e307-23c1-4b15-afa2-e58b45e4403c,DCH1,2018-08-03,13:41:51,3313071.0,Medium,BZ,41.828601,-87.672886,Dropoff,H-25.2D,42
RouteID_0074e307-23c1-4b15-afa2-e58b45e4403c,DCH1,2018-08-03,13:41:51,3313071.0,Medium,IK,41.828283,-87.672781,Dropoff,H-25.2D,43
RouteID_0074e307-23c1-4b15-afa2-e58b45e4403c,DCH1,2018-08-03,13:41:51,3313071.0,Medium,PT,41.827069,-87.672748,Dropoff,H-25.2D,44
RouteID_0074e307-23c1-4b15-afa2-e58b45e4403c,DCH1,2018-08-03,13:41:51,3313071.0,Medium,JU,41.826778,-87.672242,Dropoff,H-25.2D,45
RouteID_0074e307-23c1-4b15-afa2-e58b45e4403c,DCH1,2018-08-03,13:41:51,3313071.0,Medium,WU,41.827919,-87.671551,Dropoff,H-25.2D,46
RouteID_0074e307-23c1-4b15-afa2-e58b45e4403c,DCH1,2018-08-03,13:41:51,3313071.0,Medium,TR,41.828299,-87.671562,Dropoff,H-25.2D,47
RouteID_0074e307-23c1-4b15-afa2-e58b45e4403c,DCH1,2018-08-03,13:41:51,3313071.0,Medium,HE,41.825826,-87.672714,Dropoff,H-25.2D,48
RouteID_0074e307-23c1-4b15-afa2-e58b45e4403c,DCH1,2018-08-03,13:41:51,3313071.0,Medium,WO,41.827679,-87.674,Dropoff,H-25.2D,49
RouteID_0074e307-23c1-4b15-afa2-e58b45e4403c,DCH1,2018-08-03,13:41:51,3313071.0,Medium,IM,41.828354,-87.674015,Dropoff,H-25.2D,50
RouteID_0074e307-23c1-4b15-afa2-e58b45e4403c,DCH1,2018-08-03,13:41:51,3313071.0,Medium,JS,41.828928,-87.674025,Dropoff,H-25.2D,51
RouteID_0074e307-23c1-4b15-afa2-e58b45e4403c,DCH1,2018-08-03,13:41:51,3313071.0,Medium,SH,41.829406,-87.674032,Dropoff,H-25.2D,52
RouteID_0074e307-23c1-4b15-afa2-e58b45e4403c,DCH1,2018-08-03,13:41:51,3313071.0,Medium,PK,41.827322,-87.669094,Dropoff,H-25.3D,53
RouteID_0074e307-23c1-4b15-afa2-e58b45e4403c,DCH1,2018-08-03,13:41:51,3313071.0,Medium,PR,41.828982,-87.669142,Dropoff,H-25.3D,54
RouteID_0074e307-23c1-4b15-afa2-e58b45e4403c,DCH1,2018-08-03,13:41:51,3313071.0,Medium,MH,41.829687,-87.670373,Dropoff,H-25.3D,55
RouteID_0074e307-23c1-4b15-afa2-e58b45e4403c,DCH1,2018-08-03,13:41:51,3313071.0,Medium,ER,41.828524,-87.670347,Dropoff,H-25.3D,56
RouteID_0074e307-23c1-4b15-afa2-e58b45e4403c,DCH1,2018-08-03,13:41:51,3313071.0,Medium,EY,41.828113,-87.670336,Dropoff,H-25.3D,57
RouteID_0074e307-23c1-4b15-afa2-e58b45e4403c,DCH1,2018-08-03,13:41:51,3313071.0,Medium,NY,41.826701,-87.670298,Dropoff,H-25.3D,58
RouteID_0074e307-23c1-4b15-afa2-e58b45e4403c,DCH1,2018-08-03,13:41:51,3313071.0,Medium,HG,41.825621,-87.670274,Dropoff,H-25.3D,59
RouteID_0074e307-23c1-4b15-afa2-e58b45e4403c,DCH1,2018-08-03,13:41:51,3313071.0,Medium,BO,41.824506,-87.67025,Dropoff,H-25.3D,60
RouteID_0074e307-23c1-4b15-afa2-e58b45e4403c,DCH1,2018-08-03,13:41:51,3313071.0,Medium,AK,41.825254,-87.669046,Dropoff,H-25.3D,61
RouteID_0074e307-23c1-4b15-afa2-e58b45e4403c,DCH1,2018-08-03,13:41:51,3313071.0,Medium,KI,41.824142,-87.669017,Dropoff,H-25.3D,62
RouteID_0074e307-23c1-4b15-afa2-e58b45e4403c,DCH1,2018-08-03,13:41:51,3313071.0,Medium,ZV,41.823323,-87.668391,Dropoff,H-25.3C,63
RouteID_0074e307-23c1-4b15-afa2-e58b45e4403c,DCH1,2018-08-03,13:41:51,3313071.0,Medium,DR,41.82511,-87.667812,Dropoff,H-25.3C,64
RouteID_0074e307-23c1-4b15-afa2-e58b45e4403c,DCH1,2018-08-03,13:41:51,3313071.0,Medium,DU,41.824463,-87.6678,Dropoff,H-25.3C,65
RouteID_0074e307-23c1-4b15-afa2-e58b45e4403c,DCH1,2018-08-03,13:41:51,3313071.0,Medium,RN,41.824113,-87.666628,Dropoff,H-25.3C,66
RouteID_0074e307-23c1-4b15-afa2-e58b45e4403c,DCH1,2018-08-03,13:41:51,3313071.0,Medium,ND,41.825011,-87.666185,Dropoff,H-25.3C,67
RouteID_0074e307-23c1-4b15-afa2-e58b45e4403c,DCH1,2018-08-03,13:41:51,3313071.0,Medium,SP,41.82146,-87.665307,Dropoff,H-25.3C,68
RouteID_0074e307-23c1-4b15-afa2-e58b45e4403c,DCH1,2018-08-03,13:41:51,3313071.0,Medium,TO,41.822347,-87.660478,Dropoff,H-25.3C,69
RouteID_0074e307-23c1-4b15-afa2-e58b45e4403c,DCH1,2018-08-03,13:41:51,3313071.0,Medium,DL,41.827714,-87.65932,Dropoff,H-25.2C,70
RouteID_0074e307-23c1-4b15-afa2-e58b45e4403c,DCH1,2018-08-03,13:41:51,3313071.0,Medium,FP,41.826971,-87.661212,Dropoff,H-25.2C,71
RouteID_0074e307-23c1-4b15-afa2-e58b45e4403c,DCH1,2018-08-03,13:41:51,3313071.0,Medium,NJ,41.826968,-87.661212,Dropoff,H-25.2C,72
RouteID_0074e307-23c1-4b15-afa2-e58b45e4403c,DCH1,2018-08-03,13:41:51,3313071.0,Medium,NO,41.825285,-87.665453,Dropoff,H-25.2C,73
RouteID_0074e307-23c1-4b15-afa2-e58b45e4403c,DCH1,2018-08-03,13:41:51,3313071.0,Medium,QL,41.828355,-87.665588,Dropoff,H-25.2C,74
RouteID_0074e307-23c1-4b15-afa2-e58b45e4403c,DCH1,2018-08-03,13:41:51,3313071.0,Medium,NR,41.826822,-87.668188,Dropoff,H-25.2C,75
RouteID_0074e307-23c1-4b15-afa2-e58b45e4403c,DCH1,2018-08-03,13:41:51,3313071.0,Medium,YH,41.829197,-87.666701,Dropoff,H-25.2C,76
RouteID_0074e307-23c1-4b15-afa2-e58b45e4403c,DCH1,2018-08-03,13:41:51,3313071.0,Medium,TV,41.829803,-87.666715,Dropoff,H-25.2C,77
RouteID_0074e307-23c1-4b15-afa2-e58b45e4403c,DCH1,2018-08-03,13:41:51,3313071.0,Medium,IE,41.831925,-87.666759,Dropoff,H-25.1C,78
RouteID_0074e307-23c1-4b15-afa2-e58b45e4403c,DCH1,2018-08-03,13:41:51,3313071.0,Medium,LA,41.832299,-87.669222,Dropoff,H-25.1C,79
RouteID_0074e307-23c1-4b15-afa2-e58b45e4403c,DCH1,2018-08-03,13:41:51,3313071.0,Medium,WA,41.830464,-87.668306,Dropoff,H-25.1C,80
RouteID_0074e307-23c1-4b15-afa2-e58b45e4403c,DCH1,2018-08-03,13:41:51,3313071.0,Medium,VA,41.831263,-87.667969,Dropoff,H-25.1C,81
RouteID_0074e307-23c1-4b15-afa2-e58b45e4403c,DCH1,2018-08-03,13:41:51,3313071.0,Medium,IF,41.832769,-87.668086,Dropoff,H-25.1C,82
RouteID_0074e307-23c1-4b15-afa2-e58b45e4403c,DCH1,2018-08-03,13:41:51,3313071.0,Medium,QC,41.833202,-87.669575,Dropoff,H-25.1C,83
RouteID_0074e307-23c1-4b15-afa2-e58b45e4403c,DCH1,2018-08-03,13:41:51,3313071.0,Medium,GE,41.833235,-87.66724,Dropoff,H-25.1C,84
RouteID_0074e307-23c1-4b15-afa2-e58b45e4403c,DCH1,2018-08-03,13:41:51,3313071.0,Medium,JP,41.833724,-87.665561,Dropoff,H-25.1C,85
RouteID_0074e307-23c1-4b15-afa2-e58b45e4403c,DCH1,2018-08-03,13:41:51,3313071.0,Medium,ZQ,41.832545,-87.6657,Dropoff,H-25.1C,86
RouteID_0074e307-23c1-4b15-afa2-e58b45e4403c,DCH1,2018-08-03,13:41:51,3313071.0,Medium,MJ,41.833864,-87.664365,Dropoff,H-25.1C,87
RouteID_0074e307-23c1-4b15-afa2-e58b45e4403c,DCH1,2018-08-03,13:41:51,3313071.0,Medium,WG,41.837253,-87.665434,Dropoff,H-25.1C,88
RouteID_0074e307-23c1-4b15-afa2-e58b45e4403c,DCH1,2018-08-03,13:41:51,3313071.0,Medium,ZW,41.835721,-87.666016,Dropoff,,89
RouteID_0074e307-23c1-4b15-afa2-e58b45e4403c,DCH1,2018-08-03,13:41:51,3313071.0,Medium,ZX,41.835606,-87.667501,Dropoff,H-25.1B,90
RouteID_0074e307-23c1-4b15-afa2-e58b45e4403c,DCH1,2018-08-03,13:41:51,3313071.0,Medium,AN,41.835233,-87.66806,Dropoff,H-25.1B,91
RouteID_0074e307-23c1-4b15-afa2-e58b45e4403c,DCH1,2018-08-03,13:41:51,3313071.0,Medium,PN,41.834507,-87.668053,Dropoff,H-25.1B,92
RouteID_0074e307-23c1-4b15-afa2-e58b45e4403c,DCH1,2018-08-03,13:41:51,3313071.0,Medium,ZK,41.834147,-87.666589,Dropoff,H-25.1B,93
RouteID_0074e307-23c1-4b15-afa2-e58b45e4403c,DCH1,2018-08-03,13:41:51,3313071.0,Medium,ZA,41.834738,-87.667423,Dropoff,H-25.1B,94
RouteID_0074e307-23c1-4b15-afa2-e58b45e4403c,DCH1,2018-08-03,13:41:51,3313071.0,Medium,VI,41.834804,-87.666341,Dropoff,H-25.1B,95
RouteID_0074e307-23c1-4b15-afa2-e58b45e4403c,DCH1,2018-08-03,13:41:51,3313071.0,Medium,LG,41.835117,-87.669937,Dropoff,H-25.1B,96
RouteID_0074e307-23c1-4b15-afa2-e58b45e4403c,DCH1,2018-08-03,13:41:51,3313071.0,Medium,WI,41.834114,-87.669351,Dropoff,H-25.1B,97
RouteID_0074e307-23c1-4b15-afa2-e58b45e4403c,DCH1,2018-08-03,13:41:51,3313071.0,Medium,SV,41.833367,-87.670464,Dropoff,H-25.2B,98
RouteID_0074e307-23c1-4b15-afa2-e58b45e4403c,DCH1,2018-08-03,13:41:51,3313071.0,Medium,NZ,41.832299,-87.669333,Dropoff,H-25.2B,99
RouteID_0074e307-23c1-4b15-afa2-e58b45e4403c,DCH1,2018-08-03,13:41:51,3313071.0,Medium,CG,41.832261,-87.672655,Dropoff,H-25.2B,100
RouteID_0074e307-23c1-4b15-afa2-e58b45e4403c,DCH1,2018-08-03,13:41:51,3313071.0,Medium,LE,41.833078,-87.673286,Dropoff,H-25.2B,101
RouteID_0074e307-23c1-4b15-afa2-e58b45e4403c,DCH1,2018-08-03,13:41:51,3313071.0,Medium,AC,41.831992,-87.672874,Dropoff,H-25.2B,102
RouteID_0074e307-23c1-4b15-afa2-e58b45e4403c,DCH1,2018-08-03,13:41:51,3313071.0,Medium,CY,41.831351,-87.671315,Dropoff,H-25.2B,103
RouteID_0074e307-23c1-4b15-afa2-e58b45e4403c,DCH1,2018-08-03,13:41:51,3313071.0,Medium,VP,41.831327,-87.673919,Dropoff,H-25.2B,104
RouteID_0074e307-23c1-4b15-afa2-e58b45e4403c,DCH1,2018-08-03,13:41:51,3313071.0,Medium,ZH,41.831191,-87.675812,Dropoff,H-25.3B,105
RouteID_0074e307-23c1-4b15-afa2-e58b45e4403c,DCH1,2018-08-03,13:41:51,3313071.0,Medium,IT,41.829372,-87.679335,Dropoff,H-25.3A,106
RouteID_0074e307-23c1-4b15-afa2-e58b45e4403c,DCH1,2018-08-03,13:41:51,3313071.0,Medium,BI,41.829194,-87.679622,Dropoff,H-25.3A,107
RouteID_0074e307-23c1-4b15-afa2-e58b45e4403c,DCH1,2018-08-03,13:41:51,3313071.0,Medium,XI,41.828458,-87.68082,Dropoff,H-25.3A,108
RouteID_0074e307-23c1-4b15-afa2-e58b45e4403c,DCH1,2018-08-03,13:41:51,3313071.0,Medium,EF,41.828064,-87.680096,Dropoff,H-25.3A,109
RouteID_0074e307-23c1-4b15-afa2-e58b45e4403c,DCH1,2018-08-03,13:41:51,3313071.0,Medium,IP,41.828325,-87.678893,Dropoff,H-25.3A,110
RouteID_0074e307-23c1-4b15-afa2-e58b45e4403c,DCH1,2018-08-03,13:41:51,3313071.0,Medium,TK,41.827436,-87.678864,Dropoff,H-25.3A,111
RouteID_0074e307-23c1-4b15-afa2-e58b45e4403c,DCH1,2018-08-03,13:41:51,3313071.0,Medium,GZ,41.827907,-87.677659,Dropoff,H-25.2A,112
RouteID_0074e307-23c1-4b15-afa2-e58b45e4403c,DCH1,2018-08-03,13:41:51,3313071.0,Medium,EB,41.826794,-87.676401,Dropoff,H-25.2A,113
RouteID_0074e307-23c1-4b15-afa2-e58b45e4403c,DCH1,2018-08-03,13:41:51,3313071.0,Medium,AM,41.827316,-87.675194,Dropoff,H-25.2A,114
RouteID_0074e307-23c1-4b15-afa2-e58b45e4403c,DCH1,2018-08-03,13:41:51,3313071.0,Medium,QK,41.827956,-87.675213,Dropoff,H-25.2A,115
RouteID_0074e307-23c1-4b15-afa2-e58b45e4403c,DCH1,2018-08-03,13:41:51,3313071.0,Medium,UN,41.82978,-87.676486,Dropoff,H-25.2A,116
RouteID_0074e307-23c1-4b15-afa2-e58b45e4403c,DCH1,2018-08-03,13:41:51,3313071.0,Medium,LM,41.82905,-87.676471,Dropoff,H-25.2A,117
RouteID_0074e307-23c1-4b15-afa2-e58b45e4403c,DCH1,2018-08-03,13:41:51,3313071.0,Medium,UP,41.832197,-87.677234,Dropoff,H-25.1A,118
RouteID_0074e307-23c1-4b15-afa2-e58b45e4403c,DCH1,2018-08-03,13:41:51,3313071.0,Medium,XQ,41.83277,-87.677799,Dropoff,H-25.1A,119
RouteID_0074e307-23c1-4b15-afa2-e58b45e4403c,DCH1,2018-08-03,13:41:51,3313071.0,Medium,VR,41.836141,-87.678037,Dropoff,H-25.1A,120
RouteID_0074e307-23c1-4b15-afa2-e58b45e4403c,DCH1,2018-08-03,13:41:51,3313071.0,Medium,ZE,41.834985,-87.677873,Dropoff,H-25.1A,121
RouteID_0074e307-23c1-4b15-afa2-e58b45e4403c,DCH1,2018-08-03,13:41:51,3313071.0,Medium,BY,41.835208,-87.679074,Dropoff,H-25.1A,122
RouteID_0074e307-23c1-4b15-afa2-e58b45e4403c,DCH1,2018-08-03,13:41:51,3313071.0,Medium,KU,41.834338,-87.679057,Dropoff,H-25.1A,123
RouteID_0074e307-23c1-4b15-afa2-e58b45e4403c,DCH1,2018-08-03,13:41:51,3313071.0,Medium,MC,41.832541,-87.67901,Dropoff,H-25.1A,124
RouteID_0074e307-23c1-4b15-afa2-e58b45e4403c,DCH1,2018-08-03,13:41:51,3313071.0,Medium,RB,41.832076,-87.678997,Dropoff,H-25.1A,125
RouteID_0074e307-23c1-4b15-afa2-e58b45e4403c,DCH1,2018-08-03,13:41:51,3313071.0,Medium,UE,41.832427,-87.680226,Dropoff,H-25.1A,126
RouteID_0074e307-23c1-4b15-afa2-e58b45e4403c,DCH1,2018-08-03,13:41:51,3313071.0,Medium,MZ,41.834845,-87.68029,Dropoff,H-25.1A,127
RouteID_0074e307-23c1-4b15-afa2-e58b45e4403c,DCH1,2018-08-03,13:41:51,3313071.0,Medium,OA,41.835104,-87.681679,Dropoff,H-24.1A,128
RouteID_0074e307-23c1-4b15-afa2-e58b45e4403c,DCH1,2018-08-03,13:41:51,3313071.0,Medium,XX,41.833788,-87.681483,Dropoff,H-24.1A,129
RouteID_0074e307-23c1-4b15-afa2-e58b45e4403c,DCH1,2018-08-03,13:41:51,3313071.0,Medium,SJ,41.83257,-87.681437,Dropoff,H-24.1A,130
RouteID_0074e307-23c1-4b15-afa2-e58b45e4403c,DCH1,2018-08-03,13:41:51,3313071.0,Medium,WE,41.832287,-87.681426,Dropoff,H-24.1A,131
RouteID_0074e307-23c1-4b15-afa2-e58b45e4403c,DCH1,2018-08-03,13:41:51,3313071.0,Medium,JI,41.830653,-87.682618,Dropoff,H-24.1A,132
RouteID_0074e307-23c1-4b15-afa2-e58b45e4403c,DCH1,2018-08-03,13:41:51,3313071.0,Medium,ZC,41.830534,-87.681369,Dropoff,H-24.1A,133
RouteID_0074e307-23c1-4b15-afa2-e58b45e4403c,DCH1,2018-08-03,13:41:51,3313071.0,Medium,QZ,41.830327,-87.681837,Dropoff,H-24.1A,134
RouteID_0074e307-23c1-4b15-afa2-e58b45e4403c,DCH1,2018-08-03,13:41:51,3313071.0,Medium,YJ,41.832058,-87.68446,Dropoff,H-24.1A,135
RouteID_0074e307-23c1-4b15-afa2-e58b45e4403c,DCH1,2018-08-03,13:41:51,3313071.0,Medium,DZ,41.830979,-87.683725,Dropoff,H-24.1A,136
RouteID_0074e307-23c1-4b15-afa2-e58b45e4403c,DCH1,2018-08-03,13:41:51,3313071.0,Medium,NT,41.828404,-87.687828,Dropoff,H-24.3A,137
RouteID_0074e307-23c1-4b15-afa2-e58b45e4403c,DCH1,2018-08-03,13:41:51,3313071.0,Medium,XZ,41.828352,-87.690762,Dropoff,H-24.3A,138
RouteID_0074e307-23c1-4b15-afa2-e58b45e4403c,DCH1,2018-08-03,13:41:51,3313071.0,Medium,JK,41.829671,-87.688695,Dropoff,H-24.3A,139
RouteID_0074e307-23c1-4b15-afa2-e58b45e4403c,DCH1,2018-08-03,13:41:51,3313071.0,Medium,BW,41.82923,-87.68626,Dropoff,H-24.3A,140
RouteID_0074e307-23c1-4b15-afa2-e58b45e4403c,DCH1,2018-08-03,13:41:51,3313071.0,Medium,NW,41.828612,-87.686244,Dropoff,H-24.3A,141
RouteID_0074e307-23c1-4b15-afa2-e58b45e4403c,DCH1,2018-08-03,13:41:51,3313071.0,Medium,OW,41.82688,-87.68862,Dropoff,H-24.3A,142
RouteID_0074e307-23c1-4b15-afa2-e58b45e4403c,DCH1,2018-08-03,13:41:51,3313071.0,Medium,AL,41.828944,-87.688675,Dropoff,H-24.3A,143
RouteID_0074e307-23c1-4b15-afa2-e58b45e4403c,DCH1,2018-08-03,13:41:51,3313071.0,Medium,YE,41.829378,-87.688687,Dropoff,H-24.3A,144
RouteID_0074e307-23c1-4b15-afa2-e58b45e4403c,DCH1,2018-08-03,13:41:51,3313071.0,Medium,UD,41.829971,-87.688703,Dropoff,H-24.3A,145
RouteID_0074e307-23c1-4b15-afa2-e58b45e4403c,DCH1,2018-08-03,13:41:51,3313071.0,Medium,PE,41.8295,-87.689925,Dropoff,H-24.3A,146
RouteID_0074e307-23c1-4b15-afa2-e58b45e4403c,DCH1,2018-08-03,13:41:51,3313071.0,Medium,SO,41.827643,-87.692305,Dropoff,H-24.3A,147
RouteID_0074e307-23c1-4b15-afa2-e58b45e4403c,DCH1,2018-08-03,13:41:51,3313071.0,Medium,QT,41.82879,-87.692335,Dropoff,H-24.3A,148
RouteID_0074e307-23c1-4b15-afa2-e58b45e4403c,DCH1,2018-08-03,13:41:51,3313071.0,Medium,MG,41.829253,-87.690902,Dropoff,H-24.3A,149
RouteID_0074e307-23c1-4b15-afa2-e58b45e4403c,DCH1,2018-08-03,13:41:51,3313071.0,Medium,XP,41.828348,-87.6912,Dropoff,H-24.3A,150
RouteID_0074e307-23c1-4b15-afa2-e58b45e4403c,DCH1,2018-08-03,13:41:51,3313071.0,Medium,PW,41.828437,-87.690768,Dropoff,H-24.2A,151
RouteID_0074e307-23c1-4b15-afa2-e58b45e4403c,DCH1,2018-08-03,13:41:51,3313071.0,Medium,HJ,41.833444,-87.685182,Dropoff,H-24.2A,152
RouteID_0074e307-23c1-4b15-afa2-e58b45e4403c,DCH1,2018-08-03,13:41:51,3313071.0,Medium,SI,41.834664,-87.685203,Dropoff,H-24.2A,153
RouteID_0074e307-23c1-4b15-afa2-e58b45e4403c,DCH1,2018-08-03,13:41:51,3313071.0,Medium,QS,41.83473,-87.685645,Dropoff,H-24.2A,154
RouteID_0074e307-23c1-4b15-afa2-e58b45e4403c,DCH1,2018-08-03,13:41:51,3313071.0,Medium,KH,41.834537,-87.68627,Dropoff,H-24.2A,155
RouteID_0074e307-23c1-4b15-afa2-e58b45e4403c,DCH1,2018-08-03,13:41:51,3313071.0,Medium,FK,41.830724,-87.685051,Dropoff,H-24.2A,156
RouteID_0074e307-23c1-4b15-afa2-e58b45e4403c,DCH1,2018-08-03,13:41:51,3313071.0,Medium,NX,41.830267,-87.68601,Dropoff,H-24.2A,157
RouteID_0074e307-23c1-4b15-afa2-e58b45e4403c,DCH1,2018-08-03,13:41:51,3313071.0,Medium,AT,41.829292,-87.683913,Dropoff,H-24.2A,158
RouteID_0074e307-23c1-4b15-afa2-e58b45e4403c,DCH1,2018-08-03,13:41:51,3313071.0,Medium,MX,41.829141,-87.684433,Dropoff,H-24.2A,159
RouteID_0074e307-23c1-4b15-afa2-e58b45e4403c,DCH1,2018-08-03,13:41:51,3313071.0,Medium,UF,41.831409,-87.684462,Dropoff,H-24.2A,160
RouteID_0076d53c-6bfa-4e22-b39e-08769fb8e4d3,DSE5,2018-08-24,14:34:04,3313071.0,Medium,IX,47.464945,-122.231073,Station,,0
RouteID_0076d53c-6bfa-4e22-b39e-08769fb8e4d3,DSE5,2018-08-24,14:34:04,3313071.0,Medium,YX,47.569064,-122.054257,Dropoff,C-27.2E,1
RouteID_0076d53c-6bfa-4e22-b39e-08769fb8e4d3,DSE5,2018-08-24,14:34:04,3313071.0,Medium,YV,47.568972,-122.054901,Dropoff,C-27.2E,2
RouteID_0076d53c-6bfa-4e22-b39e-08769fb8e4d3,DSE5,2018-08-24,14:34:04,3313071.0,Medium,KH,47.569129,-122.05581,Dropoff,C-27.2E,3
RouteID_0076d53c-6bfa-4e22-b39e-08769fb8e4d3,DSE5,2018-08-24,14:34:04,3313071.0,Medium,VG,47.569126,-122.055943,Dropoff,C-27.2E,4
RouteID_0076d53c-6bfa-4e22-b39e-08769fb8e4d3,DSE5,2018-08-24,14:34:04,3313071.0,Medium,WM,47.569124,-122.056243,Dropoff,C-27.2E,5
RouteID_0076d53c-6bfa-4e22-b39e-08769fb8e4d3,DSE5,2018-08-24,14:34:04,3313071.0,Medium,TP,47.56912,-122.056442,Dropoff,C-27.2E,6
RouteID_0076d53c-6bfa-4e22-b39e-08769fb8e4d3,DSE5,2018-08-24,14:34:04,3313071.0,Medium,AT,47.56861,-122.060175,Dropoff,C-27.2E,7
RouteID_0076d53c-6bfa-4e22-b39e-08769fb8e4d3,DSE5,2018-08-24,14:34:04,3313071.0,Medium,IN,47.568338,-122.059432,Dropoff,C-27.2E,8
RouteID_0076d53c-6bfa-4e22-b39e-08769fb8e4d3,DSE5,2018-08-24,14:34:04,3313071.0,Medium,KX,47.568152,-122.057544,Dropoff,C-27.2E,9
RouteID_0076d53c-6bfa-4e22-b39e-08769fb8e4d3,DSE5,2018-08-24,14:34:04,3313071.0,Medium,FJ,47.569431,-122.056202,Dropoff,C-27.2E,10
RouteID_0076d53c-6bfa-4e22-b39e-08769fb8e4d3,DSE5,2018-08-24,14:34:04,3313071.0,Medium,DI,47.56958,-122.055016,Dropoff,C-27.2E,11
RouteID_0076d53c-6bfa-4e22-b39e-08769fb8e4d3,DSE5,2018-08-24,14:34:04,3313071.0,Medium,JM,47.572561,-122.058173,Dropoff,C-27.2E,12
RouteID_0076d53c-6bfa-4e22-b39e-08769fb8e4d3,DSE5,2018-08-24,14:34:04,3313071.0,Medium,UP,47.57213,-122.058893,Dropoff,C-27.2E,13
RouteID_0076d53c-6bfa-4e22-b39e-08769fb8e4d3,DSE5,2018-08-24,14:34:04,3313071.0,Medium,AG,47.569006,-122.057689,Dropoff,C-27.2E,14
RouteID_0076d53c-6bfa-4e22-b39e-08769fb8e4d3,DSE5,2018-08-24,14:34:04,3313071.0,Medium,NU,47.568953,-122.058366,Dropoff,C-27.2E,15
RouteID_0076d53c-6bfa-4e22-b39e-08769fb8e4d3,DSE5,2018-08-24,14:34:04,3313071.0,Medium,ZU,47.569441,-122.065489,Dropoff,C-27.2E,16
RouteID_0076d53c-6bfa-4e22-b39e-08769fb8e4d3,DSE5,2018-08-24,14:34:04,3313071.0,Medium,LQ,47.573235,-122.067029,Dropoff,C-27.2E,17
RouteID_0076d53c-6bfa-4e22-b39e-08769fb8e4d3,DSE5,2018-08-24,14:34:04,3313071.0,Medium,JB,47.576902,-122.071788,Dropoff,C-27.3E,18
RouteID_0076d53c-6bfa-4e22-b39e-08769fb8e4d3,DSE5,2018-08-24,14:34:04,3313071.0,Medium,SS,47.576633,-122.0727,Dropoff,C-27.3E,19
RouteID_0076d53c-6bfa-4e22-b39e-08769fb8e4d3,DSE5,2018-08-24,14:34:04,3313071.0,Medium,VQ,47.576611,-122.071634,Dropoff,C-27.3E,20
RouteID_0076d53c-6bfa-4e22-b39e-08769fb8e4d3,DSE5,2018-08-24,14:34:04,3313071.0,Medium,KT,47.576336,-122.072537,Dropoff,C-27.3E,21
RouteID_0076d53c-6bfa-4e22-b39e-08769fb8e4d3,DSE5,2018-08-24,14:34:04,3313071.0,Medium,BG,47.575906,-122.072107,Dropoff,C-27.3E,22
RouteID_0076d53c-6bfa-4e22-b39e-08769fb8e4d3,DSE5,2018-08-24,14:34:04,3313071.0,Medium,MC,47.574437,-122.071401,Dropoff,C-27.3E,23
RouteID_0076d53c-6bfa-4e22-b39e-08769fb8e4d3,DSE5,2018-08-24,14:34:04,3313071.0,Medium,QA,47.573165,-122.069818,Dropoff,C-27.3E,24
RouteID_0076d53c-6bfa-4e22-b39e-08769fb8e4d3,DSE5,2018-08-24,14:34:04,3313071.0,Medium,VX,47.572779,-122.069397,Dropoff,C-27.3E,25
RouteID_0076d53c-6bfa-4e22-b39e-08769fb8e4d3,DSE5,2018-08-24,14:34:04,3313071.0,Medium,MP,47.578487,-122.075313,Dropoff,C-27.3E,26
RouteID_0076d53c-6bfa-4e22-b39e-08769fb8e4d3,DSE5,2018-08-24,14:34:04,3313071.0,Medium,JU,47.580085,-122.074025,Dropoff,C-27.3E,27
RouteID_0076d53c-6bfa-4e22-b39e-08769fb8e4d3,DSE5,2018-08-24,14:34:04,3313071.0,Medium,NA,47.579225,-122.073376,Dropoff,C-27.3E,28
RouteID_0076d53c-6bfa-4e22-b39e-08769fb8e4d3,DSE5,2018-08-24,14:34:04,3313071.0,Medium,BE,47.581399,-122.075525,Dropoff,C-27.3E,29
RouteID_0076d53c-6bfa-4e22-b39e-08769fb8e4d3,DSE5,2018-08-24,14:34:04,3313071.0,Medium,PU,47.581572,-122.071868,Dropoff,C-27.3E,30
RouteID_0076d53c-6bfa-4e22-b39e-08769fb8e4d3,DSE5,2018-08-24,14:34:04,3313071.0,Medium,CS,47.581904,-122.077852,Dropoff,C-27.3E,31
RouteID_0076d53c-6bfa-4e22-b39e-08769fb8e4d3,DSE5,2018-08-24,14:34:04,3313071.0,Medium,WP,47.582731,-122.07544,Dropoff,C-27.3E,32
RouteID_0076d53c-6bfa-4e22-b39e-08769fb8e4d3,DSE5,2018-08-24,14:34:04,3313071.0,Medium,BF,47.583078,-122.075776,Dropoff,C-27.3E,33
RouteID_0076d53c-6bfa-4e22-b39e-08769fb8e4d3,DSE5,2018-08-24,14:34:04,3313071.0,Medium,TJ,47.581658,-122.080897,Dropoff,C-27.3E,34
RouteID_0076d53c-6bfa-4e22-b39e-08769fb8e4d3,DSE5,2018-08-24,14:34:04,3313071.0,Medium,OX,47.582986,-122.082159,Dropoff,C-27.3E,35
RouteID_0076d53c-6bfa-4e22-b39e-08769fb8e4d3,DSE5,2018-08-24,14:34:04,3313071.0,Medium,IE,47.583338,-122.082385,Dropoff,C-27.3E,36
RouteID_0076d53c-6bfa-4e22-b39e-08769fb8e4d3,DSE5,2018-08-24,14:34:04,3313071.0,Medium,RF,47.585351,-122.082448,Dropoff,C-27.3E,37
RouteID_0076d53c-6bfa-4e22-b39e-08769fb8e4d3,DSE5,2018-08-24,14:34:04,3313071.0,Medium,RH,47.587791,-122.085696,Dropoff,C-27.3E,38
RouteID_0076d53c-6bfa-4e22-b39e-08769fb8e4d3,DSE5,2018-08-24,14:34:04,3313071.0,Medium,KV,47.587843,-122.082785,Dropoff,C-27.3E,39
RouteID_0076d53c-6bfa-4e22-b39e-08769fb8e4d3,DSE5,2018-08-24,14:34:04,3313071.0,Medium,OW,47.58803,-122.085273,Dropoff,C-27.3E,40
RouteID_0076d53c-6bfa-4e22-b39e-08769fb8e4d3,DSE5,2018-08-24,14:34:04,3313071.0,Medium,MJ,47.588279,-122.085847,Dropoff,C-27.3E,41
RouteID_0076d53c-6bfa-4e22-b39e-08769fb8e4d3,DSE5,2018-08-24,14:34:04,3313071.0,Medium,QM,47.588849,-122.084966,Dropoff,C-27.3G,42
RouteID_0076d53c-6bfa-4e22-b39e-08769fb8e4d3,DSE5,2018-08-24,14:34:04,3313071.0,Medium,JJ,47.588849,-122.084966,Dropoff,C-27.3G,43
RouteID_0076d53c-6bfa-4e22-b39e-08769fb8e4d3,DSE5,2018-08-24,14:34:04,3313071.0,Medium,NH,47.58928,-122.085437,Dropoff,C-27.3G,44
RouteID_0076d53c-6bfa-4e22-b39e-08769fb8e4d3,DSE5,2018-08-24,14:34:04,3313071.0,Medium,TO,47.589788,-122.086019,Dropoff,C-27.3G,45
RouteID_0076d53c-6bfa-4e22-b39e-08769fb8e4d3,DSE5,2018-08-24,14:34:04,3313071.0,Medium,PI,47.590423,-122.086452,Dropoff,C-27.3G,46
RouteID_0076d53c-6bfa-4e22-b39e-08769fb8e4d3,DSE5,2018-08-24,14:34:04,3313071.0,Medium,LC,47.591195,-122.085601,Dropoff,C-27.3G,47
RouteID_0076d53c-6bfa-4e22-b39e-08769fb8e4d3,DSE5,2018-08-24,14:34:04,3313071.0,Medium,MG,47.591862,-122.085574,Dropoff,C-27.3G,48
RouteID_0076d53c-6bfa-4e22-b39e-08769fb8e4d3,DSE5,2018-08-24,14:34:04,3313071.0,Medium,UO,47.594341,-122.0847,Dropoff,C-27.3G,49
RouteID_0076d53c-6bfa-4e22-b39e-08769fb8e4d3,DSE5,2018-08-24,14:34:04,3313071.0,Medium,XM,47.594885,-122.084292,Dropoff,C-27.3G,50
RouteID_0076d53c-6bfa-4e22-b39e-08769fb8e4d3,DSE5,2018-08-24,14:34:04,3313071.0,Medium,KD,47.595082,-122.083977,Dropoff,C-27.3G,51
RouteID_0076d53c-6bfa-4e22-b39e-08769fb8e4d3,DSE5,2018-08-24,14:34:04,3313071.0,Medium,JK,47.600969,-122.08074,Dropoff,C-27.3G,52
RouteID_0076d53c-6bfa-4e22-b39e-08769fb8e4d3,DSE5,2018-08-24,14:34:04,3313071.0,Medium,LX,47.602042,-122.077354,Dropoff,C-27.3G,53
RouteID_0076d53c-6bfa-4e22-b39e-08769fb8e4d3,DSE5,2018-08-24,14:34:04,3313071.0,Medium,PZ,47.60204,-122.077238,Dropoff,C-27.3G,54
RouteID_0076d53c-6bfa-4e22-b39e-08769fb8e4d3,DSE5,2018-08-24,14:34:04,3313071.0,Medium,PX,47.601462,-122.074851,Dropoff,C-27.3G,55
RouteID_0076d53c-6bfa-4e22-b39e-08769fb8e4d3,DSE5,2018-08-24,14:34:04,3313071.0,Medium,EK,47.601091,-122.074685,Dropoff,C-27.3G,56
RouteID_0076d53c-6bfa-4e22-b39e-08769fb8e4d3,DSE5,2018-08-24,14:34:04,3313071.0,Medium,VP,47.6016,-122.07421,Dropoff,C-27.3G,57
RouteID_0076d53c-6bfa-4e22-b39e-08769fb8e4d3,DSE5,2018-08-24,14:34:04,3313071.0,Medium,AF,47.600495,-122.073027,Dropoff,C-27.3G,58
RouteID_0076d53c-6bfa-4e22-b39e-08769fb8e4d3,DSE5,2018-08-24,14:34:04,3313071.0,Medium,YP,47.596753,-122.082298,Dropoff,C-27.3G,59
RouteID_0076d53c-6bfa-4e22-b39e-08769fb8e4d3,DSE5,2018-08-24,14:34:04,3313071.0,Medium,YG,47.595768,-122.080833,Dropoff,C-27.3G,60
RouteID_0076d53c-6bfa-4e22-b39e-08769fb8e4d3,DSE5,2018-08-24,14:34:04,3313071.0,Medium,PJ,47.59534,-122.079724,Dropoff,C-27.3G,61
RouteID_0076d53c-6bfa-4e22-b39e-08769fb8e4d3,DSE5,2018-08-24,14:34:04,3313071.0,Medium,GD,47.59422,-122.07833,Dropoff,C-27.3G,62
RouteID_0076d53c-6bfa-4e22-b39e-08769fb8e4d3,DSE5,2018-08-24,14:34:04,3313071.0,Medium,QH,47.591734,-122.084723,Dropoff,C-27.3G,63
RouteID_0076d53c-6bfa-4e22-b39e-08769fb8e4d3,DSE5,2018-08-24,14:34:04,3313071.0,Medium,VY,47.592223,-122.081979,Dropoff,C-27.3G,64
RouteID_0076d53c-6bfa-4e22-b39e-08769fb8e4d3,DSE5,2018-08-24,14:34:04,3313071.0,Medium,RV,47.592076,-122.08191,Dropoff,C-27.3G,65
RouteID_0076d53c-6bfa-4e22-b39e-08769fb8e4d3,DSE5,2018-08-24,14:34:04,3313071.0,Medium,BS,47.591382,-122.07883,Dropoff,C-27.3G,66
RouteID_0076d53c-6bfa-4e22-b39e-08769fb8e4d3,DSE5,2018-08-24,14:34:04,3313071.0,Medium,VD,47.590115,-122.077071,Dropoff,C-27.3G,67
RouteID_0076d53c-6bfa-4e22-b39e-08769fb8e4d3,DSE5,2018-08-24,14:34:04,3313071.0,Medium,LT,47.589117,-122.080073,Dropoff,C-27.3G,68
RouteID_0076d53c-6bfa-4e22-b39e-08769fb8e4d3,DSE5,2018-08-24,14:34:04,3313071.0,Medium,HG,47.590422,-122.074045,Dropoff,C-27.3G,69
RouteID_0076d53c-6bfa-4e22-b39e-08769fb8e4d3,DSE5,2018-08-24,14:34:04,3313071.0,Medium,OJ,47.591167,-122.074784,Dropoff,C-27.3G,70
RouteID_0076d53c-6bfa-4e22-b39e-08769fb8e4d3,DSE5,2018-08-24,14:34:04,3313071.0,Medium,WN,47.591937,-122.073095,Dropoff,C-27.3G,71
RouteID_0076d53c-6bfa-4e22-b39e-08769fb8e4d3,DSE5,2018-08-24,14:34:04,3313071.0,Medium,LP,47.593004,-122.076848,Dropoff,C-27.3G,72
RouteID_0076d53c-6bfa-4e22-b39e-08769fb8e4d3,DSE5,2018-08-24,14:34:04,3313071.0,Medium,JR,47.593008,-122.076896,Dropoff,C-27.3G,73
RouteID_0076d53c-6bfa-4e22-b39e-08769fb8e4d3,DSE5,2018-08-24,14:34:04,3313071.0,Medium,US,47.593003,-122.076776,Dropoff,C-27.3G,74
RouteID_0076d53c-6bfa-4e22-b39e-08769fb8e4d3,DSE5,2018-08-24,14:34:04,3313071.0,Medium,OZ,47.593008,-122.075005,Dropoff,C-27.3G,75
RouteID_0076d53c-6bfa-4e22-b39e-08769fb8e4d3,DSE5,2018-08-24,14:34:04,3313071.0,Medium,RE,47.593014,-122.074808,Dropoff,C-27.3G,76
RouteID_0076d53c-6bfa-4e22-b39e-08769fb8e4d3,DSE5,2018-08-24,14:34:04,3313071.0,Medium,DM,47.594602,-122.076681,Dropoff,C-27.3G,77
RouteID_0076d53c-6bfa-4e22-b39e-08769fb8e4d3,DSE5,2018-08-24,14:34:04,3313071.0,Medium,HJ,47.590815,-122.068883,Dropoff,C-27.3G,78
RouteID_0076d53c-6bfa-4e22-b39e-08769fb8e4d3,DSE5,2018-08-24,14:34:04,3313071.0,Medium,HA,47.592593,-122.068985,Dropoff,C-27.3G,79
RouteID_0076d53c-6bfa-4e22-b39e-08769fb8e4d3,DSE5,2018-08-24,14:34:04,3313071.0,Medium,JG,47.592697,-122.068924,Dropoff,C-27.3G,80
RouteID_0076d53c-6bfa-4e22-b39e-08769fb8e4d3,DSE5,2018-08-24,14:34:04,3313071.0,Medium,HI,47.593508,-122.069023,Dropoff,C-27.3G,81
RouteID_0076d53c-6bfa-4e22-b39e-08769fb8e4d3,DSE5,2018-08-24,14:34:04,3313071.0,Medium,QB,47.591401,-122.071298,Dropoff,C-27.3G,82
RouteID_0076d53c-6bfa-4e22-b39e-08769fb8e4d3,DSE5,2018-08-24,14:34:04,3313071.0,Medium,FT,47.590903,-122.071677,Dropoff,C-27.3G,83
RouteID_0076d53c-6bfa-4e22-b39e-08769fb8e4d3,DSE5,2018-08-24,14:34:04,3313071.0,Medium,DC,47.590215,-122.071669,Dropoff,C-27.3G,84
RouteID_0076d53c-6bfa-4e22-b39e-08769fb8e4d3,DSE5,2018-08-24,14:34:04,3313071.0,Medium,WA,47.587844,-122.073024,Dropoff,C-27.2G,85
RouteID_0076d53c-6bfa-4e22-b39e-08769fb8e4d3,DSE5,2018-08-24,14:34:04,3313071.0,Medium,CV,47.585497,-122.07305,Dropoff,C-27.2G,86
RouteID_0076d53c-6bfa-4e22-b39e-08769fb8e4d3,DSE5,2018-08-24,14:34:04,3313071.0,Medium,SI,47.583519,-122.073109,Dropoff,C-27.2G,87
RouteID_0076d53c-6bfa-4e22-b39e-08769fb8e4d3,DSE5,2018-08-24,14:34:04,3313071.0,Medium,HQ,47.583903,-122.077587,Dropoff,C-27.2G,88
RouteID_0076d53c-6bfa-4e22-b39e-08769fb8e4d3,DSE5,2018-08-24,14:34:04,3313071.0,Medium,ML,47.584538,-122.080203,Dropoff,C-27.2G,89
RouteID_0076d53c-6bfa-4e22-b39e-08769fb8e4d3,DSE5,2018-08-24,14:34:04,3313071.0,Medium,VU,47.584539,-122.080079,Dropoff,C-27.2G,90
RouteID_0076d53c-6bfa-4e22-b39e-08769fb8e4d3,DSE5,2018-08-24,14:34:04,3313071.0,Medium,HV,47.585216,-122.080396,Dropoff,C-27.2G,91
RouteID_0076d53c-6bfa-4e22-b39e-08769fb8e4d3,DSE5,2018-08-24,14:34:04,3313071.0,Medium,NE,47.585238,-122.079094,Dropoff,C-27.2G,92
RouteID_0076d53c-6bfa-4e22-b39e-08769fb8e4d3,DSE5,2018-08-24,14:34:04,3313071.0,Medium,MB,47.58561,-122.079864,Dropoff,C-27.2G,93
RouteID_0076d53c-6bfa-4e22-b39e-08769fb8e4d3,DSE5,2018-08-24,14:34:04,3313071.0,Medium,LV,47.587331,-122.080043,Dropoff,C-27.2G,94
RouteID_0076d53c-6bfa-4e22-b39e-08769fb8e4d3,DSE5,2018-08-24,14:34:04,3313071.0,Medium,RT,47.586996,-122.080147,Dropoff,C-27.2G,95
RouteID_0076d53c-6bfa-4e22-b39e-08769fb8e4d3,DSE5,2018-08-24,14:34:04,3313071.0,Medium,VZ,47.588175,-122.079496,Dropoff,C-27.2G,96
RouteID_0076d53c-6bfa-4e22-b39e-08769fb8e4d3,DSE5,2018-08-24,14:34:04,3313071.0,Medium,ZR,47.587091,-122.078957,Dropoff,C-27.2G,97
RouteID_0076d53c-6bfa-4e22-b39e-08769fb8e4d3,DSE5,2018-08-24,14:34:04,3313071.0,Medium,ZN,47.586921,-122.078855,Dropoff,C-27.2G,98
RouteID_0076d53c-6bfa-4e22-b39e-08769fb8e4d3,DSE5,2018-08-24,14:34:04,3313071.0,Medium,RP,47.589162,-122.070081,Dropoff,,99
RouteID_0076d53c-6bfa-4e22-b39e-08769fb8e4d3,DSE5,2018-08-24,14:34:04,3313071.0,Medium,UV,47.583393,-122.069909,Dropoff,C-27.2G,100
RouteID_0076d53c-6bfa-4e22-b39e-08769fb8e4d3,DSE5,2018-08-24,14:34:04,3313071.0,Medium,KM,47.583039,-122.0686,Dropoff,C-27.2G,101
RouteID_0076d53c-6bfa-4e22-b39e-08769fb8e4d3,DSE5,2018-08-24,14:34:04,3313071.0,Medium,TU,47.583214,-122.067719,Dropoff,C-27.2G,102
RouteID_0076d53c-6bfa-4e22-b39e-08769fb8e4d3,DSE5,2018-08-24,14:34:04,3313071.0,Medium,FL,47.584817,-122.067692,Dropoff,C-27.2G,103
RouteID_0076d53c-6bfa-4e22-b39e-08769fb8e4d3,DSE5,2018-08-24,14:34:04,3313071.0,Medium,QO,47.591043,-122.066763,Dropoff,C-27.2G,104
RouteID_0076d53c-6bfa-4e22-b39e-08769fb8e4d3,DSE5,2018-08-24,14:34:04,3313071.0,Medium,OV,47.590087,-122.066385,Dropoff,C-27.2G,105
RouteID_0076d53c-6bfa-4e22-b39e-08769fb8e4d3,DSE5,2018-08-24,14:34:04,3313071.0,Medium,LR,47.588465,-122.064059,Dropoff,C-27.2G,106
RouteID_0076d53c-6bfa-4e22-b39e-08769fb8e4d3,DSE5,2018-08-24,14:34:04,3313071.0,Medium,QX,47.588469,-122.064426,Dropoff,C-27.2G,107
RouteID_0076d53c-6bfa-4e22-b39e-08769fb8e4d3,DSE5,2018-08-24,14:34:04,3313071.0,Medium,YB,47.591281,-122.06361,Dropoff,C-27.2G,108
RouteID_0076d53c-6bfa-4e22-b39e-08769fb8e4d3,DSE5,2018-08-24,14:34:04,3313071.0,Medium,CW,47.585639,-122.063467,Dropoff,C-27.2G,109
RouteID_0076d53c-6bfa-4e22-b39e-08769fb8e4d3,DSE5,2018-08-24,14:34:04,3313071.0,Medium,AL,47.587932,-122.052578,Dropoff,C-27.1G,110
RouteID_0076d53c-6bfa-4e22-b39e-08769fb8e4d3,DSE5,2018-08-24,14:34:04,3313071.0,Medium,XT,47.587949,-122.050528,Dropoff,C-27.1G,111
RouteID_0076d53c-6bfa-4e22-b39e-08769fb8e4d3,DSE5,2018-08-24,14:34:04,3313071.0,Medium,RI,47.5896,-122.050553,Dropoff,C-27.1G,112
RouteID_0076d53c-6bfa-4e22-b39e-08769fb8e4d3,DSE5,2018-08-24,14:34:04,3313071.0,Medium,LJ,47.591441,-122.050868,Dropoff,C-27.1G,113
RouteID_0076d53c-6bfa-4e22-b39e-08769fb8e4d3,DSE5,2018-08-24,14:34:04,3313071.0,Medium,UC,47.590055,-122.046659,Dropoff,C-27.1G,114
RouteID_0076d53c-6bfa-4e22-b39e-08769fb8e4d3,DSE5,2018-08-24,14:34:04,3313071.0,Medium,DF,47.591796,-122.042388,Dropoff,C-27.1G,115
RouteID_0076d53c-6bfa-4e22-b39e-08769fb8e4d3,DSE5,2018-08-24,14:34:04,3313071.0,Medium,QT,47.59106,-122.04327,Dropoff,C-27.1G,116
RouteID_0076d53c-6bfa-4e22-b39e-08769fb8e4d3,DSE5,2018-08-24,14:34:04,3313071.0,Medium,QR,47.590297,-122.044675,Dropoff,C-27.1G,117
RouteID_0076d53c-6bfa-4e22-b39e-08769fb8e4d3,DSE5,2018-08-24,14:34:04,3313071.0,Medium,MA,47.592708,-122.04749,Dropoff,C-27.1G,118
RouteID_0076d53c-6bfa-4e22-b39e-08769fb8e4d3,DSE5,2018-08-24,14:34:04,3313071.0,Medium,XN,47.591889,-122.04877,Dropoff,C-27.1G,119
RouteID_0076d53c-6bfa-4e22-b39e-08769fb8e4d3,DSE5,2018-08-24,14:34:04,3313071.0,Medium,IM,47.592795,-122.050924,Dropoff,C-27.1G,120
RouteID_0076d53c-6bfa-4e22-b39e-08769fb8e4d3,DSE5,2018-08-24,14:34:04,3313071.0,Medium,CZ,47.594328,-122.050929,Dropoff,C-27.1G,121
RouteID_0076d53c-6bfa-4e22-b39e-08769fb8e4d3,DSE5,2018-08-24,14:34:04,3313071.0,Medium,LN,47.594566,-122.05093,Dropoff,C-27.1G,122
RouteID_0076d53c-6bfa-4e22-b39e-08769fb8e4d3,DSE5,2018-08-24,14:34:04,3313071.0,Medium,FA,47.5946,-122.049609,Dropoff,C-27.1G,123
RouteID_0076d53c-6bfa-4e22-b39e-08769fb8e4d3,DSE5,2018-08-24,14:34:04,3313071.0,Medium,AD,47.59404,-122.048171,Dropoff,C-27.1G,124
RouteID_0076d53c-6bfa-4e22-b39e-08769fb8e4d3,DSE5,2018-08-24,14:34:04,3313071.0,Medium,YZ,47.593829,-122.052329,Dropoff,C-27.1G,125
RouteID_0076d53c-6bfa-4e22-b39e-08769fb8e4d3,DSE5,2018-08-24,14:34:04,3313071.0,Medium,FX,47.593113,-122.053956,Dropoff,C-27.1G,126
RouteID_0076d53c-6bfa-4e22-b39e-08769fb8e4d3,DSE5,2018-08-24,14:34:04,3313071.0,Medium,EE,47.591949,-122.052239,Dropoff,C-27.1G,127
RouteID_0076d53c-6bfa-4e22-b39e-08769fb8e4d3,DSE5,2018-08-24,14:34:04,3313071.0,Medium,UL,47.591948,-122.052215,Dropoff,C-27.1G,128
RouteID_0076d53c-6bfa-4e22-b39e-08769fb8e4d3,DSE5,2018-08-24,14:34:04,3313071.0,Medium,ZB,47.59199,-122.054727,Dropoff,C-27.1G,129
RouteID_007a8397-37f4-4775-a452-c6934167526b,DLA7,2018-08-03,15:45:38,3313071.0,Medium,UI,33.965477,-117.653303,Station,,0
RouteID_007a8397-37f4-4775-a452-c6934167526b,DLA7,2018-08-03,15:45:38,3313071.0,Medium,BK,33.93999,-117.599825,Dropoff,A-32.3G,1
RouteID_007a8397-37f4-4775-a452-c6934167526b,DLA7,2018-08-03,15:45:38,3313071.0,Medium,CZ,33.939991,-117.600525,Dropoff,A-32.3G,2
RouteID_007a8397-37f4-4775-a452-c6934167526b,DLA7,2018-08-03,15:45:38,3313071.0,Medium,RR,33.940026,-117.602479,Dropoff,A-32.3G,3
RouteID_007a8397-37f4-4775-a452-c6934167526b,DLA7,2018-08-03,15:45:38,3313071.0,Medium,JA,33.940819,-117.602079,Dropoff,A-32.3G,4
RouteID_007a8397-37f4-4775-a452-c6934167526b,DLA7,2018-08-03,15:45:38,3313071.0,Medium,QJ,33.941331,-117.600636,Dropoff,A-32.3G,5
RouteID_007a8397-37f4-4775-a452-c6934167526b,DLA7,2018-08-03,15:45:38,3313071.0,Medium,KC,33.941882,-117.599877,Dropoff,A-32.3G,6
RouteID_007a8397-37f4-4775-a452-c6934167526b,DLA7,2018-08-03,15:45:38,3313071.0,Medium,OV,33.941602,-117.599355,Dropoff,A-32.3G,7
RouteID_007a8397-37f4-4775-a452-c6934167526b,DLA7,2018-08-03,15:45:38,3313071.0,Medium,ZI,33.941163,-117.59956,Dropoff,A-32.3G,8
RouteID_007a8397-37f4-4775-a452-c6934167526b,DLA7,2018-08-03,15:45:38,3313071.0,Medium,KO,33.940549,-117.59971,Dropoff,A-32.3G,9
RouteID_007a8397-37f4-4775-a452-c6934167526b,DLA7,2018-08-03,15:45:38,3313071.0,Medium,VE,33.938915,-117.600633,Dropoff,A-32.3E,10
RouteID_007a8397-37f4-4775-a452-c6934167526b,DLA7,2018-08-03,15:45:38,3313071.0,Medium,SK,33.938741,-117.599712,Dropoff,A-32.3E,11
RouteID_007a8397-37f4-4775-a452-c6934167526b,DLA7,2018-08-03,15:45:38,3313071.0,Medium,HL,33.939238,-117.600918,Dropoff,A-32.3E,12
RouteID_007a8397-37f4-4775-a452-c6934167526b,DLA7,2018-08-03,15:45:38,3313071.0,Medium,EL,33.939241,-117.60198,Dropoff,A-32.3E,13
RouteID_007a8397-37f4-4775-a452-c6934167526b,DLA7,2018-08-03,15:45:38,3313071.0,Medium,MC,33.938869,-117.6035,Dropoff,A-32.3E,14
RouteID_007a8397-37f4-4775-a452-c6934167526b,DLA7,2018-08-03,15:45:38,3313071.0,Medium,MH,33.935906,-117.603384,Dropoff,A-32.3E,15
RouteID_007a8397-37f4-4775-a452-c6934167526b,DLA7,2018-08-03,15:45:38,3313071.0,Medium,FE,33.935869,-117.602651,Dropoff,A-32.3E,16
RouteID_007a8397-37f4-4775-a452-c6934167526b,DLA7,2018-08-03,15:45:38,3313071.0,Medium,CV,33.936452,-117.60267,Dropoff,A-32.3E,17
RouteID_007a8397-37f4-4775-a452-c6934167526b,DLA7,2018-08-03,15:45:38,3313071.0,Medium,ID,33.93661,-117.60202,Dropoff,A-32.3E,18
RouteID_007a8397-37f4-4775-a452-c6934167526b,DLA7,2018-08-03,15:45:38,3313071.0,Medium,UV,33.937024,-117.599946,Dropoff,A-32.2E,19
RouteID_007a8397-37f4-4775-a452-c6934167526b,DLA7,2018-08-03,15:45:38,3313071.0,Medium,HH,33.934884,-117.601617,Dropoff,A-32.2E,20
RouteID_007a8397-37f4-4775-a452-c6934167526b,DLA7,2018-08-03,15:45:38,3313071.0,Medium,FI,33.934058,-117.602084,Dropoff,A-32.2E,21
RouteID_007a8397-37f4-4775-a452-c6934167526b,DLA7,2018-08-03,15:45:38,3313071.0,Medium,WN,33.934062,-117.601112,Dropoff,A-32.2E,22
RouteID_007a8397-37f4-4775-a452-c6934167526b,DLA7,2018-08-03,15:45:38,3313071.0,Medium,MW,33.930691,-117.598539,Dropoff,,23
RouteID_007a8397-37f4-4775-a452-c6934167526b,DLA7,2018-08-03,15:45:38,3313071.0,Medium,JE,33.931042,-117.602491,Dropoff,A-32.1E,24
RouteID_007a8397-37f4-4775-a452-c6934167526b,DLA7,2018-08-03,15:45:38,3313071.0,Medium,IH,33.930579,-117.596359,Dropoff,A-32.1E,25
RouteID_007a8397-37f4-4775-a452-c6934167526b,DLA7,2018-08-03,15:45:38,3313071.0,Medium,LN,33.931934,-117.595045,Dropoff,A-32.1E,26
RouteID_007a8397-37f4-4775-a452-c6934167526b,DLA7,2018-08-03,15:45:38,3313071.0,Medium,PG,33.928353,-117.60122,Dropoff,A-32.1E,27
RouteID_007a8397-37f4-4775-a452-c6934167526b,DLA7,2018-08-03,15:45:38,3313071.0,Medium,DG,33.928517,-117.600582,Dropoff,A-32.1E,28
RouteID_007a8397-37f4-4775-a452-c6934167526b,DLA7,2018-08-03,15:45:38,3313071.0,Medium,LP,33.929278,-117.599883,Dropoff,A-32.1E,29
RouteID_007a8397-37f4-4775-a452-c6934167526b,DLA7,2018-08-03,15:45:38,3313071.0,Medium,KZ,33.929871,-117.599832,Dropoff,A-32.1E,30
RouteID_007a8397-37f4-4775-a452-c6934167526b,DLA7,2018-08-03,15:45:38,3313071.0,Medium,AO,33.930251,-117.600411,Dropoff,A-32.1E,31
RouteID_007a8397-37f4-4775-a452-c6934167526b,DLA7,2018-08-03,15:45:38,3313071.0,Medium,VW,33.930768,-117.601232,Dropoff,A-32.1D,32
RouteID_007a8397-37f4-4775-a452-c6934167526b,DLA7,2018-08-03,15:45:38,3313071.0,Medium,QM,33.93262,-117.598678,Dropoff,A-32.2D,33
RouteID_007a8397-37f4-4775-a452-c6934167526b,DLA7,2018-08-03,15:45:38,3313071.0,Medium,JO,33.935001,-117.599131,Dropoff,A-32.2D,34
RouteID_007a8397-37f4-4775-a452-c6934167526b,DLA7,2018-08-03,15:45:38,3313071.0,Medium,ZE,33.933343,-117.596719,Dropoff,A-32.2D,35
RouteID_007a8397-37f4-4775-a452-c6934167526b,DLA7,2018-08-03,15:45:38,3313071.0,Medium,QF,33.93318,-117.596412,Dropoff,A-32.2D,36
RouteID_007a8397-37f4-4775-a452-c6934167526b,DLA7,2018-08-03,15:45:38,3313071.0,Medium,LD,33.932609,-117.59674,Dropoff,A-32.2D,37
RouteID_007a8397-37f4-4775-a452-c6934167526b,DLA7,2018-08-03,15:45:38,3313071.0,Medium,QE,33.934546,-117.595413,Dropoff,A-32.3D,38
RouteID_007a8397-37f4-4775-a452-c6934167526b,DLA7,2018-08-03,15:45:38,3313071.0,Medium,YE,33.935036,-117.596631,Dropoff,A-32.3D,39
RouteID_007a8397-37f4-4775-a452-c6934167526b,DLA7,2018-08-03,15:45:38,3313071.0,Medium,NO,33.935632,-117.597486,Dropoff,A-32.3C,40
RouteID_007a8397-37f4-4775-a452-c6934167526b,DLA7,2018-08-03,15:45:38,3313071.0,Medium,BH,33.935799,-117.599156,Dropoff,A-32.3C,41
RouteID_007a8397-37f4-4775-a452-c6934167526b,DLA7,2018-08-03,15:45:38,3313071.0,Medium,KN,33.935885,-117.599566,Dropoff,A-32.3C,42
RouteID_007a8397-37f4-4775-a452-c6934167526b,DLA7,2018-08-03,15:45:38,3313071.0,Medium,QQ,33.936573,-117.597221,Dropoff,A-32.3C,43
RouteID_007a8397-37f4-4775-a452-c6934167526b,DLA7,2018-08-03,15:45:38,3313071.0,Medium,MZ,33.939214,-117.597789,Dropoff,A-32.3C,44
RouteID_007a8397-37f4-4775-a452-c6934167526b,DLA7,2018-08-03,15:45:38,3313071.0,Medium,YQ,33.93776,-117.59544,Dropoff,A-32.2C,45
RouteID_007a8397-37f4-4775-a452-c6934167526b,DLA7,2018-08-03,15:45:38,3313071.0,Medium,WY,33.938217,-117.595554,Dropoff,A-32.2C,46
RouteID_007a8397-37f4-4775-a452-c6934167526b,DLA7,2018-08-03,15:45:38,3313071.0,Medium,GI,33.940002,-117.595496,Dropoff,A-32.2C,47
RouteID_007a8397-37f4-4775-a452-c6934167526b,DLA7,2018-08-03,15:45:38,3313071.0,Medium,MQ,33.940581,-117.593741,Dropoff,A-32.2C,48
RouteID_007a8397-37f4-4775-a452-c6934167526b,DLA7,2018-08-03,15:45:38,3313071.0,Medium,MB,33.941131,-117.593745,Dropoff,A-32.2C,49
RouteID_007a8397-37f4-4775-a452-c6934167526b,DLA7,2018-08-03,15:45:38,3313071.0,Medium,YP,33.942072,-117.594169,Dropoff,A-32.2C,50
RouteID_007a8397-37f4-4775-a452-c6934167526b,DLA7,2018-08-03,15:45:38,3313071.0,Medium,NL,33.937846,-117.594547,Dropoff,A-32.2C,51
RouteID_007a8397-37f4-4775-a452-c6934167526b,DLA7,2018-08-03,15:45:38,3313071.0,Medium,YS,33.937988,-117.593712,Dropoff,A-32.2C,52
RouteID_007a8397-37f4-4775-a452-c6934167526b,DLA7,2018-08-03,15:45:38,3313071.0,Medium,MD,33.940074,-117.590533,Dropoff,A-32.1C,53
RouteID_007a8397-37f4-4775-a452-c6934167526b,DLA7,2018-08-03,15:45:38,3313071.0,Medium,KM,33.940839,-117.589769,Dropoff,A-32.1C,54
RouteID_007a8397-37f4-4775-a452-c6934167526b,DLA7,2018-08-03,15:45:38,3313071.0,Medium,AM,33.940262,-117.590347,Dropoff,A-32.1C,55
RouteID_007a8397-37f4-4775-a452-c6934167526b,DLA7,2018-08-03,15:45:38,3313071.0,Medium,KE,33.939651,-117.592513,Dropoff,A-32.1C,56
RouteID_007a8397-37f4-4775-a452-c6934167526b,DLA7,2018-08-03,15:45:38,3313071.0,Medium,CR,33.942357,-117.591496,Dropoff,A-32.1C,57
RouteID_007a8397-37f4-4775-a452-c6934167526b,DLA7,2018-08-03,15:45:38,3313071.0,Medium,FQ,33.942433,-117.590896,Dropoff,A-32.1C,58
RouteID_007a8397-37f4-4775-a452-c6934167526b,DLA7,2018-08-03,15:45:38,3313071.0,Medium,ZT,33.942017,-117.592139,Dropoff,A-32.1B,59
RouteID_007a8397-37f4-4775-a452-c6934167526b,DLA7,2018-08-03,15:45:38,3313071.0,Medium,QG,33.942339,-117.592291,Dropoff,A-32.1B,60
RouteID_007a8397-37f4-4775-a452-c6934167526b,DLA7,2018-08-03,15:45:38,3313071.0,Medium,NS,33.943424,-117.589483,Dropoff,A-32.1B,61
RouteID_007a8397-37f4-4775-a452-c6934167526b,DLA7,2018-08-03,15:45:38,3313071.0,Medium,HS,33.944198,-117.589609,Dropoff,A-32.1B,62
RouteID_007a8397-37f4-4775-a452-c6934167526b,DLA7,2018-08-03,15:45:38,3313071.0,Medium,QS,33.944115,-117.590158,Dropoff,A-32.1B,63
RouteID_007a8397-37f4-4775-a452-c6934167526b,DLA7,2018-08-03,15:45:38,3313071.0,Medium,UC,33.945769,-117.589589,Dropoff,A-32.1B,64
RouteID_007a8397-37f4-4775-a452-c6934167526b,DLA7,2018-08-03,15:45:38,3313071.0,Medium,VU,33.944951,-117.589543,Dropoff,A-32.1B,65
RouteID_007a8397-37f4-4775-a452-c6934167526b,DLA7,2018-08-03,15:45:38,3313071.0,Medium,BS,33.945015,-117.590835,Dropoff,A-32.1B,66
RouteID_007a8397-37f4-4775-a452-c6934167526b,DLA7,2018-08-03,15:45:38,3313071.0,Medium,TA,33.945662,-117.592261,Dropoff,A-32.1B,67
RouteID_007a8397-37f4-4775-a452-c6934167526b,DLA7,2018-08-03,15:45:38,3313071.0,Medium,YF,33.945163,-117.587301,Dropoff,A-32.2B,68
RouteID_007a8397-37f4-4775-a452-c6934167526b,DLA7,2018-08-03,15:45:38,3313071.0,Medium,LE,33.945043,-117.587925,Dropoff,A-32.2B,69
RouteID_007a8397-37f4-4775-a452-c6934167526b,DLA7,2018-08-03,15:45:38,3313071.0,Medium,WP,33.94422,-117.588097,Dropoff,A-32.2B,70
RouteID_007a8397-37f4-4775-a452-c6934167526b,DLA7,2018-08-03,15:45:38,3313071.0,Medium,JZ,33.944311,-117.587506,Dropoff,A-32.2B,71
RouteID_007a8397-37f4-4775-a452-c6934167526b,DLA7,2018-08-03,15:45:38,3313071.0,Medium,VI,33.94251,-117.586261,Dropoff,A-32.2B,72
RouteID_007a8397-37f4-4775-a452-c6934167526b,DLA7,2018-08-03,15:45:38,3313071.0,Medium,ES,33.943682,-117.585378,Dropoff,A-32.2B,73
RouteID_007a8397-37f4-4775-a452-c6934167526b,DLA7,2018-08-03,15:45:38,3313071.0,Medium,HM,33.941708,-117.58651,Dropoff,A-32.3B,74
RouteID_007a8397-37f4-4775-a452-c6934167526b,DLA7,2018-08-03,15:45:38,3313071.0,Medium,YI,33.941498,-117.587572,Dropoff,A-32.3B,75
RouteID_007a8397-37f4-4775-a452-c6934167526b,DLA7,2018-08-03,15:45:38,3313071.0,Medium,KT,33.942328,-117.584332,Dropoff,A-32.3B,76
RouteID_007a8397-37f4-4775-a452-c6934167526b,DLA7,2018-08-03,15:45:38,3313071.0,Medium,ND,33.943116,-117.582819,Dropoff,A-32.3B,77
RouteID_007a8397-37f4-4775-a452-c6934167526b,DLA7,2018-08-03,15:45:38,3313071.0,Medium,RI,33.944878,-117.582544,Dropoff,A-32.3B,78
RouteID_007a8397-37f4-4775-a452-c6934167526b,DLA7,2018-08-03,15:45:38,3313071.0,Medium,NV,33.945788,-117.581748,Dropoff,A-32.3B,79
RouteID_007a8397-37f4-4775-a452-c6934167526b,DLA7,2018-08-03,15:45:38,3313071.0,Medium,PK,33.943747,-117.583682,Dropoff,A-32.3B,80
RouteID_007a8397-37f4-4775-a452-c6934167526b,DLA7,2018-08-03,15:45:38,3313071.0,Medium,FJ,33.943036,-117.584832,Dropoff,A-32.3B,81
RouteID_007a8397-37f4-4775-a452-c6934167526b,DLA7,2018-08-03,15:45:38,3313071.0,Medium,JH,33.945805,-117.587784,Dropoff,A-32.3A,82
RouteID_007a8397-37f4-4775-a452-c6934167526b,DLA7,2018-08-03,15:45:38,3313071.0,Medium,VO,33.947879,-117.588291,Dropoff,A-32.3A,83
RouteID_007a8397-37f4-4775-a452-c6934167526b,DLA7,2018-08-03,15:45:38,3313071.0,Medium,LW,33.946813,-117.589633,Dropoff,A-32.3A,84
RouteID_007a8397-37f4-4775-a452-c6934167526b,DLA7,2018-08-03,15:45:38,3313071.0,Medium,EU,33.946813,-117.590006,Dropoff,A-32.3A,85
RouteID_007a8397-37f4-4775-a452-c6934167526b,DLA7,2018-08-03,15:45:38,3313071.0,Medium,SB,33.946814,-117.590959,Dropoff,A-32.3A,86
RouteID_007a8397-37f4-4775-a452-c6934167526b,DLA7,2018-08-03,15:45:38,3313071.0,Medium,TE,33.947596,-117.592391,Dropoff,A-32.3A,87
RouteID_007a8397-37f4-4775-a452-c6934167526b,DLA7,2018-08-03,15:45:38,3313071.0,Medium,CJ,33.947575,-117.589199,Dropoff,A-32.3A,88
RouteID_007a8397-37f4-4775-a452-c6934167526b,DLA7,2018-08-03,15:45:38,3313071.0,Medium,HY,33.947525,-117.590034,Dropoff,A-32.3A,89
RouteID_007a8397-37f4-4775-a452-c6934167526b,DLA7,2018-08-03,15:45:38,3313071.0,Medium,WE,33.947528,-117.590766,Dropoff,A-32.3A,90
RouteID_007a8397-37f4-4775-a452-c6934167526b,DLA7,2018-08-03,15:45:38,3313071.0,Medium,IM,33.947533,-117.592211,Dropoff,A-32.3A,91
RouteID_007a8397-37f4-4775-a452-c6934167526b,DLA7,2018-08-03,15:45:38,3313071.0,Medium,GK,33.949862,-117.592174,Dropoff,A-32.2A,92
RouteID_007a8397-37f4-4775-a452-c6934167526b,DLA7,2018-08-03,15:45:38,3313071.0,Medium,LY,33.949001,-117.592238,Dropoff,A-32.2A,93
RouteID_007a8397-37f4-4775-a452-c6934167526b,DLA7,2018-08-03,15:45:38,3313071.0,Medium,CX,33.948301,-117.591071,Dropoff,A-32.2A,94
RouteID_007a8397-37f4-4775-a452-c6934167526b,DLA7,2018-08-03,15:45:38,3313071.0,Medium,NK,33.949952,-117.589605,Dropoff,A-32.2A,95
RouteID_007a8397-37f4-4775-a452-c6934167526b,DLA7,2018-08-03,15:45:38,3313071.0,Medium,OI,33.950368,-117.59011,Dropoff,A-32.2A,96
RouteID_007a8397-37f4-4775-a452-c6934167526b,DLA7,2018-08-03,15:45:38,3313071.0,Medium,JV,33.950748,-117.589312,Dropoff,A-32.2A,97
RouteID_007a8397-37f4-4775-a452-c6934167526b,DLA7,2018-08-03,15:45:38,3313071.0,Medium,AE,33.950366,-117.58882,Dropoff,A-32.2A,98
RouteID_007a8397-37f4-4775-a452-c6934167526b,DLA7,2018-08-03,15:45:38,3313071.0,Medium,RZ,33.9513,-117.588591,Dropoff,A-32.1A,99
RouteID_007a8397-37f4-4775-a452-c6934167526b,DLA7,2018-08-03,15:45:38,3313071.0,Medium,YH,33.951908,-117.589161,Dropoff,A-32.1A,100
RouteID_007a8397-37f4-4775-a452-c6934167526b,DLA7,2018-08-03,15:45:38,3313071.0,Medium,AF,33.951388,-117.590709,Dropoff,A-32.1A,101
RouteID_007a8397-37f4-4775-a452-c6934167526b,DLA7,2018-08-03,15:45:38,3313071.0,Medium,GX,33.951,-117.590954,Dropoff,A-32.1A,102
RouteID_007a8397-37f4-4775-a452-c6934167526b,DLA7,2018-08-03,15:45:38,3313071.0,Medium,BF,33.949788,-117.590655,Dropoff,A-32.1A,103
RouteID_007a8397-37f4-4775-a452-c6934167526b,DLA7,2018-08-03,15:45:38,3313071.0,Medium,QD,33.950597,-117.591671,Dropoff,A-32.1A,104
RouteID_007a8397-37f4-4775-a452-c6934167526b,DLA7,2018-08-03,15:45:38,3313071.0,Medium,JQ,33.950588,-117.592551,Dropoff,A-32.1A,105
RouteID_007a8397-37f4-4775-a452-c6934167526b,DLA7,2018-08-03,15:45:38,3313071.0,Medium,GL,33.950949,-117.592388,Dropoff,A-32.1A,106
RouteID_007a8397-37f4-4775-a452-c6934167526b,DLA7,2018-08-03,15:45:38,3313071.0,Medium,AJ,33.951732,-117.592385,Dropoff,A-32.1A,107
RouteID_007a8397-37f4-4775-a452-c6934167526b,DLA7,2018-08-03,15:45:38,3313071.0,Medium,TV,33.952301,-117.59239,Dropoff,A-32.1A,108
RouteID_007a8397-37f4-4775-a452-c6934167526b,DLA7,2018-08-03,15:45:38,3313071.0,Medium,LF,33.952432,-117.59061,Dropoff,A-32.1A,109
RouteID_007a8397-37f4-4775-a452-c6934167526b,DLA7,2018-08-03,15:45:38,3313071.0,Medium,SA,33.95312,-117.591224,Dropoff,A-32.1A,110
RouteID_007a8397-37f4-4775-a452-c6934167526b,DLA7,2018-08-03,15:45:38,3313071.0,Medium,BR,33.95558,-117.589869,Dropoff,A-33.1A,111
RouteID_007a8397-37f4-4775-a452-c6934167526b,DLA7,2018-08-03,15:45:38,3313071.0,Medium,DU,33.9563,-117.58959,Dropoff,A-33.1A,112
RouteID_007a8397-37f4-4775-a452-c6934167526b,DLA7,2018-08-03,15:45:38,3313071.0,Medium,KQ,33.95504,-117.592394,Dropoff,A-33.1A,113
RouteID_007a8397-37f4-4775-a452-c6934167526b,DLA7,2018-08-03,15:45:38,3313071.0,Medium,HF,33.954474,-117.592387,Dropoff,A-33.1A,114
RouteID_007a8397-37f4-4775-a452-c6934167526b,DLA7,2018-08-03,15:45:38,3313071.0,Medium,CM,33.954123,-117.591463,Dropoff,A-33.1A,115
RouteID_007a8397-37f4-4775-a452-c6934167526b,DLA7,2018-08-03,15:45:38,3313071.0,Medium,PE,33.954345,-117.592385,Dropoff,A-33.1A,116
RouteID_007a8397-37f4-4775-a452-c6934167526b,DLA7,2018-08-03,15:45:38,3313071.0,Medium,LB,33.95486,-117.591754,Dropoff,A-33.1A,117
RouteID_007a8397-37f4-4775-a452-c6934167526b,DLA7,2018-08-03,15:45:38,3313071.0,Medium,QZ,33.9566,-117.591547,Dropoff,A-33.1A,118
RouteID_007a8397-37f4-4775-a452-c6934167526b,DLA7,2018-08-03,15:45:38,3313071.0,Medium,RY,33.95775,-117.5924,Dropoff,A-33.1A,119
RouteID_007a8397-37f4-4775-a452-c6934167526b,DLA7,2018-08-03,15:45:38,3313071.0,Medium,UB,33.958177,-117.592405,Dropoff,A-33.1A,120
RouteID_007a8397-37f4-4775-a452-c6934167526b,DLA7,2018-08-03,15:45:38,3313071.0,Medium,XQ,33.957651,-117.591548,Dropoff,A-33.2A,121
RouteID_007a8397-37f4-4775-a452-c6934167526b,DLA7,2018-08-03,15:45:38,3313071.0,Medium,AL,33.957743,-117.589869,Dropoff,A-33.2A,122
RouteID_007a8397-37f4-4775-a452-c6934167526b,DLA7,2018-08-03,15:45:38,3313071.0,Medium,OR,33.957738,-117.589423,Dropoff,A-33.2A,123
RouteID_007a8397-37f4-4775-a452-c6934167526b,DLA7,2018-08-03,15:45:38,3313071.0,Medium,BT,33.958466,-117.590692,Dropoff,A-33.2A,124
RouteID_007a8397-37f4-4775-a452-c6934167526b,DLA7,2018-08-03,15:45:38,3313071.0,Medium,IO,33.957023,-117.589901,Dropoff,A-33.2A,125
RouteID_007a8397-37f4-4775-a452-c6934167526b,DLA7,2018-08-03,15:45:38,3313071.0,Medium,QX,33.958387,-117.588631,Dropoff,A-33.3A,126
RouteID_007a8397-37f4-4775-a452-c6934167526b,DLA7,2018-08-03,15:45:38,3313071.0,Medium,IV,33.958179,-117.586764,Dropoff,A-33.3A,127
RouteID_007a8397-37f4-4775-a452-c6934167526b,DLA7,2018-08-03,15:45:38,3313071.0,Medium,BM,33.958616,-117.586839,Dropoff,A-33.3A,128
RouteID_007a8397-37f4-4775-a452-c6934167526b,DLA7,2018-08-03,15:45:38,3313071.0,Medium,IL,33.958064,-117.587655,Dropoff,A-33.3A,129
RouteID_007a8397-37f4-4775-a452-c6934167526b,DLA7,2018-08-03,15:45:38,3313071.0,Medium,WS,33.958689,-117.587791,Dropoff,A-33.3A,130
RouteID_007a8397-37f4-4775-a452-c6934167526b,DLA7,2018-08-03,15:45:38,3313071.0,Medium,DP,33.959355,-117.590213,Dropoff,A-33.3A,131
RouteID_007a8397-37f4-4775-a452-c6934167526b,DLA7,2018-08-03,15:45:38,3313071.0,Medium,DJ,33.959738,-117.589326,Dropoff,A-33.3A,132
RouteID_007a8397-37f4-4775-a452-c6934167526b,DLA7,2018-08-03,15:45:38,3313071.0,Medium,QA,33.960138,-117.589328,Dropoff,A-33.3A,133
RouteID_007a8397-37f4-4775-a452-c6934167526b,DLA7,2018-08-03,15:45:38,3313071.0,Medium,TG,33.959538,-117.586448,Dropoff,A-33.3B,134
RouteID_007a8397-37f4-4775-a452-c6934167526b,DLA7,2018-08-03,15:45:38,3313071.0,Medium,DI,33.960291,-117.585967,Dropoff,A-33.3B,135
RouteID_007a8397-37f4-4775-a452-c6934167526b,DLA7,2018-08-03,15:45:38,3313071.0,Medium,CI,33.958091,-117.585866,Dropoff,A-33.3B,136
RouteID_007a8397-37f4-4775-a452-c6934167526b,DLA7,2018-08-03,15:45:38,3313071.0,Medium,MS,33.95644,-117.584811,Dropoff,A-33.2B,137
RouteID_007a8397-37f4-4775-a452-c6934167526b,DLA7,2018-08-03,15:45:38,3313071.0,Medium,YJ,33.956012,-117.587048,Dropoff,A-33.2B,138
RouteID_007a8397-37f4-4775-a452-c6934167526b,DLA7,2018-08-03,15:45:38,3313071.0,Medium,VB,33.955841,-117.588263,Dropoff,A-33.2B,139
RouteID_007a8397-37f4-4775-a452-c6934167526b,DLA7,2018-08-03,15:45:38,3313071.0,Medium,XW,33.955599,-117.588379,Dropoff,A-33.2B,140
RouteID_007a8397-37f4-4775-a452-c6934167526b,DLA7,2018-08-03,15:45:38,3313071.0,Medium,SZ,33.954323,-117.587535,Dropoff,A-33.2B,141
RouteID_007a8397-37f4-4775-a452-c6934167526b,DLA7,2018-08-03,15:45:38,3313071.0,Medium,LQ,33.955525,-117.586446,Dropoff,A-33.2B,142
RouteID_007a8397-37f4-4775-a452-c6934167526b,DLA7,2018-08-03,15:45:38,3313071.0,Medium,MK,33.955759,-117.585191,Dropoff,A-33.2B,143
RouteID_007a8397-37f4-4775-a452-c6934167526b,DLA7,2018-08-03,15:45:38,3313071.0,Medium,VN,33.954578,-117.585026,Dropoff,A-33.1B,144
RouteID_007a8397-37f4-4775-a452-c6934167526b,DLA7,2018-08-03,15:45:38,3313071.0,Medium,NZ,33.954784,-117.585029,Dropoff,A-33.1B,145
RouteID_007a8397-37f4-4775-a452-c6934167526b,DLA7,2018-08-03,15:45:38,3313071.0,Medium,LA,33.95503,-117.585444,Dropoff,A-33.1B,146
RouteID_007a8397-37f4-4775-a452-c6934167526b,DLA7,2018-08-03,15:45:38,3313071.0,Medium,TB,33.955029,-117.585761,Dropoff,A-33.1B,147
RouteID_007a8397-37f4-4775-a452-c6934167526b,DLA7,2018-08-03,15:45:38,3313071.0,Medium,LV,33.952962,-117.585026,Dropoff,A-33.1B,148
RouteID_007a8397-37f4-4775-a452-c6934167526b,DLA7,2018-08-03,15:45:38,3313071.0,Medium,LZ,33.952797,-117.58645,Dropoff,A-33.1B,149
RouteID_007a8397-37f4-4775-a452-c6934167526b,DLA7,2018-08-03,15:45:38,3313071.0,Medium,JF,33.952269,-117.586111,Dropoff,A-33.1B,150
RouteID_007a8397-37f4-4775-a452-c6934167526b,DLA7,2018-08-03,15:45:38,3313071.0,Medium,DK,33.950481,-117.586242,Dropoff,A-33.1B,151
RouteID_007a8397-37f4-4775-a452-c6934167526b,DLA7,2018-08-03,15:45:38,3313071.0,Medium,RX,33.950031,-117.586319,Dropoff,A-33.1B,152
RouteID_007a8397-37f4-4775-a452-c6934167526b,DLA7,2018-08-03,15:45:38,3313071.0,Medium,PD,33.949688,-117.585847,Dropoff,A-33.1B,153
RouteID_007a8397-37f4-4775-a452-c6934167526b,DLA7,2018-08-03,15:45:38,3313071.0,Medium,UM,33.950082,-117.585031,Dropoff,A-33.1B,154
RouteID_007a8397-37f4-4775-a452-c6934167526b,DLA7,2018-08-03,15:45:38,3313071.0,Medium,GQ,33.949665,-117.586897,Dropoff,A-33.1C,155
RouteID_007a8397-37f4-4775-a452-c6934167526b,DLA7,2018-08-03,15:45:38,3313071.0,Medium,OH,33.948956,-117.586862,Dropoff,A-33.1C,156
RouteID_007a8397-37f4-4775-a452-c6934167526b,DLA7,2018-08-03,15:45:38,3313071.0,Medium,CU,33.948519,-117.588437,Dropoff,A-33.1C,157
RouteID_007a8397-37f4-4775-a452-c6934167526b,DLA7,2018-08-03,15:45:38,3313071.0,Medium,EY,33.94819,-117.587344,Dropoff,A-33.1C,158
RouteID_007a8397-37f4-4775-a452-c6934167526b,DLA7,2018-08-03,15:45:38,3313071.0,Medium,WZ,33.947469,-117.587314,Dropoff,A-33.1C,159
RouteID_007a8397-37f4-4775-a452-c6934167526b,DLA7,2018-08-03,15:45:38,3313071.0,Medium,WQ,33.946814,-117.586782,Dropoff,A-33.1C,160
RouteID_007a8397-37f4-4775-a452-c6934167526b,DLA7,2018-08-03,15:45:38,3313071.0,Medium,CG,33.947497,-117.584898,Dropoff,A-33.1C,161
RouteID_007a8397-37f4-4775-a452-c6934167526b,DLA7,2018-08-03,15:45:38,3313071.0,Medium,MF,33.94752,-117.585354,Dropoff,A-33.1C,162
RouteID_007a8397-37f4-4775-a452-c6934167526b,DLA7,2018-08-03,15:45:38,3313071.0,Medium,WU,33.948241,-117.585219,Dropoff,A-33.1C,163
RouteID_007a8397-37f4-4775-a452-c6934167526b,DLA7,2018-08-03,15:45:38,3313071.0,Medium,VY,33.948255,-117.583586,Dropoff,A-33.2C,164
RouteID_007a8397-37f4-4775-a452-c6934167526b,DLA7,2018-08-03,15:45:38,3313071.0,Medium,LJ,33.946822,-117.58227,Dropoff,A-33.2C,165
RouteID_007a8397-37f4-4775-a452-c6934167526b,DLA7,2018-08-03,15:45:38,3313071.0,Medium,QO,33.947805,-117.581062,Dropoff,A-33.2C,166
RouteID_007a8397-37f4-4775-a452-c6934167526b,DLA7,2018-08-03,15:45:38,3313071.0,Medium,QB,33.9483,-117.581541,Dropoff,A-33.3C,167
RouteID_007a8397-37f4-4775-a452-c6934167526b,DLA7,2018-08-03,15:45:38,3313071.0,Medium,TX,33.948826,-117.581048,Dropoff,A-33.3C,168
RouteID_007a8397-37f4-4775-a452-c6934167526b,DLA7,2018-08-03,15:45:38,3313071.0,Medium,OO,33.949508,-117.580452,Dropoff,A-33.3C,169
RouteID_007a8397-37f4-4775-a452-c6934167526b,DLA7,2018-08-03,15:45:38,3313071.0,Medium,IZ,33.951221,-117.581765,Dropoff,A-33.3C,170
RouteID_007a8397-37f4-4775-a452-c6934167526b,DLA7,2018-08-03,15:45:38,3313071.0,Medium,GR,33.951231,-117.583423,Dropoff,A-33.3C,171
RouteID_007a8397-37f4-4775-a452-c6934167526b,DLA7,2018-08-03,15:45:38,3313071.0,Medium,DY,33.950486,-117.5832,Dropoff,A-33.3C,172
RouteID_007a8397-37f4-4775-a452-c6934167526b,DLA7,2018-08-03,15:45:38,3313071.0,Medium,CD,33.949584,-117.583771,Dropoff,A-33.3C,173
RouteID_007a8397-37f4-4775-a452-c6934167526b,DLA7,2018-08-03,15:45:38,3313071.0,Medium,ZM,33.948966,-117.585405,Dropoff,A-33.3C,174
RouteID_007a8397-37f4-4775-a452-c6934167526b,DLA7,2018-08-03,15:45:38,3313071.0,Medium,XE,33.948961,-117.586047,Dropoff,A-33.3C,175
RouteID_007b8544-11dc-47b2-be61-0095f8f2af71,DLA3,2018-07-21,16:19:23,3313071.0,High,EA,34.007369,-118.143927,Station,,0
RouteID_007b8544-11dc-47b2-be61-0095f8f2af71,DLA3,2018-07-21,16:19:23,3313071.0,High,PV,34.042004,-118.285241,Dropoff,B-5.1A,1
RouteID_007b8544-11dc-47b2-be61-0095f8f2af71,DLA3,2018-07-21,16:19:23,3313071.0,High,KB,34.042402,-118.285247,Dropoff,B-5.1A,2
RouteID_007b8544-11dc-47b2-be61-0095f8f2af71,DLA3,2018-07-21,16:19:23,3313071.0,High,QR,34.04651,-118.285358,Dropoff,B-5.1A,3
RouteID_007b8544-11dc-47b2-be61-0095f8f2af71,DLA3,2018-07-21,16:19:23,3313071.0,High,BR,34.047902,-118.285351,Dropoff,B-5.1A,4
RouteID_007b8544-11dc-47b2-be61-0095f8f2af71,DLA3,2018-07-21,16:19:23,3313071.0,High,PH,34.048417,-118.285359,Dropoff,B-5.1A,5
RouteID_007b8544-11dc-47b2-be61-0095f8f2af71,DLA3,2018-07-21,16:19:23,3313071.0,High,HR,34.0487,-118.285362,Dropoff,B-5.1A,6
RouteID_007b8544-11dc-47b2-be61-0095f8f2af71,DLA3,2018-07-21,16:19:23,3313071.0,High,OU,34.050484,-118.285386,Dropoff,B-5.1A,7
RouteID_007b8544-11dc-47b2-be61-0095f8f2af71,DLA3,2018-07-21,16:19:23,3313071.0,High,AA,34.048582,-118.287693,Dropoff,B-6.1A,8
RouteID_007b8544-11dc-47b2-be61-0095f8f2af71,DLA3,2018-07-21,16:19:23,3313071.0,High,EI,34.050292,-118.285968,Dropoff,B-6.1A,9
RouteID_007b8544-11dc-47b2-be61-0095f8f2af71,DLA3,2018-07-21,16:19:23,3313071.0,High,PZ,34.049647,-118.284172,Dropoff,B-5.1A,10
RouteID_007b8544-11dc-47b2-be61-0095f8f2af71,DLA3,2018-07-21,16:19:23,3313071.0,High,AF,34.049533,-118.287707,Dropoff,B-6.1A,11
RouteID_007b8544-11dc-47b2-be61-0095f8f2af71,DLA3,2018-07-21,16:19:23,3313071.0,High,AM,34.051194,-118.287727,Dropoff,B-6.1A,12
RouteID_007b8544-11dc-47b2-be61-0095f8f2af71,DLA3,2018-07-21,16:19:23,3313071.0,High,IX,34.050159,-118.286545,Dropoff,B-6.1A,13
RouteID_007b8544-11dc-47b2-be61-0095f8f2af71,DLA3,2018-07-21,16:19:23,3313071.0,High,NP,34.049635,-118.286542,Dropoff,B-6.1A,14
RouteID_007b8544-11dc-47b2-be61-0095f8f2af71,DLA3,2018-07-21,16:19:23,3313071.0,High,IY,34.049344,-118.286541,Dropoff,B-6.1A,15
RouteID_007b8544-11dc-47b2-be61-0095f8f2af71,DLA3,2018-07-21,16:19:23,3313071.0,High,ON,34.048586,-118.28653,Dropoff,B-6.1A,16
RouteID_007b8544-11dc-47b2-be61-0095f8f2af71,DLA3,2018-07-21,16:19:23,3313071.0,High,YI,34.048181,-118.286524,Dropoff,B-6.1A,17
RouteID_007b8544-11dc-47b2-be61-0095f8f2af71,DLA3,2018-07-21,16:19:23,3313071.0,High,MQ,34.047268,-118.287137,Dropoff,B-6.1A,18
RouteID_007b8544-11dc-47b2-be61-0095f8f2af71,DLA3,2018-07-21,16:19:23,3313071.0,High,PK,34.048322,-118.289095,Dropoff,B-6.2A,19
RouteID_007b8544-11dc-47b2-be61-0095f8f2af71,DLA3,2018-07-21,16:19:23,3313071.0,High,GB,34.049063,-118.289103,Dropoff,B-6.2A,20
RouteID_007b8544-11dc-47b2-be61-0095f8f2af71,DLA3,2018-07-21,16:19:23,3313071.0,High,IC,34.050465,-118.289117,Dropoff,B-6.2A,21
RouteID_007b8544-11dc-47b2-be61-0095f8f2af71,DLA3,2018-07-21,16:19:23,3313071.0,High,QJ,34.049278,-118.290707,Dropoff,B-6.2A,22
RouteID_007b8544-11dc-47b2-be61-0095f8f2af71,DLA3,2018-07-21,16:19:23,3313071.0,High,LW,34.051917,-118.290727,Dropoff,B-6.3A,23
RouteID_007b8544-11dc-47b2-be61-0095f8f2af71,DLA3,2018-07-21,16:19:23,3313071.0,High,TJ,34.053237,-118.29037,Dropoff,B-6.3A,24
RouteID_007b8544-11dc-47b2-be61-0095f8f2af71,DLA3,2018-07-21,16:19:23,3313071.0,High,QY,34.05436,-118.290369,Dropoff,B-6.3A,25
RouteID_007b8544-11dc-47b2-be61-0095f8f2af71,DLA3,2018-07-21,16:19:23,3313071.0,High,YF,34.053362,-118.287747,Dropoff,B-6.3B,26
RouteID_007b8544-11dc-47b2-be61-0095f8f2af71,DLA3,2018-07-21,16:19:23,3313071.0,High,ST,34.05293,-118.287747,Dropoff,B-6.3B,27
RouteID_007b8544-11dc-47b2-be61-0095f8f2af71,DLA3,2018-07-21,16:19:23,3313071.0,High,XU,34.051614,-118.289126,Dropoff,B-6.3B,28
RouteID_007b8544-11dc-47b2-be61-0095f8f2af71,DLA3,2018-07-21,16:19:23,3313071.0,High,LQ,34.051118,-118.289123,Dropoff,B-6.3B,29
RouteID_007b8544-11dc-47b2-be61-0095f8f2af71,DLA3,2018-07-21,16:19:23,3313071.0,High,BI,34.054253,-118.28776,Dropoff,B-6.3B,30
RouteID_007b8544-11dc-47b2-be61-0095f8f2af71,DLA3,2018-07-21,16:19:23,3313071.0,High,HV,34.053338,-118.289117,Dropoff,B-6.2B,31
RouteID_007b8544-11dc-47b2-be61-0095f8f2af71,DLA3,2018-07-21,16:19:23,3313071.0,High,UD,34.054154,-118.28911,Dropoff,B-6.2B,32
RouteID_007b8544-11dc-47b2-be61-0095f8f2af71,DLA3,2018-07-21,16:19:23,3313071.0,High,RF,34.054396,-118.289105,Dropoff,B-6.2B,33
RouteID_007b8544-11dc-47b2-be61-0095f8f2af71,DLA3,2018-07-21,16:19:23,3313071.0,High,PW,34.054988,-118.288073,Dropoff,B-6.2B,34
RouteID_007b8544-11dc-47b2-be61-0095f8f2af71,DLA3,2018-07-21,16:19:23,3313071.0,High,JR,34.054993,-118.287413,Dropoff,B-6.2B,35
RouteID_007b8544-11dc-47b2-be61-0095f8f2af71,DLA3,2018-07-21,16:19:23,3313071.0,High,SK,34.054999,-118.286306,Dropoff,B-6.2B,36
RouteID_007b8544-11dc-47b2-be61-0095f8f2af71,DLA3,2018-07-21,16:19:23,3313071.0,High,UT,34.053342,-118.286588,Dropoff,B-6.2B,37
RouteID_007b8544-11dc-47b2-be61-0095f8f2af71,DLA3,2018-07-21,16:19:23,3313071.0,High,UH,34.052803,-118.286582,Dropoff,B-6.2B,38
RouteID_007b8544-11dc-47b2-be61-0095f8f2af71,DLA3,2018-07-21,16:19:23,3313071.0,High,NR,34.052752,-118.285411,Dropoff,B-6.1B,39
RouteID_007b8544-11dc-47b2-be61-0095f8f2af71,DLA3,2018-07-21,16:19:23,3313071.0,High,KA,34.053668,-118.285412,Dropoff,B-6.1B,40
RouteID_007b8544-11dc-47b2-be61-0095f8f2af71,DLA3,2018-07-21,16:19:23,3313071.0,High,UF,34.054331,-118.285411,Dropoff,B-6.1B,41
RouteID_007b8544-11dc-47b2-be61-0095f8f2af71,DLA3,2018-07-21,16:19:23,3313071.0,High,QM,34.053575,-118.284119,Dropoff,B-6.1B,42
RouteID_007b8544-11dc-47b2-be61-0095f8f2af71,DLA3,2018-07-21,16:19:23,3313071.0,High,UP,34.054354,-118.283657,Dropoff,B-6.1B,43
RouteID_007b8544-11dc-47b2-be61-0095f8f2af71,DLA3,2018-07-21,16:19:23,3313071.0,High,LR,34.051563,-118.283675,Dropoff,B-6.1C,44
RouteID_007b8544-11dc-47b2-be61-0095f8f2af71,DLA3,2018-07-21,16:19:23,3313071.0,High,XV,34.051324,-118.283141,Dropoff,B-6.1C,45
RouteID_007b8544-11dc-47b2-be61-0095f8f2af71,DLA3,2018-07-21,16:19:23,3313071.0,High,CJ,34.051144,-118.280224,Dropoff,B-6.1C,46
RouteID_007b8544-11dc-47b2-be61-0095f8f2af71,DLA3,2018-07-21,16:19:23,3313071.0,High,LZ,34.046961,-118.28424,Dropoff,B-6.2C,47
RouteID_007b8544-11dc-47b2-be61-0095f8f2af71,DLA3,2018-07-21,16:19:23,3313071.0,High,TZ,34.04728,-118.283066,Dropoff,B-6.2C,48
RouteID_007b8544-11dc-47b2-be61-0095f8f2af71,DLA3,2018-07-21,16:19:23,3313071.0,High,PO,34.046026,-118.283044,Dropoff,B-6.2C,49
RouteID_007b8544-11dc-47b2-be61-0095f8f2af71,DLA3,2018-07-21,16:19:23,3313071.0,High,XE,34.046065,-118.281947,Dropoff,B-6.2C,50
RouteID_007b8544-11dc-47b2-be61-0095f8f2af71,DLA3,2018-07-21,16:19:23,3313071.0,High,RC,34.047498,-118.28084,Dropoff,B-6.2C,51
RouteID_007b8544-11dc-47b2-be61-0095f8f2af71,DLA3,2018-07-21,16:19:23,3313071.0,High,NK,34.047484,-118.279556,Dropoff,B-6.2C,52
RouteID_007b8544-11dc-47b2-be61-0095f8f2af71,DLA3,2018-07-21,16:19:23,3313071.0,High,LG,34.047257,-118.279702,Dropoff,B-6.2C,53
RouteID_007b8544-11dc-47b2-be61-0095f8f2af71,DLA3,2018-07-21,16:19:23,3313071.0,High,AR,34.046604,-118.280113,Dropoff,B-6.2C,54
RouteID_007b8544-11dc-47b2-be61-0095f8f2af71,DLA3,2018-07-21,16:19:23,3313071.0,High,BW,34.046678,-118.279219,Dropoff,B-6.2C,55
RouteID_007b8544-11dc-47b2-be61-0095f8f2af71,DLA3,2018-07-21,16:19:23,3313071.0,High,GG,34.046496,-118.278829,Dropoff,B-6.2C,56
RouteID_007b8544-11dc-47b2-be61-0095f8f2af71,DLA3,2018-07-21,16:19:23,3313071.0,High,NX,34.046549,-118.276777,Dropoff,B-6.2C,57
RouteID_007b8544-11dc-47b2-be61-0095f8f2af71,DLA3,2018-07-21,16:19:23,3313071.0,High,HL,34.047041,-118.277869,Dropoff,B-6.2C,58
RouteID_007b8544-11dc-47b2-be61-0095f8f2af71,DLA3,2018-07-21,16:19:23,3313071.0,High,VD,34.047516,-118.278304,Dropoff,B-6.2C,59
RouteID_007b8544-11dc-47b2-be61-0095f8f2af71,DLA3,2018-07-21,16:19:23,3313071.0,High,TQ,34.047791,-118.277372,Dropoff,B-6.3C,60
RouteID_007b8544-11dc-47b2-be61-0095f8f2af71,DLA3,2018-07-21,16:19:23,3313071.0,High,XK,34.04885,-118.279693,Dropoff,B-6.3C,61
RouteID_007b8544-11dc-47b2-be61-0095f8f2af71,DLA3,2018-07-21,16:19:23,3313071.0,High,BL,34.049033,-118.28014,Dropoff,B-6.3C,62
RouteID_007b8544-11dc-47b2-be61-0095f8f2af71,DLA3,2018-07-21,16:19:23,3313071.0,High,AD,34.05,-118.279495,Dropoff,B-6.3C,63
RouteID_007b8544-11dc-47b2-be61-0095f8f2af71,DLA3,2018-07-21,16:19:23,3313071.0,High,QW,34.050628,-118.279088,Dropoff,B-6.3C,64
RouteID_007b8544-11dc-47b2-be61-0095f8f2af71,DLA3,2018-07-21,16:19:23,3313071.0,High,YW,34.049177,-118.277221,Dropoff,B-6.3D,65
RouteID_007b8544-11dc-47b2-be61-0095f8f2af71,DLA3,2018-07-21,16:19:23,3313071.0,High,BU,34.052798,-118.274861,Dropoff,B-6.2D,66
RouteID_007b8544-11dc-47b2-be61-0095f8f2af71,DLA3,2018-07-21,16:19:23,3313071.0,High,QK,34.054378,-118.273825,Dropoff,B-6.2D,67
RouteID_007b8544-11dc-47b2-be61-0095f8f2af71,DLA3,2018-07-21,16:19:23,3313071.0,High,AJ,34.052119,-118.276719,Dropoff,B-6.2D,68
RouteID_007b8544-11dc-47b2-be61-0095f8f2af71,DLA3,2018-07-21,16:19:23,3313071.0,High,FI,34.053514,-118.277204,Dropoff,B-6.1D,69
RouteID_007b8544-11dc-47b2-be61-0095f8f2af71,DLA3,2018-07-21,16:19:23,3313071.0,High,AN,34.053938,-118.276933,Dropoff,B-6.1D,70
RouteID_007b8544-11dc-47b2-be61-0095f8f2af71,DLA3,2018-07-21,16:19:23,3313071.0,High,HZ,34.054606,-118.2765,Dropoff,B-6.1D,71
RouteID_007b8544-11dc-47b2-be61-0095f8f2af71,DLA3,2018-07-21,16:19:23,3313071.0,High,UV,34.05552,-118.279252,Dropoff,B-7.1D,72
RouteID_007b8544-11dc-47b2-be61-0095f8f2af71,DLA3,2018-07-21,16:19:23,3313071.0,High,PX,34.055656,-118.279558,Dropoff,B-7.1D,73
RouteID_007b8544-11dc-47b2-be61-0095f8f2af71,DLA3,2018-07-21,16:19:23,3313071.0,High,VT,34.056908,-118.281977,Dropoff,B-7.1D,74
RouteID_007b8544-11dc-47b2-be61-0095f8f2af71,DLA3,2018-07-21,16:19:23,3313071.0,High,YQ,34.05334,-118.28024,Dropoff,B-7.1D,75
RouteID_007b8544-11dc-47b2-be61-0095f8f2af71,DLA3,2018-07-21,16:19:23,3313071.0,High,YS,34.053045,-118.280426,Dropoff,B-7.1D,76
RouteID_007b8544-11dc-47b2-be61-0095f8f2af71,DLA3,2018-07-21,16:19:23,3313071.0,High,MX,34.050292,-118.285968,Dropoff,B-6.1A,77
RouteID_0091a35c-85fa-4b5e-90cf-4778f441753e,DLA5,2018-08-07,14:45:31,3313071.0,Medium,BU,33.937865,-117.29738,Station,,0
RouteID_0091a35c-85fa-4b5e-90cf-4778f441753e,DLA5,2018-08-07,14:45:31,3313071.0,Medium,RE,34.04173,-117.280518,Dropoff,D-11.1J,1
RouteID_0091a35c-85fa-4b5e-90cf-4778f441753e,DLA5,2018-08-07,14:45:31,3313071.0,Medium,JP,34.041685,-117.28012,Dropoff,,2
RouteID_0091a35c-85fa-4b5e-90cf-4778f441753e,DLA5,2018-08-07,14:45:31,3313071.0,Medium,TL,34.040885,-117.280322,Dropoff,D-11.1J,3
RouteID_0091a35c-85fa-4b5e-90cf-4778f441753e,DLA5,2018-08-07,14:45:31,3313071.0,Medium,UU,34.041366,-117.283106,Dropoff,D-11.1J,4
RouteID_0091a35c-85fa-4b5e-90cf-4778f441753e,DLA5,2018-08-07,14:45:31,3313071.0,Medium,EQ,34.043289,-117.280366,Dropoff,D-11.1J,5
RouteID_0091a35c-85fa-4b5e-90cf-4778f441753e,DLA5,2018-08-07,14:45:31,3313071.0,Medium,VH,34.049113,-117.291102,Dropoff,D-11.1J,6
RouteID_0091a35c-85fa-4b5e-90cf-4778f441753e,DLA5,2018-08-07,14:45:31,3313071.0,Medium,PT,34.048465,-117.290917,Dropoff,D-11.1J,7
RouteID_0091a35c-85fa-4b5e-90cf-4778f441753e,DLA5,2018-08-07,14:45:31,3313071.0,Medium,OO,34.048054,-117.290943,Dropoff,D-12.1J,8
RouteID_0091a35c-85fa-4b5e-90cf-4778f441753e,DLA5,2018-08-07,14:45:31,3313071.0,Medium,UE,34.046796,-117.290524,Dropoff,D-12.1J,9
RouteID_0091a35c-85fa-4b5e-90cf-4778f441753e,DLA5,2018-08-07,14:45:31,3313071.0,Medium,EL,34.044924,-117.29142,Dropoff,D-12.1J,10
RouteID_0091a35c-85fa-4b5e-90cf-4778f441753e,DLA5,2018-08-07,14:45:31,3313071.0,Medium,QP,34.044433,-117.292265,Dropoff,D-12.1J,11
RouteID_0091a35c-85fa-4b5e-90cf-4778f441753e,DLA5,2018-08-07,14:45:31,3313071.0,Medium,GS,34.044028,-117.293458,Dropoff,D-12.1J,12
RouteID_0091a35c-85fa-4b5e-90cf-4778f441753e,DLA5,2018-08-07,14:45:31,3313071.0,Medium,VR,34.042165,-117.289946,Dropoff,D-12.1J,13
RouteID_0091a35c-85fa-4b5e-90cf-4778f441753e,DLA5,2018-08-07,14:45:31,3313071.0,Medium,YH,34.042539,-117.290357,Dropoff,D-12.1J,14
RouteID_0091a35c-85fa-4b5e-90cf-4778f441753e,DLA5,2018-08-07,14:45:31,3313071.0,Medium,HL,34.043139,-117.290163,Dropoff,D-12.2J,15
RouteID_0091a35c-85fa-4b5e-90cf-4778f441753e,DLA5,2018-08-07,14:45:31,3313071.0,Medium,RL,34.044018,-117.289707,Dropoff,D-12.2J,16
RouteID_0091a35c-85fa-4b5e-90cf-4778f441753e,DLA5,2018-08-07,14:45:31,3313071.0,Medium,LH,34.04501,-117.289832,Dropoff,D-12.2J,17
RouteID_0091a35c-85fa-4b5e-90cf-4778f441753e,DLA5,2018-08-07,14:45:31,3313071.0,Medium,ZJ,34.046046,-117.289906,Dropoff,D-12.2J,18
RouteID_0091a35c-85fa-4b5e-90cf-4778f441753e,DLA5,2018-08-07,14:45:31,3313071.0,Medium,QN,34.044678,-117.28725,Dropoff,D-12.2J,19
RouteID_0091a35c-85fa-4b5e-90cf-4778f441753e,DLA5,2018-08-07,14:45:31,3313071.0,Medium,NQ,34.05473,-117.28685,Dropoff,D-12.3J,20
RouteID_0091a35c-85fa-4b5e-90cf-4778f441753e,DLA5,2018-08-07,14:45:31,3313071.0,Medium,TD,34.054008,-117.284672,Dropoff,D-12.3J,21
RouteID_0091a35c-85fa-4b5e-90cf-4778f441753e,DLA5,2018-08-07,14:45:31,3313071.0,Medium,ZT,34.054574,-117.284788,Dropoff,D-12.3J,22
RouteID_0091a35c-85fa-4b5e-90cf-4778f441753e,DLA5,2018-08-07,14:45:31,3313071.0,Medium,NM,34.055575,-117.286032,Dropoff,D-12.3J,23
RouteID_0091a35c-85fa-4b5e-90cf-4778f441753e,DLA5,2018-08-07,14:45:31,3313071.0,Medium,NI,34.054803,-117.29076,Dropoff,D-12.3J,24
RouteID_0091a35c-85fa-4b5e-90cf-4778f441753e,DLA5,2018-08-07,14:45:31,3313071.0,Medium,BW,34.054028,-117.292285,Dropoff,D-12.3J,25
RouteID_0091a35c-85fa-4b5e-90cf-4778f441753e,DLA5,2018-08-07,14:45:31,3313071.0,Medium,GG,34.053188,-117.290176,Dropoff,D-12.3J,26
RouteID_0091a35c-85fa-4b5e-90cf-4778f441753e,DLA5,2018-08-07,14:45:31,3313071.0,Medium,HH,34.052859,-117.28928,Dropoff,D-12.3J,27
RouteID_0091a35c-85fa-4b5e-90cf-4778f441753e,DLA5,2018-08-07,14:45:31,3313071.0,Medium,WS,34.051933,-117.289542,Dropoff,D-12.3H,28
RouteID_0091a35c-85fa-4b5e-90cf-4778f441753e,DLA5,2018-08-07,14:45:31,3313071.0,Medium,YR,34.051129,-117.290719,Dropoff,D-12.3H,29
RouteID_0091a35c-85fa-4b5e-90cf-4778f441753e,DLA5,2018-08-07,14:45:31,3313071.0,Medium,VL,34.050654,-117.290128,Dropoff,D-12.3H,30
RouteID_0091a35c-85fa-4b5e-90cf-4778f441753e,DLA5,2018-08-07,14:45:31,3313071.0,Medium,AL,34.050201,-117.289687,Dropoff,D-12.3H,31
RouteID_0091a35c-85fa-4b5e-90cf-4778f441753e,DLA5,2018-08-07,14:45:31,3313071.0,Medium,FQ,34.050823,-117.290301,Dropoff,D-12.3H,32
RouteID_0091a35c-85fa-4b5e-90cf-4778f441753e,DLA5,2018-08-07,14:45:31,3313071.0,Medium,RQ,34.051263,-117.288975,Dropoff,D-12.3H,33
RouteID_0091a35c-85fa-4b5e-90cf-4778f441753e,DLA5,2018-08-07,14:45:31,3313071.0,Medium,FR,34.051239,-117.288036,Dropoff,D-12.3H,34
RouteID_0091a35c-85fa-4b5e-90cf-4778f441753e,DLA5,2018-08-07,14:45:31,3313071.0,Medium,GF,34.053253,-117.288034,Dropoff,D-12.3H,35
RouteID_0091a35c-85fa-4b5e-90cf-4778f441753e,DLA5,2018-08-07,14:45:31,3313071.0,Medium,YU,34.05305,-117.28585,Dropoff,D-12.2H,36
RouteID_0091a35c-85fa-4b5e-90cf-4778f441753e,DLA5,2018-08-07,14:45:31,3313071.0,Medium,LM,34.05277,-117.28604,Dropoff,D-12.2H,37
RouteID_0091a35c-85fa-4b5e-90cf-4778f441753e,DLA5,2018-08-07,14:45:31,3313071.0,Medium,KX,34.052167,-117.286843,Dropoff,D-12.2H,38
RouteID_0091a35c-85fa-4b5e-90cf-4778f441753e,DLA5,2018-08-07,14:45:31,3313071.0,Medium,US,34.051635,-117.286833,Dropoff,D-12.2H,39
RouteID_0091a35c-85fa-4b5e-90cf-4778f441753e,DLA5,2018-08-07,14:45:31,3313071.0,Medium,NN,34.051104,-117.28512,Dropoff,D-12.2H,40
RouteID_0091a35c-85fa-4b5e-90cf-4778f441753e,DLA5,2018-08-07,14:45:31,3313071.0,Medium,RW,34.051849,-117.284399,Dropoff,D-12.2H,41
RouteID_0091a35c-85fa-4b5e-90cf-4778f441753e,DLA5,2018-08-07,14:45:31,3313071.0,Medium,CF,34.053051,-117.284809,Dropoff,D-12.2H,42
RouteID_0091a35c-85fa-4b5e-90cf-4778f441753e,DLA5,2018-08-07,14:45:31,3313071.0,Medium,OU,34.053267,-117.284578,Dropoff,D-12.2H,43
RouteID_0091a35c-85fa-4b5e-90cf-4778f441753e,DLA5,2018-08-07,14:45:31,3313071.0,Medium,WP,34.054075,-117.282158,Dropoff,D-12.1H,44
RouteID_0091a35c-85fa-4b5e-90cf-4778f441753e,DLA5,2018-08-07,14:45:31,3313071.0,Medium,UY,34.055761,-117.282694,Dropoff,D-12.1H,45
RouteID_0091a35c-85fa-4b5e-90cf-4778f441753e,DLA5,2018-08-07,14:45:31,3313071.0,Medium,TS,34.055919,-117.282958,Dropoff,D-12.1H,46
RouteID_0091a35c-85fa-4b5e-90cf-4778f441753e,DLA5,2018-08-07,14:45:31,3313071.0,Medium,FD,34.055745,-117.283401,Dropoff,D-12.1H,47
RouteID_0091a35c-85fa-4b5e-90cf-4778f441753e,DLA5,2018-08-07,14:45:31,3313071.0,Medium,WH,34.054811,-117.283407,Dropoff,D-12.1H,48
RouteID_0091a35c-85fa-4b5e-90cf-4778f441753e,DLA5,2018-08-07,14:45:31,3313071.0,Medium,BE,34.05678,-117.285931,Dropoff,D-12.1H,49
RouteID_0091a35c-85fa-4b5e-90cf-4778f441753e,DLA5,2018-08-07,14:45:31,3313071.0,Medium,IO,34.056892,-117.283971,Dropoff,D-12.1H,50
RouteID_0091a35c-85fa-4b5e-90cf-4778f441753e,DLA5,2018-08-07,14:45:31,3313071.0,Medium,FG,34.056633,-117.28217,Dropoff,D-12.1H,51
RouteID_0091a35c-85fa-4b5e-90cf-4778f441753e,DLA5,2018-08-07,14:45:31,3313071.0,Medium,SC,34.055489,-117.279843,Dropoff,D-12.1G,52
RouteID_0091a35c-85fa-4b5e-90cf-4778f441753e,DLA5,2018-08-07,14:45:31,3313071.0,Medium,WY,34.055628,-117.280417,Dropoff,D-12.1G,53
RouteID_0091a35c-85fa-4b5e-90cf-4778f441753e,DLA5,2018-08-07,14:45:31,3313071.0,Medium,XF,34.055431,-117.280731,Dropoff,D-12.1G,54
RouteID_0091a35c-85fa-4b5e-90cf-4778f441753e,DLA5,2018-08-07,14:45:31,3313071.0,Medium,WM,34.055379,-117.281546,Dropoff,D-12.1G,55
RouteID_0091a35c-85fa-4b5e-90cf-4778f441753e,DLA5,2018-08-07,14:45:31,3313071.0,Medium,LS,34.052009,-117.280755,Dropoff,D-12.1G,56
RouteID_0091a35c-85fa-4b5e-90cf-4778f441753e,DLA5,2018-08-07,14:45:31,3313071.0,Medium,QO,34.052625,-117.28054,Dropoff,D-12.1G,57
RouteID_0091a35c-85fa-4b5e-90cf-4778f441753e,DLA5,2018-08-07,14:45:31,3313071.0,Medium,CH,34.053323,-117.277857,Dropoff,D-12.2G,58
RouteID_0091a35c-85fa-4b5e-90cf-4778f441753e,DLA5,2018-08-07,14:45:31,3313071.0,Medium,WX,34.053964,-117.276431,Dropoff,D-12.2G,59
RouteID_0091a35c-85fa-4b5e-90cf-4778f441753e,DLA5,2018-08-07,14:45:31,3313071.0,Medium,LK,34.056929,-117.275388,Dropoff,D-12.2G,60
RouteID_0091a35c-85fa-4b5e-90cf-4778f441753e,DLA5,2018-08-07,14:45:31,3313071.0,Medium,FP,34.055853,-117.278133,Dropoff,D-12.2G,61
RouteID_0091a35c-85fa-4b5e-90cf-4778f441753e,DLA5,2018-08-07,14:45:31,3313071.0,Medium,RY,34.05046,-117.275409,Dropoff,D-12.3G,62
RouteID_0091a35c-85fa-4b5e-90cf-4778f441753e,DLA5,2018-08-07,14:45:31,3313071.0,Medium,LN,34.049891,-117.276748,Dropoff,D-12.3G,63
RouteID_0091a35c-85fa-4b5e-90cf-4778f441753e,DLA5,2018-08-07,14:45:31,3313071.0,Medium,ED,34.048864,-117.275272,Dropoff,D-12.3G,64
RouteID_0091a35c-85fa-4b5e-90cf-4778f441753e,DLA5,2018-08-07,14:45:31,3313071.0,Medium,QA,34.046809,-117.272369,Dropoff,D-12.3G,65
RouteID_0091a35c-85fa-4b5e-90cf-4778f441753e,DLA5,2018-08-07,14:45:31,3313071.0,Medium,NF,34.046958,-117.27099,Dropoff,D-12.3G,66
RouteID_0091a35c-85fa-4b5e-90cf-4778f441753e,DLA5,2018-08-07,14:45:31,3313071.0,Medium,DA,34.053181,-117.261374,Dropoff,D-12.3D,67
RouteID_0091a35c-85fa-4b5e-90cf-4778f441753e,DLA5,2018-08-07,14:45:31,3313071.0,Medium,NP,34.051029,-117.26569,Dropoff,D-12.2D,68
RouteID_0091a35c-85fa-4b5e-90cf-4778f441753e,DLA5,2018-08-07,14:45:31,3313071.0,Medium,KH,34.052879,-117.266831,Dropoff,D-12.2D,69
RouteID_0091a35c-85fa-4b5e-90cf-4778f441753e,DLA5,2018-08-07,14:45:31,3313071.0,Medium,WJ,34.052021,-117.26654,Dropoff,D-12.2D,70
RouteID_0091a35c-85fa-4b5e-90cf-4778f441753e,DLA5,2018-08-07,14:45:31,3313071.0,Medium,JE,34.052642,-117.267409,Dropoff,D-12.2D,71
RouteID_0091a35c-85fa-4b5e-90cf-4778f441753e,DLA5,2018-08-07,14:45:31,3313071.0,Medium,SY,34.053128,-117.267411,Dropoff,D-12.2D,72
RouteID_0091a35c-85fa-4b5e-90cf-4778f441753e,DLA5,2018-08-07,14:45:31,3313071.0,Medium,OS,34.053888,-117.267378,Dropoff,D-12.2D,73
RouteID_0091a35c-85fa-4b5e-90cf-4778f441753e,DLA5,2018-08-07,14:45:31,3313071.0,Medium,IS,34.054434,-117.266861,Dropoff,D-12.2D,74
RouteID_0091a35c-85fa-4b5e-90cf-4778f441753e,DLA5,2018-08-07,14:45:31,3313071.0,Medium,IM,34.055545,-117.265922,Dropoff,D-12.2D,75
RouteID_0091a35c-85fa-4b5e-90cf-4778f441753e,DLA5,2018-08-07,14:45:31,3313071.0,Medium,MY,34.054741,-117.265687,Dropoff,D-12.2D,76
RouteID_0091a35c-85fa-4b5e-90cf-4778f441753e,DLA5,2018-08-07,14:45:31,3313071.0,Medium,EU,34.053768,-117.266434,Dropoff,D-12.2D,77
RouteID_0091a35c-85fa-4b5e-90cf-4778f441753e,DLA5,2018-08-07,14:45:31,3313071.0,Medium,JW,34.053899,-117.269092,Dropoff,D-12.1D,78
RouteID_0091a35c-85fa-4b5e-90cf-4778f441753e,DLA5,2018-08-07,14:45:31,3313071.0,Medium,ST,34.0539,-117.269257,Dropoff,D-12.1D,79
RouteID_0091a35c-85fa-4b5e-90cf-4778f441753e,DLA5,2018-08-07,14:45:31,3313071.0,Medium,KN,34.054801,-117.269458,Dropoff,D-12.1D,80
RouteID_0091a35c-85fa-4b5e-90cf-4778f441753e,DLA5,2018-08-07,14:45:31,3313071.0,Medium,AW,34.055124,-117.269461,Dropoff,D-12.1D,81
RouteID_0091a35c-85fa-4b5e-90cf-4778f441753e,DLA5,2018-08-07,14:45:31,3313071.0,Medium,XL,34.054438,-117.26946,Dropoff,D-12.1D,82
RouteID_0091a35c-85fa-4b5e-90cf-4778f441753e,DLA5,2018-08-07,14:45:31,3313071.0,Medium,SS,34.05266,-117.268431,Dropoff,D-12.1D,83
RouteID_0091a35c-85fa-4b5e-90cf-4778f441753e,DLA5,2018-08-07,14:45:31,3313071.0,Medium,HZ,34.052009,-117.26984,Dropoff,D-12.2E,84
RouteID_0091a35c-85fa-4b5e-90cf-4778f441753e,DLA5,2018-08-07,14:45:31,3313071.0,Medium,LR,34.05201,-117.270214,Dropoff,D-12.2E,85
RouteID_0091a35c-85fa-4b5e-90cf-4778f441753e,DLA5,2018-08-07,14:45:31,3313071.0,Medium,FE,34.052009,-117.271095,Dropoff,D-12.2E,86
RouteID_0091a35c-85fa-4b5e-90cf-4778f441753e,DLA5,2018-08-07,14:45:31,3313071.0,Medium,YI,34.053475,-117.271687,Dropoff,D-12.2E,87
RouteID_0091a35c-85fa-4b5e-90cf-4778f441753e,DLA5,2018-08-07,14:45:31,3313071.0,Medium,CJ,34.05414,-117.271661,Dropoff,D-12.2E,88
RouteID_0091a35c-85fa-4b5e-90cf-4778f441753e,DLA5,2018-08-07,14:45:31,3313071.0,Medium,OQ,34.054667,-117.270974,Dropoff,D-12.2E,89
RouteID_0091a35c-85fa-4b5e-90cf-4778f441753e,DLA5,2018-08-07,14:45:31,3313071.0,Medium,RM,34.055952,-117.270613,Dropoff,D-12.2E,90
RouteID_0091a35c-85fa-4b5e-90cf-4778f441753e,DLA5,2018-08-07,14:45:31,3313071.0,Medium,RT,34.056382,-117.270098,Dropoff,D-12.2E,91
RouteID_0091a35c-85fa-4b5e-90cf-4778f441753e,DLA5,2018-08-07,14:45:31,3313071.0,Medium,IV,34.053225,-117.270741,Dropoff,D-12.2E,92
RouteID_0091a35c-85fa-4b5e-90cf-4778f441753e,DLA5,2018-08-07,14:45:31,3313071.0,Medium,KT,34.053312,-117.271281,Dropoff,D-12.2E,93
RouteID_0091a35c-85fa-4b5e-90cf-4778f441753e,DLA5,2018-08-07,14:45:31,3313071.0,Medium,RJ,34.051351,-117.271504,Dropoff,D-12.2E,94
RouteID_0091a35c-85fa-4b5e-90cf-4778f441753e,DLA5,2018-08-07,14:45:31,3313071.0,Medium,PC,34.050543,-117.269462,Dropoff,D-12.1E,95
RouteID_0091a35c-85fa-4b5e-90cf-4778f441753e,DLA5,2018-08-07,14:45:31,3313071.0,Medium,IG,34.049889,-117.269492,Dropoff,D-12.1E,96
RouteID_0091a35c-85fa-4b5e-90cf-4778f441753e,DLA5,2018-08-07,14:45:31,3313071.0,Medium,IN,34.049028,-117.269141,Dropoff,D-12.1E,97
RouteID_0091a35c-85fa-4b5e-90cf-4778f441753e,DLA5,2018-08-07,14:45:31,3313071.0,Medium,GZ,34.049291,-117.268384,Dropoff,D-12.1E,98
RouteID_0091a35c-85fa-4b5e-90cf-4778f441753e,DLA5,2018-08-07,14:45:31,3313071.0,Medium,NE,34.049703,-117.268482,Dropoff,D-12.1E,99
RouteID_0091a35c-85fa-4b5e-90cf-4778f441753e,DLA5,2018-08-07,14:45:31,3313071.0,Medium,PK,34.050849,-117.268486,Dropoff,D-12.1E,100
RouteID_0091a35c-85fa-4b5e-90cf-4778f441753e,DLA5,2018-08-07,14:45:31,3313071.0,Medium,JN,34.05137,-117.268491,Dropoff,D-12.1E,101
RouteID_0091a35c-85fa-4b5e-90cf-4778f441753e,DLA5,2018-08-07,14:45:31,3313071.0,Medium,FB,34.051171,-117.26747,Dropoff,D-12.1E,102
RouteID_0091a35c-85fa-4b5e-90cf-4778f441753e,DLA5,2018-08-07,14:45:31,3313071.0,Medium,LW,34.04966,-117.267222,Dropoff,D-12.1E,103
RouteID_0091a35c-85fa-4b5e-90cf-4778f441753e,DLA5,2018-08-07,14:45:31,3313071.0,Medium,XC,34.049245,-117.267318,Dropoff,D-12.1E,104
RouteID_0091a35c-85fa-4b5e-90cf-4778f441753e,DLA5,2018-08-07,14:45:31,3313071.0,Medium,UR,34.04703,-117.261122,Dropoff,D-12.2A,105
RouteID_0091a35c-85fa-4b5e-90cf-4778f441753e,DLA5,2018-08-07,14:45:31,3313071.0,Medium,XY,34.041574,-117.264202,Dropoff,D-12.2A,106
RouteID_0091a35c-85fa-4b5e-90cf-4778f441753e,DLA5,2018-08-07,14:45:31,3313071.0,Medium,ND,34.045505,-117.25895,Dropoff,D-12.2A,107
RouteID_0091a35c-85fa-4b5e-90cf-4778f441753e,DLA5,2018-08-07,14:45:31,3313071.0,Medium,MI,34.046216,-117.262515,Dropoff,D-12.3A,108
RouteID_0091a35c-85fa-4b5e-90cf-4778f441753e,DLA5,2018-08-07,14:45:31,3313071.0,Medium,QZ,34.045575,-117.263701,Dropoff,D-12.3A,109
RouteID_0091a35c-85fa-4b5e-90cf-4778f441753e,DLA5,2018-08-07,14:45:31,3313071.0,Medium,PB,34.044901,-117.268124,Dropoff,D-12.3A,110
RouteID_0091a35c-85fa-4b5e-90cf-4778f441753e,DLA5,2018-08-07,14:45:31,3313071.0,Medium,EN,34.042473,-117.267306,Dropoff,D-12.3A,111
RouteID_0091a35c-85fa-4b5e-90cf-4778f441753e,DLA5,2018-08-07,14:45:31,3313071.0,Medium,EP,34.042557,-117.266474,Dropoff,D-12.3A,112
RouteID_0091a35c-85fa-4b5e-90cf-4778f441753e,DLA5,2018-08-07,14:45:31,3313071.0,Medium,TZ,34.044579,-117.268376,Dropoff,D-12.3A,113
RouteID_0091a35c-85fa-4b5e-90cf-4778f441753e,DLA5,2018-08-07,14:45:31,3313071.0,Medium,TN,34.045767,-117.265149,Dropoff,D-12.3A,114
RouteID_0091a35c-85fa-4b5e-90cf-4778f441753e,DLA5,2018-08-07,14:45:31,3313071.0,Medium,RA,34.047682,-117.266798,Dropoff,D-12.3B,115
RouteID_0091a35c-85fa-4b5e-90cf-4778f441753e,DLA5,2018-08-07,14:45:31,3313071.0,Medium,ZG,34.047943,-117.265694,Dropoff,D-12.3B,116
RouteID_0091a35c-85fa-4b5e-90cf-4778f441753e,DLA5,2018-08-07,14:45:31,3313071.0,Medium,GX,34.05024,-117.260588,Dropoff,D-12.3B,117
RouteID_0091a35c-85fa-4b5e-90cf-4778f441753e,DLA5,2018-08-07,14:45:31,3313071.0,Medium,WL,34.05024,-117.25977,Dropoff,D-12.3B,118
RouteID_0091a35c-85fa-4b5e-90cf-4778f441753e,DLA5,2018-08-07,14:45:31,3313071.0,Medium,OV,34.050239,-117.2582,Dropoff,D-12.3B,119
RouteID_0091a35c-85fa-4b5e-90cf-4778f441753e,DLA5,2018-08-07,14:45:31,3313071.0,Medium,UH,34.050244,-117.257411,Dropoff,D-12.3B,120
RouteID_0091a35c-85fa-4b5e-90cf-4778f441753e,DLA5,2018-08-07,14:45:31,3313071.0,Medium,CR,34.051812,-117.253602,Dropoff,D-12.1C,121
RouteID_0091a35c-85fa-4b5e-90cf-4778f441753e,DLA5,2018-08-07,14:45:31,3313071.0,Medium,MP,34.051817,-117.252962,Dropoff,D-12.1C,122
RouteID_0091a35c-85fa-4b5e-90cf-4778f441753e,DLA5,2018-08-07,14:45:31,3313071.0,Medium,EV,34.05314,-117.250327,Dropoff,D-12.1C,123
RouteID_0091a35c-85fa-4b5e-90cf-4778f441753e,DLA5,2018-08-07,14:45:31,3313071.0,Medium,FO,34.052579,-117.248561,Dropoff,D-12.1C,124
RouteID_0091a35c-85fa-4b5e-90cf-4778f441753e,DLA5,2018-08-07,14:45:31,3313071.0,Medium,GY,34.053141,-117.251662,Dropoff,D-12.1C,125
RouteID_0091a35c-85fa-4b5e-90cf-4778f441753e,DLA5,2018-08-07,14:45:31,3313071.0,Medium,AN,34.05257,-117.253863,Dropoff,D-12.1C,126
RouteID_0091a35c-85fa-4b5e-90cf-4778f441753e,DLA5,2018-08-07,14:45:31,3313071.0,Medium,XA,34.052569,-117.254895,Dropoff,D-12.2C,127
RouteID_0091a35c-85fa-4b5e-90cf-4778f441753e,DLA5,2018-08-07,14:45:31,3313071.0,Medium,BC,34.052012,-117.256154,Dropoff,D-12.2C,128
RouteID_0091a35c-85fa-4b5e-90cf-4778f441753e,DLA5,2018-08-07,14:45:31,3313071.0,Medium,RX,34.051679,-117.257426,Dropoff,D-12.2C,129
RouteID_0091a35c-85fa-4b5e-90cf-4778f441753e,DLA5,2018-08-07,14:45:31,3313071.0,Medium,GH,34.051183,-117.255114,Dropoff,D-12.2C,130
RouteID_0091a35c-85fa-4b5e-90cf-4778f441753e,DLA5,2018-08-07,14:45:31,3313071.0,Medium,JG,34.050264,-117.256186,Dropoff,D-12.2C,131
RouteID_0091a35c-85fa-4b5e-90cf-4778f441753e,DLA5,2018-08-07,14:45:31,3313071.0,Medium,EG,34.049521,-117.253276,Dropoff,D-12.1B,132
RouteID_0091a35c-85fa-4b5e-90cf-4778f441753e,DLA5,2018-08-07,14:45:31,3313071.0,Medium,YY,34.051043,-117.253116,Dropoff,D-12.1B,133
RouteID_0091a35c-85fa-4b5e-90cf-4778f441753e,DLA5,2018-08-07,14:45:31,3313071.0,Medium,CT,34.049667,-117.254138,Dropoff,D-12.1B,134
RouteID_0091a35c-85fa-4b5e-90cf-4778f441753e,DLA5,2018-08-07,14:45:31,3313071.0,Medium,IE,34.048967,-117.252749,Dropoff,D-12.1B,135
RouteID_0091a35c-85fa-4b5e-90cf-4778f441753e,DLA5,2018-08-07,14:45:31,3313071.0,Medium,JH,34.04967,-117.252406,Dropoff,D-12.1B,136
RouteID_0091a35c-85fa-4b5e-90cf-4778f441753e,DLA5,2018-08-07,14:45:31,3313071.0,Medium,OF,34.04844,-117.257166,Dropoff,D-12.2B,137
RouteID_0091a35c-85fa-4b5e-90cf-4778f441753e,DLA5,2018-08-07,14:45:31,3313071.0,Medium,CW,34.048931,-117.25774,Dropoff,D-12.2B,138
RouteID_0091a35c-85fa-4b5e-90cf-4778f441753e,DLA5,2018-08-07,14:45:31,3313071.0,Medium,VW,34.04932,-117.257401,Dropoff,D-12.2B,139
RouteID_0091a35c-85fa-4b5e-90cf-4778f441753e,DLA5,2018-08-07,14:45:31,3313071.0,Medium,KA,34.049324,-117.25686,Dropoff,D-12.2B,140
RouteID_0091a35c-85fa-4b5e-90cf-4778f441753e,DLA5,2018-08-07,14:45:31,3313071.0,Medium,AF,34.049327,-117.255565,Dropoff,D-12.2B,141
RouteID_0091a35c-85fa-4b5e-90cf-4778f441753e,DLA5,2018-08-07,14:45:31,3313071.0,Medium,VU,34.048435,-117.259884,Dropoff,D-12.2B,142
RouteID_0091a35c-85fa-4b5e-90cf-4778f441753e,DLA5,2018-08-07,14:45:31,3313071.0,Medium,UF,34.049328,-117.260272,Dropoff,D-12.2B,143
RouteID_0091a35c-85fa-4b5e-90cf-4778f441753e,DLA5,2018-08-07,14:45:31,3313071.0,Medium,SK,34.052751,-117.289151,Dropoff,D-12.3J,144
RouteID_00930ddc-25f9-4371-a437-1e37c9d0a80d,DAU1,2018-08-14,14:15:05,4247527.0,Medium,UB,30.445236,-97.709418,Station,,0
RouteID_00930ddc-25f9-4371-a437-1e37c9d0a80d,DAU1,2018-08-14,14:15:05,4247527.0,Medium,NE,30.364606,-97.983292,Dropoff,A-8.3G,1
RouteID_00930ddc-25f9-4371-a437-1e37c9d0a80d,DAU1,2018-08-14,14:15:05,4247527.0,Medium,KN,30.367328,-97.984245,Dropoff,A-8.3G,2
RouteID_00930ddc-25f9-4371-a437-1e37c9d0a80d,DAU1,2018-08-14,14:15:05,4247527.0,Medium,PS,30.364312,-97.984522,Dropoff,A-8.3G,3
RouteID_00930ddc-25f9-4371-a437-1e37c9d0a80d,DAU1,2018-08-14,14:15:05,4247527.0,Medium,AD,30.361568,-97.987454,Dropoff,A-8.3G,4
RouteID_00930ddc-25f9-4371-a437-1e37c9d0a80d,DAU1,2018-08-14,14:15:05,4247527.0,Medium,BZ,30.362289,-97.991714,Dropoff,A-8.3G,5
RouteID_00930ddc-25f9-4371-a437-1e37c9d0a80d,DAU1,2018-08-14,14:15:05,4247527.0,Medium,XV,30.36289,-97.987046,Dropoff,A-8.3G,6
RouteID_00930ddc-25f9-4371-a437-1e37c9d0a80d,DAU1,2018-08-14,14:15:05,4247527.0,Medium,XN,30.363496,-97.985275,Dropoff,A-8.3G,7
RouteID_00930ddc-25f9-4371-a437-1e37c9d0a80d,DAU1,2018-08-14,14:15:05,4247527.0,Medium,NS,30.363837,-97.985553,Dropoff,A-8.3G,8
RouteID_00930ddc-25f9-4371-a437-1e37c9d0a80d,DAU1,2018-08-14,14:15:05,4247527.0,Medium,QW,30.363141,-97.983314,Dropoff,A-8.3G,9
RouteID_00930ddc-25f9-4371-a437-1e37c9d0a80d,DAU1,2018-08-14,14:15:05,4247527.0,Medium,FA,30.362988,-97.98272,Dropoff,A-8.3G,10
RouteID_00930ddc-25f9-4371-a437-1e37c9d0a80d,DAU1,2018-08-14,14:15:05,4247527.0,Medium,KV,30.362878,-97.982836,Dropoff,A-8.3G,11
RouteID_00930ddc-25f9-4371-a437-1e37c9d0a80d,DAU1,2018-08-14,14:15:05,4247527.0,Medium,VS,30.361685,-97.981826,Dropoff,A-8.3G,12
RouteID_00930ddc-25f9-4371-a437-1e37c9d0a80d,DAU1,2018-08-14,14:15:05,4247527.0,Medium,CG,30.34932,-97.977936,Dropoff,A-7.2J,13
RouteID_00930ddc-25f9-4371-a437-1e37c9d0a80d,DAU1,2018-08-14,14:15:05,4247527.0,Medium,KR,30.35039,-97.978512,Dropoff,A-7.2J,14
RouteID_00930ddc-25f9-4371-a437-1e37c9d0a80d,DAU1,2018-08-14,14:15:05,4247527.0,Medium,ZL,30.349623,-97.980647,Dropoff,A-7.2J,15
RouteID_00930ddc-25f9-4371-a437-1e37c9d0a80d,DAU1,2018-08-14,14:15:05,4247527.0,Medium,XI,30.351433,-97.979919,Dropoff,A-7.2J,16
RouteID_00930ddc-25f9-4371-a437-1e37c9d0a80d,DAU1,2018-08-14,14:15:05,4247527.0,Medium,UP,30.35188,-97.980534,Dropoff,A-7.3J,17
RouteID_00930ddc-25f9-4371-a437-1e37c9d0a80d,DAU1,2018-08-14,14:15:05,4247527.0,Medium,RM,30.352578,-97.980406,Dropoff,A-7.3J,18
RouteID_00930ddc-25f9-4371-a437-1e37c9d0a80d,DAU1,2018-08-14,14:15:05,4247527.0,Medium,HC,30.353116,-97.980431,Dropoff,A-7.3J,19
RouteID_00930ddc-25f9-4371-a437-1e37c9d0a80d,DAU1,2018-08-14,14:15:05,4247527.0,Medium,LH,30.351426,-97.981709,Dropoff,A-7.3J,20
RouteID_00930ddc-25f9-4371-a437-1e37c9d0a80d,DAU1,2018-08-14,14:15:05,4247527.0,Medium,NC,30.350045,-97.982104,Dropoff,A-7.3J,21
RouteID_00930ddc-25f9-4371-a437-1e37c9d0a80d,DAU1,2018-08-14,14:15:05,4247527.0,Medium,LF,30.348064,-97.982257,Dropoff,A-7.3J,22
RouteID_00930ddc-25f9-4371-a437-1e37c9d0a80d,DAU1,2018-08-14,14:15:05,4247527.0,Medium,TJ,30.350522,-97.983343,Dropoff,A-7.3J,23
RouteID_00930ddc-25f9-4371-a437-1e37c9d0a80d,DAU1,2018-08-14,14:15:05,4247527.0,Medium,YI,30.352761,-97.983762,Dropoff,A-8.3J,24
RouteID_00930ddc-25f9-4371-a437-1e37c9d0a80d,DAU1,2018-08-14,14:15:05,4247527.0,Medium,PW,30.352989,-97.983454,Dropoff,A-8.3J,25
RouteID_00930ddc-25f9-4371-a437-1e37c9d0a80d,DAU1,2018-08-14,14:15:05,4247527.0,Medium,LU,30.351939,-97.985443,Dropoff,A-8.2J,26
RouteID_00930ddc-25f9-4371-a437-1e37c9d0a80d,DAU1,2018-08-14,14:15:05,4247527.0,Medium,AZ,30.350239,-97.987584,Dropoff,A-8.2J,27
RouteID_00930ddc-25f9-4371-a437-1e37c9d0a80d,DAU1,2018-08-14,14:15:05,4247527.0,Medium,IT,30.352705,-97.987982,Dropoff,A-8.2J,28
RouteID_00930ddc-25f9-4371-a437-1e37c9d0a80d,DAU1,2018-08-14,14:15:05,4247527.0,Medium,XL,30.354041,-97.987349,Dropoff,A-8.2J,29
RouteID_00930ddc-25f9-4371-a437-1e37c9d0a80d,DAU1,2018-08-14,14:15:05,4247527.0,Medium,WC,30.354612,-97.985831,Dropoff,A-8.2J,30
RouteID_00930ddc-25f9-4371-a437-1e37c9d0a80d,DAU1,2018-08-14,14:15:05,4247527.0,Medium,CR,30.35512,-97.984974,Dropoff,A-8.2J,31
RouteID_00930ddc-25f9-4371-a437-1e37c9d0a80d,DAU1,2018-08-14,14:15:05,4247527.0,Medium,ZU,30.354491,-97.98887,Dropoff,A-8.2J,32
RouteID_00930ddc-25f9-4371-a437-1e37c9d0a80d,DAU1,2018-08-14,14:15:05,4247527.0,Medium,OO,30.353418,-97.990301,Dropoff,A-8.2J,33
RouteID_00930ddc-25f9-4371-a437-1e37c9d0a80d,DAU1,2018-08-14,14:15:05,4247527.0,Medium,ME,30.354915,-97.989544,Dropoff,A-8.2J,34
RouteID_00930ddc-25f9-4371-a437-1e37c9d0a80d,DAU1,2018-08-14,14:15:05,4247527.0,Medium,NJ,30.355159,-97.988456,Dropoff,A-8.2J,35
RouteID_00930ddc-25f9-4371-a437-1e37c9d0a80d,DAU1,2018-08-14,14:15:05,4247527.0,Medium,RO,30.358672,-97.981292,Dropoff,A-8.1J,36
RouteID_00930ddc-25f9-4371-a437-1e37c9d0a80d,DAU1,2018-08-14,14:15:05,4247527.0,Medium,XU,30.35989,-97.980811,Dropoff,A-8.1J,37
RouteID_00930ddc-25f9-4371-a437-1e37c9d0a80d,DAU1,2018-08-14,14:15:05,4247527.0,Medium,TP,30.357391,-97.980264,Dropoff,A-8.1J,38
RouteID_00930ddc-25f9-4371-a437-1e37c9d0a80d,DAU1,2018-08-14,14:15:05,4247527.0,Medium,GU,30.356658,-97.983595,Dropoff,A-8.1J,39
RouteID_00930ddc-25f9-4371-a437-1e37c9d0a80d,DAU1,2018-08-14,14:15:05,4247527.0,Medium,CA,30.356029,-97.985582,Dropoff,A-8.1H,40
RouteID_00930ddc-25f9-4371-a437-1e37c9d0a80d,DAU1,2018-08-14,14:15:05,4247527.0,Medium,FJ,30.355949,-97.987816,Dropoff,A-8.1H,41
RouteID_00930ddc-25f9-4371-a437-1e37c9d0a80d,DAU1,2018-08-14,14:15:05,4247527.0,Medium,FY,30.354378,-97.990667,Dropoff,A-8.1H,42
RouteID_00930ddc-25f9-4371-a437-1e37c9d0a80d,DAU1,2018-08-14,14:15:05,4247527.0,Medium,JG,30.354698,-97.992099,Dropoff,A-8.1H,43
RouteID_00930ddc-25f9-4371-a437-1e37c9d0a80d,DAU1,2018-08-14,14:15:05,4247527.0,Medium,ID,30.35573,-97.99225,Dropoff,A-8.1H,44
RouteID_00930ddc-25f9-4371-a437-1e37c9d0a80d,DAU1,2018-08-14,14:15:05,4247527.0,Medium,UT,30.35695,-97.991378,Dropoff,A-8.1H,45
RouteID_00930ddc-25f9-4371-a437-1e37c9d0a80d,DAU1,2018-08-14,14:15:05,4247527.0,Medium,ZQ,30.356773,-97.990848,Dropoff,A-8.1H,46
RouteID_00930ddc-25f9-4371-a437-1e37c9d0a80d,DAU1,2018-08-14,14:15:05,4247527.0,Medium,FV,30.356489,-97.991026,Dropoff,A-8.1H,47
RouteID_00930ddc-25f9-4371-a437-1e37c9d0a80d,DAU1,2018-08-14,14:15:05,4247527.0,Medium,QU,30.360381,-97.993446,Dropoff,A-8.2H,48
RouteID_00930ddc-25f9-4371-a437-1e37c9d0a80d,DAU1,2018-08-14,14:15:05,4247527.0,Medium,SY,30.361202,-97.993452,Dropoff,A-8.2H,49
RouteID_00930ddc-25f9-4371-a437-1e37c9d0a80d,DAU1,2018-08-14,14:15:05,4247527.0,Medium,HW,30.360841,-97.991877,Dropoff,A-8.2H,50
RouteID_00930ddc-25f9-4371-a437-1e37c9d0a80d,DAU1,2018-08-14,14:15:05,4247527.0,Medium,HD,30.359338,-97.992338,Dropoff,A-8.2H,51
RouteID_00930ddc-25f9-4371-a437-1e37c9d0a80d,DAU1,2018-08-14,14:15:05,4247527.0,Medium,LO,30.358239,-97.989822,Dropoff,A-8.2H,52
RouteID_00930ddc-25f9-4371-a437-1e37c9d0a80d,DAU1,2018-08-14,14:15:05,4247527.0,Medium,CE,30.357624,-97.988726,Dropoff,A-8.2H,53
RouteID_00930ddc-25f9-4371-a437-1e37c9d0a80d,DAU1,2018-08-14,14:15:05,4247527.0,Medium,UN,30.358586,-97.988004,Dropoff,A-8.2H,54
RouteID_00930ddc-25f9-4371-a437-1e37c9d0a80d,DAU1,2018-08-14,14:15:05,4247527.0,Medium,ZG,30.359377,-97.98456,Dropoff,A-8.3H,55
RouteID_00930ddc-25f9-4371-a437-1e37c9d0a80d,DAU1,2018-08-14,14:15:05,4247527.0,Medium,XT,30.360145,-97.985039,Dropoff,A-8.3H,56
RouteID_00930ddc-25f9-4371-a437-1e37c9d0a80d,DAU1,2018-08-14,14:15:05,4247527.0,Medium,MK,30.360675,-97.983281,Dropoff,A-8.3H,57
RouteID_00930ddc-25f9-4371-a437-1e37c9d0a80d,DAU1,2018-08-14,14:15:05,4247527.0,Medium,BR,30.36095,-97.983692,Dropoff,A-8.3H,58
RouteID_00930ddc-25f9-4371-a437-1e37c9d0a80d,DAU1,2018-08-14,14:15:05,4247527.0,Medium,OT,30.361226,-97.984452,Dropoff,A-8.3H,59
RouteID_00930ddc-25f9-4371-a437-1e37c9d0a80d,DAU1,2018-08-14,14:15:05,4247527.0,Medium,YU,30.36089,-97.985527,Dropoff,A-8.3H,60
RouteID_00930ddc-25f9-4371-a437-1e37c9d0a80d,DAU1,2018-08-14,14:15:05,4247527.0,Medium,MM,30.360121,-97.986224,Dropoff,A-8.3H,61
RouteID_00930ddc-25f9-4371-a437-1e37c9d0a80d,DAU1,2018-08-14,14:15:05,4247527.0,Medium,SA,30.359623,-97.986696,Dropoff,A-8.3H,62
RouteID_00930ddc-25f9-4371-a437-1e37c9d0a80d,DAU1,2018-08-14,14:15:05,4247527.0,Medium,BW,30.363509,-97.981768,Dropoff,A-8.2G,63
RouteID_00930ddc-25f9-4371-a437-1e37c9d0a80d,DAU1,2018-08-14,14:15:05,4247527.0,Medium,TE,30.364961,-97.98215,Dropoff,A-8.2G,64
RouteID_00930ddc-25f9-4371-a437-1e37c9d0a80d,DAU1,2018-08-14,14:15:05,4247527.0,Medium,XM,30.367471,-97.981851,Dropoff,A-8.2G,65
RouteID_00930ddc-25f9-4371-a437-1e37c9d0a80d,DAU1,2018-08-14,14:15:05,4247527.0,Medium,WM,30.368921,-97.982133,Dropoff,A-8.2G,66
RouteID_00930ddc-25f9-4371-a437-1e37c9d0a80d,DAU1,2018-08-14,14:15:05,4247527.0,Medium,RX,30.365286,-97.981047,Dropoff,A-8.2G,67
RouteID_00930ddc-25f9-4371-a437-1e37c9d0a80d,DAU1,2018-08-14,14:15:05,4247527.0,Medium,EQ,30.36392,-97.979758,Dropoff,A-8.2G,68
RouteID_00930ddc-25f9-4371-a437-1e37c9d0a80d,DAU1,2018-08-14,14:15:05,4247527.0,Medium,IY,30.366662,-97.978937,Dropoff,A-8.1G,69
RouteID_00930ddc-25f9-4371-a437-1e37c9d0a80d,DAU1,2018-08-14,14:15:05,4247527.0,Medium,EJ,30.366129,-97.978646,Dropoff,A-8.1G,70
RouteID_00930ddc-25f9-4371-a437-1e37c9d0a80d,DAU1,2018-08-14,14:15:05,4247527.0,Medium,TY,30.368236,-97.976899,Dropoff,A-8.1G,71
RouteID_00930ddc-25f9-4371-a437-1e37c9d0a80d,DAU1,2018-08-14,14:15:05,4247527.0,Medium,TL,30.367889,-97.977746,Dropoff,A-8.1G,72
RouteID_00930ddc-25f9-4371-a437-1e37c9d0a80d,DAU1,2018-08-14,14:15:05,4247527.0,Medium,XG,30.366778,-97.9778,Dropoff,A-8.1G,73
RouteID_00930ddc-25f9-4371-a437-1e37c9d0a80d,DAU1,2018-08-14,14:15:05,4247527.0,Medium,WZ,30.366837,-97.975565,Dropoff,A-8.1G,74
RouteID_00930ddc-25f9-4371-a437-1e37c9d0a80d,DAU1,2018-08-14,14:15:05,4247527.0,Medium,MY,30.367257,-97.974223,Dropoff,A-8.1E,75
RouteID_00930ddc-25f9-4371-a437-1e37c9d0a80d,DAU1,2018-08-14,14:15:05,4247527.0,Medium,OS,30.368391,-97.971298,Dropoff,A-8.1E,76
RouteID_00930ddc-25f9-4371-a437-1e37c9d0a80d,DAU1,2018-08-14,14:15:05,4247527.0,Medium,ZR,30.369143,-97.967465,Dropoff,A-8.2E,77
RouteID_00930ddc-25f9-4371-a437-1e37c9d0a80d,DAU1,2018-08-14,14:15:05,4247527.0,Medium,FL,30.37173,-97.966849,Dropoff,A-8.2E,78
RouteID_00930ddc-25f9-4371-a437-1e37c9d0a80d,DAU1,2018-08-14,14:15:05,4247527.0,Medium,ST,30.373438,-97.967729,Dropoff,A-8.2E,79
RouteID_00930ddc-25f9-4371-a437-1e37c9d0a80d,DAU1,2018-08-14,14:15:05,4247527.0,Medium,FC,30.374168,-97.96759,Dropoff,A-8.2E,80
RouteID_00930ddc-25f9-4371-a437-1e37c9d0a80d,DAU1,2018-08-14,14:15:05,4247527.0,Medium,PM,30.373359,-97.96885,Dropoff,A-8.2E,81
RouteID_00930ddc-25f9-4371-a437-1e37c9d0a80d,DAU1,2018-08-14,14:15:05,4247527.0,Medium,TD,30.372952,-97.968802,Dropoff,A-8.2E,82
RouteID_00930ddc-25f9-4371-a437-1e37c9d0a80d,DAU1,2018-08-14,14:15:05,4247527.0,Medium,RJ,30.371459,-97.969262,Dropoff,A-8.2E,83
RouteID_00930ddc-25f9-4371-a437-1e37c9d0a80d,DAU1,2018-08-14,14:15:05,4247527.0,Medium,RV,30.371258,-97.969737,Dropoff,A-8.2E,84
RouteID_00930ddc-25f9-4371-a437-1e37c9d0a80d,DAU1,2018-08-14,14:15:05,4247527.0,Medium,JH,30.370975,-97.970423,Dropoff,A-8.2E,85
RouteID_00930ddc-25f9-4371-a437-1e37c9d0a80d,DAU1,2018-08-14,14:15:05,4247527.0,Medium,IM,30.370672,-97.971163,Dropoff,A-8.2E,86
RouteID_00930ddc-25f9-4371-a437-1e37c9d0a80d,DAU1,2018-08-14,14:15:05,4247527.0,Medium,ZD,30.372239,-97.96988,Dropoff,A-8.3E,87
RouteID_00930ddc-25f9-4371-a437-1e37c9d0a80d,DAU1,2018-08-14,14:15:05,4247527.0,Medium,CS,30.371392,-97.972677,Dropoff,A-8.3E,88
RouteID_00930ddc-25f9-4371-a437-1e37c9d0a80d,DAU1,2018-08-14,14:15:05,4247527.0,Medium,SI,30.372015,-97.972405,Dropoff,A-8.3E,89
RouteID_00930ddc-25f9-4371-a437-1e37c9d0a80d,DAU1,2018-08-14,14:15:05,4247527.0,Medium,EU,30.373239,-97.97127,Dropoff,A-8.3E,90
RouteID_00930ddc-25f9-4371-a437-1e37c9d0a80d,DAU1,2018-08-14,14:15:05,4247527.0,Medium,VM,30.378335,-97.970332,Dropoff,A-8.3D,91
RouteID_00930ddc-25f9-4371-a437-1e37c9d0a80d,DAU1,2018-08-14,14:15:05,4247527.0,Medium,DF,30.377727,-97.971429,Dropoff,A-8.3D,92
RouteID_00930ddc-25f9-4371-a437-1e37c9d0a80d,DAU1,2018-08-14,14:15:05,4247527.0,Medium,ZJ,30.379758,-97.969675,Dropoff,A-8.3D,93
RouteID_00930ddc-25f9-4371-a437-1e37c9d0a80d,DAU1,2018-08-14,14:15:05,4247527.0,Medium,SK,30.379338,-97.96878,Dropoff,A-8.3D,94
RouteID_00930ddc-25f9-4371-a437-1e37c9d0a80d,DAU1,2018-08-14,14:15:05,4247527.0,Medium,IG,30.382203,-97.968707,Dropoff,A-8.2D,95
RouteID_00930ddc-25f9-4371-a437-1e37c9d0a80d,DAU1,2018-08-14,14:15:05,4247527.0,Medium,EI,30.39008,-97.966561,Dropoff,A-8.2D,96
RouteID_00930ddc-25f9-4371-a437-1e37c9d0a80d,DAU1,2018-08-14,14:15:05,4247527.0,Medium,NB,30.389707,-97.963327,Dropoff,A-8.2D,97
RouteID_00930ddc-25f9-4371-a437-1e37c9d0a80d,DAU1,2018-08-14,14:15:05,4247527.0,Medium,KE,30.390112,-97.96127,Dropoff,A-8.2D,98
RouteID_00930ddc-25f9-4371-a437-1e37c9d0a80d,DAU1,2018-08-14,14:15:05,4247527.0,Medium,WT,30.389484,-97.962433,Dropoff,A-8.2D,99
RouteID_00930ddc-25f9-4371-a437-1e37c9d0a80d,DAU1,2018-08-14,14:15:05,4247527.0,Medium,AA,30.384303,-97.964343,Dropoff,A-8.2D,100
RouteID_00930ddc-25f9-4371-a437-1e37c9d0a80d,DAU1,2018-08-14,14:15:05,4247527.0,Medium,OY,30.388249,-97.965151,Dropoff,A-8.2D,101
RouteID_00930ddc-25f9-4371-a437-1e37c9d0a80d,DAU1,2018-08-14,14:15:05,4247527.0,Medium,SJ,30.385351,-97.9654,Dropoff,A-8.2D,102
RouteID_00930ddc-25f9-4371-a437-1e37c9d0a80d,DAU1,2018-08-14,14:15:05,4247527.0,Medium,YN,30.384681,-97.968016,Dropoff,A-8.2D,103
RouteID_00930ddc-25f9-4371-a437-1e37c9d0a80d,DAU1,2018-08-14,14:15:05,4247527.0,Medium,GI,30.383382,-97.968866,Dropoff,A-8.2D,104
RouteID_00930ddc-25f9-4371-a437-1e37c9d0a80d,DAU1,2018-08-14,14:15:05,4247527.0,Medium,XS,30.381758,-97.968679,Dropoff,A-8.2D,105
RouteID_00930ddc-25f9-4371-a437-1e37c9d0a80d,DAU1,2018-08-14,14:15:05,4247527.0,Medium,BT,30.380215,-97.970715,Dropoff,A-8.1D,106
RouteID_00930ddc-25f9-4371-a437-1e37c9d0a80d,DAU1,2018-08-14,14:15:05,4247527.0,Medium,QB,30.379677,-97.971099,Dropoff,A-8.1D,107
RouteID_00930ddc-25f9-4371-a437-1e37c9d0a80d,DAU1,2018-08-14,14:15:05,4247527.0,Medium,JX,30.379038,-97.971963,Dropoff,A-8.1D,108
RouteID_00930ddc-25f9-4371-a437-1e37c9d0a80d,DAU1,2018-08-14,14:15:05,4247527.0,Medium,SV,30.378976,-97.972515,Dropoff,A-8.1D,109
RouteID_00930ddc-25f9-4371-a437-1e37c9d0a80d,DAU1,2018-08-14,14:15:05,4247527.0,Medium,HJ,30.379769,-97.973823,Dropoff,A-8.1D,110
RouteID_00930ddc-25f9-4371-a437-1e37c9d0a80d,DAU1,2018-08-14,14:15:05,4247527.0,Medium,RE,30.380276,-97.973574,Dropoff,A-8.1D,111
RouteID_00930ddc-25f9-4371-a437-1e37c9d0a80d,DAU1,2018-08-14,14:15:05,4247527.0,Medium,NM,30.38014,-97.972892,Dropoff,A-8.1D,112
RouteID_00930ddc-25f9-4371-a437-1e37c9d0a80d,DAU1,2018-08-14,14:15:05,4247527.0,Medium,YE,30.381533,-97.972938,Dropoff,A-8.1D,113
RouteID_00930ddc-25f9-4371-a437-1e37c9d0a80d,DAU1,2018-08-14,14:15:05,4247527.0,Medium,WR,30.379594,-97.972084,Dropoff,A-8.1D,114
RouteID_00930ddc-25f9-4371-a437-1e37c9d0a80d,DAU1,2018-08-14,14:15:05,4247527.0,Medium,QN,30.3786,-97.972641,Dropoff,A-8.3C,115
RouteID_00930ddc-25f9-4371-a437-1e37c9d0a80d,DAU1,2018-08-14,14:15:05,4247527.0,Medium,DC,30.37759,-97.974259,Dropoff,A-8.3C,116
RouteID_00930ddc-25f9-4371-a437-1e37c9d0a80d,DAU1,2018-08-14,14:15:05,4247527.0,Medium,PP,30.376489,-97.975579,Dropoff,A-8.3C,117
RouteID_00930ddc-25f9-4371-a437-1e37c9d0a80d,DAU1,2018-08-14,14:15:05,4247527.0,Medium,NQ,30.377199,-97.975577,Dropoff,A-8.3C,118
RouteID_00930ddc-25f9-4371-a437-1e37c9d0a80d,DAU1,2018-08-14,14:15:05,4247527.0,Medium,YA,30.378063,-97.976185,Dropoff,A-8.3C,119
RouteID_00930ddc-25f9-4371-a437-1e37c9d0a80d,DAU1,2018-08-14,14:15:05,4247527.0,Medium,EF,30.378897,-97.977732,Dropoff,A-8.3C,120
RouteID_00930ddc-25f9-4371-a437-1e37c9d0a80d,DAU1,2018-08-14,14:15:05,4247527.0,Medium,AQ,30.380235,-97.974549,Dropoff,A-8.3C,121
RouteID_00930ddc-25f9-4371-a437-1e37c9d0a80d,DAU1,2018-08-14,14:15:05,4247527.0,Medium,DP,30.381046,-97.974799,Dropoff,A-8.1C,122
RouteID_00930ddc-25f9-4371-a437-1e37c9d0a80d,DAU1,2018-08-14,14:15:05,4247527.0,Medium,VY,30.380707,-97.975212,Dropoff,A-8.1C,123
RouteID_00930ddc-25f9-4371-a437-1e37c9d0a80d,DAU1,2018-08-14,14:15:05,4247527.0,Medium,VI,30.382893,-97.974615,Dropoff,A-8.1C,124
RouteID_00930ddc-25f9-4371-a437-1e37c9d0a80d,DAU1,2018-08-14,14:15:05,4247527.0,Medium,OC,30.383378,-97.975544,Dropoff,A-8.1C,125
RouteID_00930ddc-25f9-4371-a437-1e37c9d0a80d,DAU1,2018-08-14,14:15:05,4247527.0,Medium,VB,30.38193,-97.977123,Dropoff,A-8.2C,126
RouteID_00930ddc-25f9-4371-a437-1e37c9d0a80d,DAU1,2018-08-14,14:15:05,4247527.0,Medium,DJ,30.379082,-97.979891,Dropoff,A-8.2C,127
RouteID_00930ddc-25f9-4371-a437-1e37c9d0a80d,DAU1,2018-08-14,14:15:05,4247527.0,Medium,OZ,30.377379,-97.976601,Dropoff,A-8.2C,128
RouteID_00930ddc-25f9-4371-a437-1e37c9d0a80d,DAU1,2018-08-14,14:15:05,4247527.0,Medium,EL,30.374884,-97.977414,Dropoff,A-8.3B,129
RouteID_00930ddc-25f9-4371-a437-1e37c9d0a80d,DAU1,2018-08-14,14:15:05,4247527.0,Medium,KT,30.374418,-97.978755,Dropoff,A-8.3B,130
RouteID_00930ddc-25f9-4371-a437-1e37c9d0a80d,DAU1,2018-08-14,14:15:05,4247527.0,Medium,XH,30.374688,-97.978088,Dropoff,A-8.3B,131
RouteID_00930ddc-25f9-4371-a437-1e37c9d0a80d,DAU1,2018-08-14,14:15:05,4247527.0,Medium,OD,30.374645,-97.975989,Dropoff,A-8.3B,132
RouteID_00930ddc-25f9-4371-a437-1e37c9d0a80d,DAU1,2018-08-14,14:15:05,4247527.0,Medium,XE,30.374233,-97.976032,Dropoff,A-8.3B,133
RouteID_00930ddc-25f9-4371-a437-1e37c9d0a80d,DAU1,2018-08-14,14:15:05,4247527.0,Medium,SE,30.374851,-97.97397,Dropoff,A-8.3B,134
RouteID_00930ddc-25f9-4371-a437-1e37c9d0a80d,DAU1,2018-08-14,14:15:05,4247527.0,Medium,FO,30.375373,-97.975182,Dropoff,A-8.3B,135
RouteID_00930ddc-25f9-4371-a437-1e37c9d0a80d,DAU1,2018-08-14,14:15:05,4247527.0,Medium,KW,30.376404,-97.97408,Dropoff,A-8.3B,136
RouteID_00930ddc-25f9-4371-a437-1e37c9d0a80d,DAU1,2018-08-14,14:15:05,4247527.0,Medium,GG,30.376466,-97.972956,Dropoff,A-8.3B,137
RouteID_00930ddc-25f9-4371-a437-1e37c9d0a80d,DAU1,2018-08-14,14:15:05,4247527.0,Medium,VR,30.375806,-97.97306,Dropoff,A-8.3B,138
RouteID_00930ddc-25f9-4371-a437-1e37c9d0a80d,DAU1,2018-08-14,14:15:05,4247527.0,Medium,VA,30.375498,-97.973049,Dropoff,A-8.3B,139
RouteID_00930ddc-25f9-4371-a437-1e37c9d0a80d,DAU1,2018-08-14,14:15:05,4247527.0,Medium,IF,30.376603,-97.971908,Dropoff,A-8.3B,140
RouteID_00930ddc-25f9-4371-a437-1e37c9d0a80d,DAU1,2018-08-14,14:15:05,4247527.0,Medium,ZW,30.374287,-97.971799,Dropoff,A-8.2B,141
RouteID_00930ddc-25f9-4371-a437-1e37c9d0a80d,DAU1,2018-08-14,14:15:05,4247527.0,Medium,SZ,30.373428,-97.972346,Dropoff,A-8.2B,142
RouteID_00930ddc-25f9-4371-a437-1e37c9d0a80d,DAU1,2018-08-14,14:15:05,4247527.0,Medium,UR,30.372853,-97.97316,Dropoff,A-8.2B,143
RouteID_00930ddc-25f9-4371-a437-1e37c9d0a80d,DAU1,2018-08-14,14:15:05,4247527.0,Medium,SW,30.372731,-97.973852,Dropoff,A-8.2B,144
RouteID_00930ddc-25f9-4371-a437-1e37c9d0a80d,DAU1,2018-08-14,14:15:05,4247527.0,Medium,RF,30.372084,-97.974884,Dropoff,A-8.2B,145
RouteID_00930ddc-25f9-4371-a437-1e37c9d0a80d,DAU1,2018-08-14,14:15:05,4247527.0,Medium,SG,30.371582,-97.97554,Dropoff,A-8.2B,146
RouteID_00930ddc-25f9-4371-a437-1e37c9d0a80d,DAU1,2018-08-14,14:15:05,4247527.0,Medium,VG,30.372446,-97.976926,Dropoff,A-8.2B,147
RouteID_00930ddc-25f9-4371-a437-1e37c9d0a80d,DAU1,2018-08-14,14:15:05,4247527.0,Medium,EB,30.371246,-97.974396,Dropoff,A-8.2B,148
RouteID_00930ddc-25f9-4371-a437-1e37c9d0a80d,DAU1,2018-08-14,14:15:05,4247527.0,Medium,FR,30.370599,-97.975608,Dropoff,A-8.2B,149
RouteID_00930ddc-25f9-4371-a437-1e37c9d0a80d,DAU1,2018-08-14,14:15:05,4247527.0,Medium,PJ,30.369572,-97.977735,Dropoff,A-8.2B,150
RouteID_00930ddc-25f9-4371-a437-1e37c9d0a80d,DAU1,2018-08-14,14:15:05,4247527.0,Medium,CQ,30.368681,-97.978562,Dropoff,A-8.2B,151
RouteID_00930ddc-25f9-4371-a437-1e37c9d0a80d,DAU1,2018-08-14,14:15:05,4247527.0,Medium,RB,30.368266,-97.979669,Dropoff,A-8.2B,152
RouteID_00a25e47-65c9-4efc-bfe9-8d9648a0df4e,DCH2,2018-08-07,13:22:44,3313071.0,High,PP,42.031368,-87.776596,Station,,0
RouteID_00a25e47-65c9-4efc-bfe9-8d9648a0df4e,DCH2,2018-08-07,13:22:44,3313071.0,High,GD,42.072007,-87.704123,Dropoff,M-10.3D,1
RouteID_00a25e47-65c9-4efc-bfe9-8d9648a0df4e,DCH2,2018-08-07,13:22:44,3313071.0,High,WR,42.072511,-87.702952,Dropoff,M-10.3D,2
RouteID_00a25e47-65c9-4efc-bfe9-8d9648a0df4e,DCH2,2018-08-07,13:22:44,3313071.0,High,GP,42.071237,-87.702962,Dropoff,M-10.3D,3
RouteID_00a25e47-65c9-4efc-bfe9-8d9648a0df4e,DCH2,2018-08-07,13:22:44,3313071.0,High,DV,42.071981,-87.702585,Dropoff,M-10.3D,4
RouteID_00a25e47-65c9-4efc-bfe9-8d9648a0df4e,DCH2,2018-08-07,13:22:44,3313071.0,High,VJ,42.071971,-87.701996,Dropoff,M-10.3D,5
RouteID_00a25e47-65c9-4efc-bfe9-8d9648a0df4e,DCH2,2018-08-07,13:22:44,3313071.0,High,KT,42.071959,-87.701545,Dropoff,M-10.3D,6
RouteID_00a25e47-65c9-4efc-bfe9-8d9648a0df4e,DCH2,2018-08-07,13:22:44,3313071.0,High,LS,42.071961,-87.700158,Dropoff,M-10.3D,7
RouteID_00a25e47-65c9-4efc-bfe9-8d9648a0df4e,DCH2,2018-08-07,13:22:44,3313071.0,High,SW,42.071207,-87.698682,Dropoff,M-10.3D,8
RouteID_00a25e47-65c9-4efc-bfe9-8d9648a0df4e,DCH2,2018-08-07,13:22:44,3313071.0,High,WK,42.070795,-87.699665,Dropoff,M-10.3D,9
RouteID_00a25e47-65c9-4efc-bfe9-8d9648a0df4e,DCH2,2018-08-07,13:22:44,3313071.0,High,GJ,42.069343,-87.697996,Dropoff,M-10.3C,10
RouteID_00a25e47-65c9-4efc-bfe9-8d9648a0df4e,DCH2,2018-08-07,13:22:44,3313071.0,High,WG,42.070906,-87.697982,Dropoff,M-10.3C,11
RouteID_00a25e47-65c9-4efc-bfe9-8d9648a0df4e,DCH2,2018-08-07,13:22:44,3313071.0,High,TE,42.071306,-87.695985,Dropoff,M-10.3C,12
RouteID_00a25e47-65c9-4efc-bfe9-8d9648a0df4e,DCH2,2018-08-07,13:22:44,3313071.0,High,LV,42.072655,-87.694408,Dropoff,M-10.2C,13
RouteID_00a25e47-65c9-4efc-bfe9-8d9648a0df4e,DCH2,2018-08-07,13:22:44,3313071.0,High,DI,42.072675,-87.696409,Dropoff,M-10.2C,14
RouteID_00a25e47-65c9-4efc-bfe9-8d9648a0df4e,DCH2,2018-08-07,13:22:44,3313071.0,High,DH,42.072685,-87.697038,Dropoff,M-10.2C,15
RouteID_00a25e47-65c9-4efc-bfe9-8d9648a0df4e,DCH2,2018-08-07,13:22:44,3313071.0,High,VR,42.073838,-87.697655,Dropoff,M-10.2C,16
RouteID_00a25e47-65c9-4efc-bfe9-8d9648a0df4e,DCH2,2018-08-07,13:22:44,3313071.0,High,JA,42.073854,-87.698695,Dropoff,M-10.2C,17
RouteID_00a25e47-65c9-4efc-bfe9-8d9648a0df4e,DCH2,2018-08-07,13:22:44,3313071.0,High,DY,42.074017,-87.701207,Dropoff,M-10.2C,18
RouteID_00a25e47-65c9-4efc-bfe9-8d9648a0df4e,DCH2,2018-08-07,13:22:44,3313071.0,High,DO,42.073893,-87.702546,Dropoff,M-10.2C,19
RouteID_00a25e47-65c9-4efc-bfe9-8d9648a0df4e,DCH2,2018-08-07,13:22:44,3313071.0,High,AO,42.07477,-87.699137,Dropoff,M-10.2C,20
RouteID_00a25e47-65c9-4efc-bfe9-8d9648a0df4e,DCH2,2018-08-07,13:22:44,3313071.0,High,TX,42.075201,-87.697964,Dropoff,M-10.1C,21
RouteID_00a25e47-65c9-4efc-bfe9-8d9648a0df4e,DCH2,2018-08-07,13:22:44,3313071.0,High,UR,42.075182,-87.696922,Dropoff,M-10.1C,22
RouteID_00a25e47-65c9-4efc-bfe9-8d9648a0df4e,DCH2,2018-08-07,13:22:44,3313071.0,High,YD,42.07635,-87.69734,Dropoff,M-10.1C,23
RouteID_00a25e47-65c9-4efc-bfe9-8d9648a0df4e,DCH2,2018-08-07,13:22:44,3313071.0,High,CL,42.076566,-87.698825,Dropoff,M-10.1C,24
RouteID_00a25e47-65c9-4efc-bfe9-8d9648a0df4e,DCH2,2018-08-07,13:22:44,3313071.0,High,SF,42.076574,-87.699679,Dropoff,M-10.1C,25
RouteID_00a25e47-65c9-4efc-bfe9-8d9648a0df4e,DCH2,2018-08-07,13:22:44,3313071.0,High,PA,42.076587,-87.700728,Dropoff,M-10.1C,26
RouteID_00a25e47-65c9-4efc-bfe9-8d9648a0df4e,DCH2,2018-08-07,13:22:44,3313071.0,High,CZ,42.07654,-87.696399,Dropoff,M-10.1B,27
RouteID_00a25e47-65c9-4efc-bfe9-8d9648a0df4e,DCH2,2018-08-07,13:22:44,3313071.0,High,HW,42.076533,-87.695765,Dropoff,M-10.1B,28
RouteID_00a25e47-65c9-4efc-bfe9-8d9648a0df4e,DCH2,2018-08-07,13:22:44,3313071.0,High,CK,42.07652,-87.694703,Dropoff,M-10.1B,29
RouteID_00a25e47-65c9-4efc-bfe9-8d9648a0df4e,DCH2,2018-08-07,13:22:44,3313071.0,High,FL,42.076514,-87.694101,Dropoff,M-10.1B,30
RouteID_00a25e47-65c9-4efc-bfe9-8d9648a0df4e,DCH2,2018-08-07,13:22:44,3313071.0,High,PZ,42.077635,-87.694416,Dropoff,M-10.1B,31
RouteID_00a25e47-65c9-4efc-bfe9-8d9648a0df4e,DCH2,2018-08-07,13:22:44,3313071.0,High,DL,42.077645,-87.696112,Dropoff,M-10.1B,32
RouteID_00a25e47-65c9-4efc-bfe9-8d9648a0df4e,DCH2,2018-08-07,13:22:44,3313071.0,High,HR,42.077649,-87.696888,Dropoff,M-10.1B,33
RouteID_00a25e47-65c9-4efc-bfe9-8d9648a0df4e,DCH2,2018-08-07,13:22:44,3313071.0,High,GV,42.077654,-87.697592,Dropoff,M-10.1B,34
RouteID_00a25e47-65c9-4efc-bfe9-8d9648a0df4e,DCH2,2018-08-07,13:22:44,3313071.0,High,ZX,42.077664,-87.698502,Dropoff,M-10.1B,35
RouteID_00a25e47-65c9-4efc-bfe9-8d9648a0df4e,DCH2,2018-08-07,13:22:44,3313071.0,High,DN,42.077457,-87.699114,Dropoff,M-10.2B,36
RouteID_00a25e47-65c9-4efc-bfe9-8d9648a0df4e,DCH2,2018-08-07,13:22:44,3313071.0,High,HE,42.07881,-87.700171,Dropoff,M-10.2B,37
RouteID_00a25e47-65c9-4efc-bfe9-8d9648a0df4e,DCH2,2018-08-07,13:22:44,3313071.0,High,RT,42.079102,-87.70101,Dropoff,M-10.2B,38
RouteID_00a25e47-65c9-4efc-bfe9-8d9648a0df4e,DCH2,2018-08-07,13:22:44,3313071.0,High,XA,42.080131,-87.700763,Dropoff,M-10.2B,39
RouteID_00a25e47-65c9-4efc-bfe9-8d9648a0df4e,DCH2,2018-08-07,13:22:44,3313071.0,High,WF,42.080129,-87.699861,Dropoff,M-10.2B,40
RouteID_00a25e47-65c9-4efc-bfe9-8d9648a0df4e,DCH2,2018-08-07,13:22:44,3313071.0,High,IG,42.081456,-87.700586,Dropoff,M-10.2B,41
RouteID_00a25e47-65c9-4efc-bfe9-8d9648a0df4e,DCH2,2018-08-07,13:22:44,3313071.0,High,KK,42.081434,-87.698373,Dropoff,M-10.2B,42
RouteID_00a25e47-65c9-4efc-bfe9-8d9648a0df4e,DCH2,2018-08-07,13:22:44,3313071.0,High,BX,42.081437,-87.697912,Dropoff,M-10.2B,43
RouteID_00a25e47-65c9-4efc-bfe9-8d9648a0df4e,DCH2,2018-08-07,13:22:44,3313071.0,High,RZ,42.080383,-87.6973,Dropoff,M-10.2B,44
RouteID_00a25e47-65c9-4efc-bfe9-8d9648a0df4e,DCH2,2018-08-07,13:22:44,3313071.0,High,VI,42.078483,-87.697325,Dropoff,M-10.2B,45
RouteID_00a25e47-65c9-4efc-bfe9-8d9648a0df4e,DCH2,2018-08-07,13:22:44,3313071.0,High,UN,42.07874,-87.693355,Dropoff,M-10.3B,46
RouteID_00a25e47-65c9-4efc-bfe9-8d9648a0df4e,DCH2,2018-08-07,13:22:44,3313071.0,High,PO,42.077605,-87.691475,Dropoff,M-10.3B,47
RouteID_00a25e47-65c9-4efc-bfe9-8d9648a0df4e,DCH2,2018-08-07,13:22:44,3313071.0,High,VP,42.077592,-87.690151,Dropoff,M-10.3B,48
RouteID_00a25e47-65c9-4efc-bfe9-8d9648a0df4e,DCH2,2018-08-07,13:22:44,3313071.0,High,IV,42.080031,-87.693271,Dropoff,M-10.3B,49
RouteID_00a25e47-65c9-4efc-bfe9-8d9648a0df4e,DCH2,2018-08-07,13:22:44,3313071.0,High,HH,42.080694,-87.693004,Dropoff,M-10.3B,50
RouteID_00a25e47-65c9-4efc-bfe9-8d9648a0df4e,DCH2,2018-08-07,13:22:44,3313071.0,High,EM,42.080662,-87.6942,Dropoff,M-10.3B,51
RouteID_00a25e47-65c9-4efc-bfe9-8d9648a0df4e,DCH2,2018-08-07,13:22:44,3313071.0,High,YH,42.082281,-87.696417,Dropoff,M-10.3A,52
RouteID_00a25e47-65c9-4efc-bfe9-8d9648a0df4e,DCH2,2018-08-07,13:22:44,3313071.0,High,ZW,42.082661,-87.696895,Dropoff,M-10.3A,53
RouteID_00a25e47-65c9-4efc-bfe9-8d9648a0df4e,DCH2,2018-08-07,13:22:44,3313071.0,High,BP,42.084249,-87.696669,Dropoff,M-10.3A,54
RouteID_00a25e47-65c9-4efc-bfe9-8d9648a0df4e,DCH2,2018-08-07,13:22:44,3313071.0,High,ZM,42.082676,-87.698503,Dropoff,M-10.3A,55
RouteID_00a25e47-65c9-4efc-bfe9-8d9648a0df4e,DCH2,2018-08-07,13:22:44,3313071.0,High,LI,42.082714,-87.70043,Dropoff,M-10.3A,56
RouteID_00a25e47-65c9-4efc-bfe9-8d9648a0df4e,DCH2,2018-08-07,13:22:44,3313071.0,High,RO,42.082698,-87.701821,Dropoff,M-10.3A,57
RouteID_00a25e47-65c9-4efc-bfe9-8d9648a0df4e,DCH2,2018-08-07,13:22:44,3313071.0,High,RB,42.083954,-87.702358,Dropoff,M-10.3A,58
RouteID_00a25e47-65c9-4efc-bfe9-8d9648a0df4e,DCH2,2018-08-07,13:22:44,3313071.0,High,ET,42.083935,-87.700093,Dropoff,M-10.3A,59
RouteID_00a25e47-65c9-4efc-bfe9-8d9648a0df4e,DCH2,2018-08-07,13:22:44,3313071.0,High,NK,42.083935,-87.699662,Dropoff,M-10.3A,60
RouteID_00a25e47-65c9-4efc-bfe9-8d9648a0df4e,DCH2,2018-08-07,13:22:44,3313071.0,High,XM,42.085162,-87.700002,Dropoff,M-10.3A,61
RouteID_00a25e47-65c9-4efc-bfe9-8d9648a0df4e,DCH2,2018-08-07,13:22:44,3313071.0,High,QW,42.08518,-87.701594,Dropoff,M-10.3A,62
RouteID_00a25e47-65c9-4efc-bfe9-8d9648a0df4e,DCH2,2018-08-07,13:22:44,3313071.0,High,UE,42.085217,-87.703648,Dropoff,M-10.3A,63
RouteID_00a25e47-65c9-4efc-bfe9-8d9648a0df4e,DCH2,2018-08-07,13:22:44,3313071.0,High,WA,42.085193,-87.704359,Dropoff,M-10.3A,64
RouteID_00a25e47-65c9-4efc-bfe9-8d9648a0df4e,DCH2,2018-08-07,13:22:44,3313071.0,High,BI,42.085223,-87.70486,Dropoff,M-10.3A,65
RouteID_00a25e47-65c9-4efc-bfe9-8d9648a0df4e,DCH2,2018-08-07,13:22:44,3313071.0,High,PE,42.085954,-87.702837,Dropoff,M-10.3A,66
RouteID_00a25e47-65c9-4efc-bfe9-8d9648a0df4e,DCH2,2018-08-07,13:22:44,3313071.0,High,TQ,42.088087,-87.703847,Dropoff,M-10.2A,67
RouteID_00a25e47-65c9-4efc-bfe9-8d9648a0df4e,DCH2,2018-08-07,13:22:44,3313071.0,High,JB,42.087699,-87.703426,Dropoff,M-10.2A,68
RouteID_00a25e47-65c9-4efc-bfe9-8d9648a0df4e,DCH2,2018-08-07,13:22:44,3313071.0,High,WL,42.086101,-87.701176,Dropoff,M-10.2A,69
RouteID_00a25e47-65c9-4efc-bfe9-8d9648a0df4e,DCH2,2018-08-07,13:22:44,3313071.0,High,SX,42.085575,-87.699194,Dropoff,M-10.2A,70
RouteID_00a25e47-65c9-4efc-bfe9-8d9648a0df4e,DCH2,2018-08-07,13:22:44,3313071.0,High,OR,42.085498,-87.698578,Dropoff,M-10.2A,71
RouteID_00a25e47-65c9-4efc-bfe9-8d9648a0df4e,DCH2,2018-08-07,13:22:44,3313071.0,High,IY,42.086386,-87.698534,Dropoff,M-10.1A,72
RouteID_00a25e47-65c9-4efc-bfe9-8d9648a0df4e,DCH2,2018-08-07,13:22:44,3313071.0,High,IO,42.086373,-87.699597,Dropoff,M-10.1A,73
RouteID_00a25e47-65c9-4efc-bfe9-8d9648a0df4e,DCH2,2018-08-07,13:22:44,3313071.0,High,YK,42.087391,-87.699832,Dropoff,M-10.1A,74
RouteID_00a25e47-65c9-4efc-bfe9-8d9648a0df4e,DCH2,2018-08-07,13:22:44,3313071.0,High,AM,42.087895,-87.701406,Dropoff,,75
RouteID_00a25e47-65c9-4efc-bfe9-8d9648a0df4e,DCH2,2018-08-07,13:22:44,3313071.0,High,OD,42.088912,-87.702521,Dropoff,P-10.1A,76
RouteID_00a25e47-65c9-4efc-bfe9-8d9648a0df4e,DCH2,2018-08-07,13:22:44,3313071.0,High,PC,42.089445,-87.70394,Dropoff,P-10.1A,77
RouteID_00a25e47-65c9-4efc-bfe9-8d9648a0df4e,DCH2,2018-08-07,13:22:44,3313071.0,High,LM,42.088614,-87.705145,Dropoff,P-10.1A,78
RouteID_00a25e47-65c9-4efc-bfe9-8d9648a0df4e,DCH2,2018-08-07,13:22:44,3313071.0,High,AS,42.08773,-87.706117,Dropoff,P-10.1A,79
RouteID_00a25e47-65c9-4efc-bfe9-8d9648a0df4e,DCH2,2018-08-07,13:22:44,3313071.0,High,CE,42.086648,-87.70386,Dropoff,P-10.2A,80
RouteID_00a25e47-65c9-4efc-bfe9-8d9648a0df4e,DCH2,2018-08-07,13:22:44,3313071.0,High,ZU,42.086653,-87.704409,Dropoff,P-10.2A,81
RouteID_00a25e47-65c9-4efc-bfe9-8d9648a0df4e,DCH2,2018-08-07,13:22:44,3313071.0,High,OK,42.086672,-87.70609,Dropoff,P-10.2A,82
RouteID_00a25e47-65c9-4efc-bfe9-8d9648a0df4e,DCH2,2018-08-07,13:22:44,3313071.0,High,XH,42.086652,-87.707381,Dropoff,P-10.2A,83
RouteID_00a25e47-65c9-4efc-bfe9-8d9648a0df4e,DCH2,2018-08-07,13:22:44,3313071.0,High,AA,42.088807,-87.706772,Dropoff,P-10.2A,84
RouteID_00a25e47-65c9-4efc-bfe9-8d9648a0df4e,DCH2,2018-08-07,13:22:44,3313071.0,High,QV,42.088855,-87.708151,Dropoff,P-10.2A,85
RouteID_00a25e47-65c9-4efc-bfe9-8d9648a0df4e,DCH2,2018-08-07,13:22:44,3313071.0,High,NB,42.089208,-87.708738,Dropoff,P-10.2A,86
RouteID_00a25e47-65c9-4efc-bfe9-8d9648a0df4e,DCH2,2018-08-07,13:22:44,3313071.0,High,OQ,42.090468,-87.710805,Dropoff,P-10.2A,87
RouteID_00a25e47-65c9-4efc-bfe9-8d9648a0df4e,DCH2,2018-08-07,13:22:44,3313071.0,High,YT,42.091328,-87.710829,Dropoff,P-10.3A,88
RouteID_00a25e47-65c9-4efc-bfe9-8d9648a0df4e,DCH2,2018-08-07,13:22:44,3313071.0,High,AB,42.093276,-87.70868,Dropoff,P-10.3A,89
RouteID_00a25e47-65c9-4efc-bfe9-8d9648a0df4e,DCH2,2018-08-07,13:22:44,3313071.0,High,QJ,42.092787,-87.709773,Dropoff,P-10.3A,90
RouteID_00a25e47-65c9-4efc-bfe9-8d9648a0df4e,DCH2,2018-08-07,13:22:44,3313071.0,High,NN,42.094903,-87.715056,Dropoff,P-10.3A,91
RouteID_00a25e47-65c9-4efc-bfe9-8d9648a0df4e,DCH2,2018-08-07,13:22:44,3313071.0,High,DJ,42.096014,-87.71565,Dropoff,P-10.3A,92
RouteID_00a25e47-65c9-4efc-bfe9-8d9648a0df4e,DCH2,2018-08-07,13:22:44,3313071.0,High,UX,42.096301,-87.714755,Dropoff,P-10.3A,93
RouteID_00a25e47-65c9-4efc-bfe9-8d9648a0df4e,DCH2,2018-08-07,13:22:44,3313071.0,High,SD,42.095316,-87.713486,Dropoff,P-10.3A,94
RouteID_00a25e47-65c9-4efc-bfe9-8d9648a0df4e,DCH2,2018-08-07,13:22:44,3313071.0,High,BS,42.090389,-87.715694,Dropoff,P-10.3B,95
RouteID_00a25e47-65c9-4efc-bfe9-8d9648a0df4e,DCH2,2018-08-07,13:22:44,3313071.0,High,KS,42.090735,-87.716262,Dropoff,P-10.3B,96
RouteID_00a25e47-65c9-4efc-bfe9-8d9648a0df4e,DCH2,2018-08-07,13:22:44,3313071.0,High,JC,42.09093,-87.716584,Dropoff,P-10.3B,97
RouteID_00a25e47-65c9-4efc-bfe9-8d9648a0df4e,DCH2,2018-08-07,13:22:44,3313071.0,High,RV,42.091493,-87.717473,Dropoff,P-10.3B,98
RouteID_00a25e47-65c9-4efc-bfe9-8d9648a0df4e,DCH2,2018-08-07,13:22:44,3313071.0,High,SJ,42.092086,-87.717503,Dropoff,P-10.3B,99
RouteID_00a25e47-65c9-4efc-bfe9-8d9648a0df4e,DCH2,2018-08-07,13:22:44,3313071.0,High,QM,42.093251,-87.717476,Dropoff,P-10.3B,100
RouteID_00a25e47-65c9-4efc-bfe9-8d9648a0df4e,DCH2,2018-08-07,13:22:44,3313071.0,High,XT,42.093584,-87.720782,Dropoff,P-10.3B,101
RouteID_00a25e47-65c9-4efc-bfe9-8d9648a0df4e,DCH2,2018-08-07,13:22:44,3313071.0,High,RG,42.092334,-87.718732,Dropoff,P-10.3B,102
RouteID_00a25e47-65c9-4efc-bfe9-8d9648a0df4e,DCH2,2018-08-07,13:22:44,3313071.0,High,SQ,42.091322,-87.719513,Dropoff,P-10.2B,103
RouteID_00a25e47-65c9-4efc-bfe9-8d9648a0df4e,DCH2,2018-08-07,13:22:44,3313071.0,High,VZ,42.089894,-87.717288,Dropoff,P-10.2B,104
RouteID_00a25e47-65c9-4efc-bfe9-8d9648a0df4e,DCH2,2018-08-07,13:22:44,3313071.0,High,MZ,42.091515,-87.714896,Dropoff,P-10.2B,105
RouteID_00a25e47-65c9-4efc-bfe9-8d9648a0df4e,DCH2,2018-08-07,13:22:44,3313071.0,High,ZA,42.090758,-87.714322,Dropoff,P-10.2B,106
RouteID_00a25e47-65c9-4efc-bfe9-8d9648a0df4e,DCH2,2018-08-07,13:22:44,3313071.0,High,YG,42.087791,-87.716309,Dropoff,P-10.2B,107
RouteID_00a25e47-65c9-4efc-bfe9-8d9648a0df4e,DCH2,2018-08-07,13:22:44,3313071.0,High,GT,42.088562,-87.717529,Dropoff,P-10.2B,108
RouteID_00a25e47-65c9-4efc-bfe9-8d9648a0df4e,DCH2,2018-08-07,13:22:44,3313071.0,High,XR,42.088711,-87.715373,Dropoff,P-10.2B,109
RouteID_00a25e47-65c9-4efc-bfe9-8d9648a0df4e,DCH2,2018-08-07,13:22:44,3313071.0,High,IM,42.087253,-87.712982,Dropoff,P-10.2B,110
RouteID_00a25e47-65c9-4efc-bfe9-8d9648a0df4e,DCH2,2018-08-07,13:22:44,3313071.0,High,YS,42.086669,-87.712011,Dropoff,P-10.2B,111
RouteID_00a25e47-65c9-4efc-bfe9-8d9648a0df4e,DCH2,2018-08-07,13:22:44,3313071.0,High,OT,42.086665,-87.711199,Dropoff,P-10.2B,112
RouteID_00a25e47-65c9-4efc-bfe9-8d9648a0df4e,DCH2,2018-08-07,13:22:44,3313071.0,High,OU,42.087451,-87.70771,Dropoff,P-10.2B,113
RouteID_00a25e47-65c9-4efc-bfe9-8d9648a0df4e,DCH2,2018-08-07,13:22:44,3313071.0,High,WS,42.087379,-87.710788,Dropoff,P-10.2B,114
RouteID_00a25e47-65c9-4efc-bfe9-8d9648a0df4e,DCH2,2018-08-07,13:22:44,3313071.0,High,KA,42.088948,-87.710131,Dropoff,P-10.2B,115
RouteID_00a25e47-65c9-4efc-bfe9-8d9648a0df4e,DCH2,2018-08-07,13:22:44,3313071.0,High,AF,42.088456,-87.710676,Dropoff,P-10.2B,116
RouteID_00a25e47-65c9-4efc-bfe9-8d9648a0df4e,DCH2,2018-08-07,13:22:44,3313071.0,High,SZ,42.087106,-87.712173,Dropoff,P-10.1B,117
RouteID_00a25e47-65c9-4efc-bfe9-8d9648a0df4e,DCH2,2018-08-07,13:22:44,3313071.0,High,NL,42.085457,-87.712509,Dropoff,P-10.1B,118
RouteID_00a25e47-65c9-4efc-bfe9-8d9648a0df4e,DCH2,2018-08-07,13:22:44,3313071.0,High,PF,42.085303,-87.712163,Dropoff,P-10.1B,119
RouteID_00a25e47-65c9-4efc-bfe9-8d9648a0df4e,DCH2,2018-08-07,13:22:44,3313071.0,High,QO,42.085288,-87.712023,Dropoff,P-10.1B,120
RouteID_00a25e47-65c9-4efc-bfe9-8d9648a0df4e,DCH2,2018-08-07,13:22:44,3313071.0,High,LX,42.08528,-87.711049,Dropoff,P-10.1B,121
RouteID_00a25e47-65c9-4efc-bfe9-8d9648a0df4e,DCH2,2018-08-07,13:22:44,3313071.0,High,XU,42.085743,-87.712945,Dropoff,P-10.1B,122
RouteID_00a25e47-65c9-4efc-bfe9-8d9648a0df4e,DCH2,2018-08-07,13:22:44,3313071.0,High,JP,42.086336,-87.713895,Dropoff,P-10.1B,123
RouteID_00a25e47-65c9-4efc-bfe9-8d9648a0df4e,DCH2,2018-08-07,13:22:44,3313071.0,High,DB,42.085661,-87.715252,Dropoff,P-10.1B,124
RouteID_00a25e47-65c9-4efc-bfe9-8d9648a0df4e,DCH2,2018-08-07,13:22:44,3313071.0,High,AN,42.085456,-87.714864,Dropoff,P-10.1B,125
RouteID_00a25e47-65c9-4efc-bfe9-8d9648a0df4e,DCH2,2018-08-07,13:22:44,3313071.0,High,DF,42.083048,-87.713041,Dropoff,P-10.1B,126
RouteID_00a25e47-65c9-4efc-bfe9-8d9648a0df4e,DCH2,2018-08-07,13:22:44,3313071.0,High,UH,42.084102,-87.713152,Dropoff,P-10.1C,127
RouteID_00a25e47-65c9-4efc-bfe9-8d9648a0df4e,DCH2,2018-08-07,13:22:44,3313071.0,High,HI,42.08403,-87.712933,Dropoff,P-10.1C,128
RouteID_00a25e47-65c9-4efc-bfe9-8d9648a0df4e,DCH2,2018-08-07,13:22:44,3313071.0,High,OS,42.08403,-87.712647,Dropoff,P-10.1C,129
RouteID_00a25e47-65c9-4efc-bfe9-8d9648a0df4e,DCH2,2018-08-07,13:22:44,3313071.0,High,SP,42.084024,-87.711903,Dropoff,P-10.1C,130
RouteID_00a25e47-65c9-4efc-bfe9-8d9648a0df4e,DCH2,2018-08-07,13:22:44,3313071.0,High,RU,42.08402,-87.710944,Dropoff,P-10.1C,131
RouteID_00a25e47-65c9-4efc-bfe9-8d9648a0df4e,DCH2,2018-08-07,13:22:44,3313071.0,High,FR,42.084003,-87.708472,Dropoff,P-10.1C,132
RouteID_00a25e47-65c9-4efc-bfe9-8d9648a0df4e,DCH2,2018-08-07,13:22:44,3313071.0,High,QH,42.08375,-87.70765,Dropoff,P-10.1C,133
RouteID_00a25e47-65c9-4efc-bfe9-8d9648a0df4e,DCH2,2018-08-07,13:22:44,3313071.0,High,GG,42.085251,-87.707687,Dropoff,P-10.1C,134
RouteID_00a25e47-65c9-4efc-bfe9-8d9648a0df4e,DCH2,2018-08-07,13:22:44,3313071.0,High,QI,42.085236,-87.706072,Dropoff,P-10.2C,135
RouteID_00a25e47-65c9-4efc-bfe9-8d9648a0df4e,DCH2,2018-08-07,13:22:44,3313071.0,High,OZ,42.083974,-87.70483,Dropoff,P-10.2C,136
RouteID_00a25e47-65c9-4efc-bfe9-8d9648a0df4e,DCH2,2018-08-07,13:22:44,3313071.0,High,BR,42.078874,-87.706066,Dropoff,P-10.2C,137
RouteID_00a25e47-65c9-4efc-bfe9-8d9648a0df4e,DCH2,2018-08-07,13:22:44,3313071.0,High,FJ,42.07888,-87.706666,Dropoff,P-10.2C,138
RouteID_00a25e47-65c9-4efc-bfe9-8d9648a0df4e,DCH2,2018-08-07,13:22:44,3313071.0,High,YA,42.078906,-87.708963,Dropoff,P-10.2C,139
RouteID_00a25e47-65c9-4efc-bfe9-8d9648a0df4e,DCH2,2018-08-07,13:22:44,3313071.0,High,NT,42.078913,-87.70943,Dropoff,P-10.2C,140
RouteID_00a25e47-65c9-4efc-bfe9-8d9648a0df4e,DCH2,2018-08-07,13:22:44,3313071.0,High,OH,42.079508,-87.709864,Dropoff,P-10.2C,141
RouteID_00a25e47-65c9-4efc-bfe9-8d9648a0df4e,DCH2,2018-08-07,13:22:44,3313071.0,High,XW,42.080269,-87.711374,Dropoff,P-10.2C,142
RouteID_00a25e47-65c9-4efc-bfe9-8d9648a0df4e,DCH2,2018-08-07,13:22:44,3313071.0,High,JS,42.080236,-87.709498,Dropoff,P-10.3C,143
RouteID_00a25e47-65c9-4efc-bfe9-8d9648a0df4e,DCH2,2018-08-07,13:22:44,3313071.0,High,UP,42.080229,-87.709035,Dropoff,P-10.3C,144
RouteID_00a25e47-65c9-4efc-bfe9-8d9648a0df4e,DCH2,2018-08-07,13:22:44,3313071.0,High,KJ,42.080217,-87.708153,Dropoff,P-10.3C,145
RouteID_00a25e47-65c9-4efc-bfe9-8d9648a0df4e,DCH2,2018-08-07,13:22:44,3313071.0,High,HJ,42.080209,-87.707174,Dropoff,P-10.3C,146
RouteID_00a25e47-65c9-4efc-bfe9-8d9648a0df4e,DCH2,2018-08-07,13:22:44,3313071.0,High,HL,42.080201,-87.705727,Dropoff,P-10.3D,147
RouteID_00a25e47-65c9-4efc-bfe9-8d9648a0df4e,DCH2,2018-08-07,13:22:44,3313071.0,High,BM,42.081503,-87.707239,Dropoff,P-10.3D,148
RouteID_00a25e47-65c9-4efc-bfe9-8d9648a0df4e,DCH2,2018-08-07,13:22:44,3313071.0,High,TT,42.081521,-87.70882,Dropoff,P-10.3D,149
RouteID_00a25e47-65c9-4efc-bfe9-8d9648a0df4e,DCH2,2018-08-07,13:22:44,3313071.0,High,BG,42.08153,-87.710487,Dropoff,P-10.3D,150
RouteID_00a25e47-65c9-4efc-bfe9-8d9648a0df4e,DCH2,2018-08-07,13:22:44,3313071.0,High,GX,42.082758,-87.709198,Dropoff,P-10.3D,151
RouteID_00a25e47-65c9-4efc-bfe9-8d9648a0df4e,DCH2,2018-08-07,13:22:44,3313071.0,High,TM,42.082753,-87.708212,Dropoff,P-10.3D,152
RouteID_00a25e47-65c9-4efc-bfe9-8d9648a0df4e,DCH2,2018-08-07,13:22:44,3313071.0,High,KX,42.083025,-87.707656,Dropoff,P-10.3D,153
RouteID_00a25e47-65c9-4efc-bfe9-8d9648a0df4e,DCH2,2018-08-07,13:22:44,3313071.0,High,OG,42.082746,-87.707001,Dropoff,P-10.3D,154
RouteID_00a25e47-65c9-4efc-bfe9-8d9648a0df4e,DCH2,2018-08-07,13:22:44,3313071.0,High,OP,42.082724,-87.70411,Dropoff,P-10.3D,155
RouteID_00a25e47-65c9-4efc-bfe9-8d9648a0df4e,DCH2,2018-08-07,13:22:44,3313071.0,High,FY,42.082716,-87.703594,Dropoff,P-10.3D,156
RouteID_00ace8b4-30c6-4a20-a723-74ece636a0da,DBO2,2018-08-10,14:02:28,3313071.0,High,UP,42.233353,-71.141617,Station,,0
RouteID_00ace8b4-30c6-4a20-a723-74ece636a0da,DBO2,2018-08-10,14:02:28,3313071.0,High,IC,42.291173,-71.219749,Dropoff,A-33.1H,1
RouteID_00ace8b4-30c6-4a20-a723-74ece636a0da,DBO2,2018-08-10,14:02:28,3313071.0,High,XL,42.291141,-71.220579,Dropoff,A-33.1H,2
RouteID_00ace8b4-30c6-4a20-a723-74ece636a0da,DBO2,2018-08-10,14:02:28,3313071.0,High,UL,42.291717,-71.221738,Dropoff,A-33.1H,3
RouteID_00ace8b4-30c6-4a20-a723-74ece636a0da,DBO2,2018-08-10,14:02:28,3313071.0,High,DZ,42.294584,-71.225213,Dropoff,A-33.1H,4
RouteID_00ace8b4-30c6-4a20-a723-74ece636a0da,DBO2,2018-08-10,14:02:28,3313071.0,High,YX,42.294586,-71.226945,Dropoff,A-33.2H,5
RouteID_00ace8b4-30c6-4a20-a723-74ece636a0da,DBO2,2018-08-10,14:02:28,3313071.0,High,ME,42.293921,-71.226407,Dropoff,A-33.2H,6
RouteID_00ace8b4-30c6-4a20-a723-74ece636a0da,DBO2,2018-08-10,14:02:28,3313071.0,High,JG,42.294056,-71.226942,Dropoff,A-33.2H,7
RouteID_00ace8b4-30c6-4a20-a723-74ece636a0da,DBO2,2018-08-10,14:02:28,3313071.0,High,ZH,42.293681,-71.227318,Dropoff,A-33.2H,8
RouteID_00ace8b4-30c6-4a20-a723-74ece636a0da,DBO2,2018-08-10,14:02:28,3313071.0,High,ES,42.294568,-71.229489,Dropoff,A-33.2H,9
RouteID_00ace8b4-30c6-4a20-a723-74ece636a0da,DBO2,2018-08-10,14:02:28,3313071.0,High,SS,42.29475,-71.229255,Dropoff,A-33.2H,10
RouteID_00ace8b4-30c6-4a20-a723-74ece636a0da,DBO2,2018-08-10,14:02:28,3313071.0,High,TY,42.295702,-71.227339,Dropoff,A-33.2H,11
RouteID_00ace8b4-30c6-4a20-a723-74ece636a0da,DBO2,2018-08-10,14:02:28,3313071.0,High,VN,42.296254,-71.228889,Dropoff,A-33.3H,12
RouteID_00ace8b4-30c6-4a20-a723-74ece636a0da,DBO2,2018-08-10,14:02:28,3313071.0,High,XU,42.29526,-71.229861,Dropoff,A-33.3H,13
RouteID_00ace8b4-30c6-4a20-a723-74ece636a0da,DBO2,2018-08-10,14:02:28,3313071.0,High,NY,42.294608,-71.231287,Dropoff,A-33.3H,14
RouteID_00ace8b4-30c6-4a20-a723-74ece636a0da,DBO2,2018-08-10,14:02:28,3313071.0,High,OH,42.297623,-71.232146,Dropoff,A-33.3J,15
RouteID_00ace8b4-30c6-4a20-a723-74ece636a0da,DBO2,2018-08-10,14:02:28,3313071.0,High,EM,42.295459,-71.231376,Dropoff,A-33.3J,16
RouteID_00ace8b4-30c6-4a20-a723-74ece636a0da,DBO2,2018-08-10,14:02:28,3313071.0,High,JJ,42.29404,-71.232872,Dropoff,A-33.3J,17
RouteID_00ace8b4-30c6-4a20-a723-74ece636a0da,DBO2,2018-08-10,14:02:28,3313071.0,High,XI,42.29465,-71.233532,Dropoff,A-33.3J,18
RouteID_00ace8b4-30c6-4a20-a723-74ece636a0da,DBO2,2018-08-10,14:02:28,3313071.0,High,ML,42.294201,-71.234051,Dropoff,A-33.3J,19
RouteID_00ace8b4-30c6-4a20-a723-74ece636a0da,DBO2,2018-08-10,14:02:28,3313071.0,High,VT,42.293751,-71.233976,Dropoff,A-33.2J,20
RouteID_00ace8b4-30c6-4a20-a723-74ece636a0da,DBO2,2018-08-10,14:02:28,3313071.0,High,LZ,42.292037,-71.232676,Dropoff,A-33.2J,21
RouteID_00ace8b4-30c6-4a20-a723-74ece636a0da,DBO2,2018-08-10,14:02:28,3313071.0,High,GU,42.292071,-71.233833,Dropoff,A-33.2J,22
RouteID_00ace8b4-30c6-4a20-a723-74ece636a0da,DBO2,2018-08-10,14:02:28,3313071.0,High,AR,42.294323,-71.235283,Dropoff,A-33.2J,23
RouteID_00ace8b4-30c6-4a20-a723-74ece636a0da,DBO2,2018-08-10,14:02:28,3313071.0,High,RU,42.294482,-71.23777,Dropoff,A-33.1J,24
RouteID_00ace8b4-30c6-4a20-a723-74ece636a0da,DBO2,2018-08-10,14:02:28,3313071.0,High,KN,42.296902,-71.23751,Dropoff,A-33.1K,25
RouteID_00ace8b4-30c6-4a20-a723-74ece636a0da,DBO2,2018-08-10,14:02:28,3313071.0,High,IU,42.297351,-71.238012,Dropoff,A-33.1K,26
RouteID_00ace8b4-30c6-4a20-a723-74ece636a0da,DBO2,2018-08-10,14:02:28,3313071.0,High,XZ,42.298034,-71.240003,Dropoff,A-33.1K,27
RouteID_00ace8b4-30c6-4a20-a723-74ece636a0da,DBO2,2018-08-10,14:02:28,3313071.0,High,HX,42.298641,-71.240886,Dropoff,A-33.2K,28
RouteID_00ace8b4-30c6-4a20-a723-74ece636a0da,DBO2,2018-08-10,14:02:28,3313071.0,High,AN,42.299379,-71.241363,Dropoff,A-33.2K,29
RouteID_00ace8b4-30c6-4a20-a723-74ece636a0da,DBO2,2018-08-10,14:02:28,3313071.0,High,RC,42.300144,-71.241238,Dropoff,A-33.2K,30
RouteID_00ace8b4-30c6-4a20-a723-74ece636a0da,DBO2,2018-08-10,14:02:28,3313071.0,High,UB,42.301322,-71.242537,Dropoff,A-33.3K,31
RouteID_00ace8b4-30c6-4a20-a723-74ece636a0da,DBO2,2018-08-10,14:02:28,3313071.0,High,BU,42.300558,-71.244934,Dropoff,A-33.3K,32
RouteID_00ace8b4-30c6-4a20-a723-74ece636a0da,DBO2,2018-08-10,14:02:28,3313071.0,High,SH,42.304504,-71.24359,Dropoff,A-33.3L,33
RouteID_00ace8b4-30c6-4a20-a723-74ece636a0da,DBO2,2018-08-10,14:02:28,3313071.0,High,WM,42.305386,-71.241967,Dropoff,A-33.3L,34
RouteID_00ace8b4-30c6-4a20-a723-74ece636a0da,DBO2,2018-08-10,14:02:28,3313071.0,High,DT,42.305477,-71.243909,Dropoff,A-33.3L,35
RouteID_00ace8b4-30c6-4a20-a723-74ece636a0da,DBO2,2018-08-10,14:02:28,3313071.0,High,IF,42.305492,-71.244259,Dropoff,A-33.3L,36
RouteID_00ace8b4-30c6-4a20-a723-74ece636a0da,DBO2,2018-08-10,14:02:28,3313071.0,High,QT,42.305494,-71.244254,Dropoff,A-33.3L,37
RouteID_00ace8b4-30c6-4a20-a723-74ece636a0da,DBO2,2018-08-10,14:02:28,3313071.0,High,AQ,42.30552,-71.244855,Dropoff,A-33.3L,38
RouteID_00ace8b4-30c6-4a20-a723-74ece636a0da,DBO2,2018-08-10,14:02:28,3313071.0,High,NM,42.3053,-71.245909,Dropoff,A-33.2L,39
RouteID_00ace8b4-30c6-4a20-a723-74ece636a0da,DBO2,2018-08-10,14:02:28,3313071.0,High,IZ,42.305489,-71.247324,Dropoff,A-33.2L,40
RouteID_00ace8b4-30c6-4a20-a723-74ece636a0da,DBO2,2018-08-10,14:02:28,3313071.0,High,TU,42.303527,-71.245131,Dropoff,A-33.2L,41
RouteID_00ace8b4-30c6-4a20-a723-74ece636a0da,DBO2,2018-08-10,14:02:28,3313071.0,High,NP,42.303575,-71.248948,Dropoff,A-33.1L,42
RouteID_00ace8b4-30c6-4a20-a723-74ece636a0da,DBO2,2018-08-10,14:02:28,3313071.0,High,ZR,42.30384,-71.247984,Dropoff,A-33.1L,43
RouteID_00ace8b4-30c6-4a20-a723-74ece636a0da,DBO2,2018-08-10,14:02:28,3313071.0,High,PS,42.3031,-71.247216,Dropoff,A-33.1L,44
RouteID_00ace8b4-30c6-4a20-a723-74ece636a0da,DBO2,2018-08-10,14:02:28,3313071.0,High,GZ,42.300229,-71.246321,Dropoff,A-33.1M,45
RouteID_00ace8b4-30c6-4a20-a723-74ece636a0da,DBO2,2018-08-10,14:02:28,3313071.0,High,AE,42.298668,-71.245693,Dropoff,A-33.1M,46
RouteID_00ace8b4-30c6-4a20-a723-74ece636a0da,DBO2,2018-08-10,14:02:28,3313071.0,High,OY,42.299083,-71.245411,Dropoff,A-33.1M,47
RouteID_00ace8b4-30c6-4a20-a723-74ece636a0da,DBO2,2018-08-10,14:02:28,3313071.0,High,MW,42.29792,-71.247828,Dropoff,A-33.1M,48
RouteID_00ace8b4-30c6-4a20-a723-74ece636a0da,DBO2,2018-08-10,14:02:28,3313071.0,High,XM,42.298786,-71.247949,Dropoff,A-33.1M,49
RouteID_00ace8b4-30c6-4a20-a723-74ece636a0da,DBO2,2018-08-10,14:02:28,3313071.0,High,TC,42.296141,-71.245486,Dropoff,A-33.2M,50
RouteID_00ace8b4-30c6-4a20-a723-74ece636a0da,DBO2,2018-08-10,14:02:28,3313071.0,High,JM,42.29578,-71.246403,Dropoff,A-33.2M,51
RouteID_00ace8b4-30c6-4a20-a723-74ece636a0da,DBO2,2018-08-10,14:02:28,3313071.0,High,QW,42.291486,-71.246264,Dropoff,A-33.2M,52
RouteID_00ace8b4-30c6-4a20-a723-74ece636a0da,DBO2,2018-08-10,14:02:28,3313071.0,High,NE,42.291605,-71.24618,Dropoff,A-33.2M,53
RouteID_00ace8b4-30c6-4a20-a723-74ece636a0da,DBO2,2018-08-10,14:02:28,3313071.0,High,DK,42.286042,-71.244175,Dropoff,A-33.3S,54
RouteID_00ace8b4-30c6-4a20-a723-74ece636a0da,DBO2,2018-08-10,14:02:28,3313071.0,High,JW,42.284772,-71.244331,Dropoff,A-33.3S,55
RouteID_00ace8b4-30c6-4a20-a723-74ece636a0da,DBO2,2018-08-10,14:02:28,3313071.0,High,PQ,42.284966,-71.245925,Dropoff,A-33.3S,56
RouteID_00ace8b4-30c6-4a20-a723-74ece636a0da,DBO2,2018-08-10,14:02:28,3313071.0,High,RK,42.283863,-71.24725,Dropoff,A-33.3S,57
RouteID_00ace8b4-30c6-4a20-a723-74ece636a0da,DBO2,2018-08-10,14:02:28,3313071.0,High,WR,42.283045,-71.245144,Dropoff,A-33.3S,58
RouteID_00ace8b4-30c6-4a20-a723-74ece636a0da,DBO2,2018-08-10,14:02:28,3313071.0,High,PY,42.282145,-71.245978,Dropoff,A-33.2S,59
RouteID_00ace8b4-30c6-4a20-a723-74ece636a0da,DBO2,2018-08-10,14:02:28,3313071.0,High,YK,42.28225,-71.245304,Dropoff,A-33.2S,60
RouteID_00ace8b4-30c6-4a20-a723-74ece636a0da,DBO2,2018-08-10,14:02:28,3313071.0,High,VE,42.28353,-71.243661,Dropoff,A-33.2S,61
RouteID_00ace8b4-30c6-4a20-a723-74ece636a0da,DBO2,2018-08-10,14:02:28,3313071.0,High,NJ,42.283977,-71.243258,Dropoff,A-33.2S,62
RouteID_00ace8b4-30c6-4a20-a723-74ece636a0da,DBO2,2018-08-10,14:02:28,3313071.0,High,FK,42.284347,-71.24247,Dropoff,A-33.2S,63
RouteID_00ace8b4-30c6-4a20-a723-74ece636a0da,DBO2,2018-08-10,14:02:28,3313071.0,High,GD,42.283106,-71.242506,Dropoff,A-33.2S,64
RouteID_00ace8b4-30c6-4a20-a723-74ece636a0da,DBO2,2018-08-10,14:02:28,3313071.0,High,YH,42.282612,-71.242558,Dropoff,A-33.2S,65
RouteID_00ace8b4-30c6-4a20-a723-74ece636a0da,DBO2,2018-08-10,14:02:28,3313071.0,High,YV,42.284134,-71.238689,Dropoff,A-33.2S,66
RouteID_00ace8b4-30c6-4a20-a723-74ece636a0da,DBO2,2018-08-10,14:02:28,3313071.0,High,KM,42.28308,-71.237788,Dropoff,A-33.1S,67
RouteID_00ace8b4-30c6-4a20-a723-74ece636a0da,DBO2,2018-08-10,14:02:28,3313071.0,High,WB,42.283565,-71.237703,Dropoff,A-33.1S,68
RouteID_00ace8b4-30c6-4a20-a723-74ece636a0da,DBO2,2018-08-10,14:02:28,3313071.0,High,OR,42.28468,-71.237429,Dropoff,A-33.1S,69
RouteID_00ace8b4-30c6-4a20-a723-74ece636a0da,DBO2,2018-08-10,14:02:28,3313071.0,High,RD,42.285238,-71.237424,Dropoff,A-33.1S,70
RouteID_00ace8b4-30c6-4a20-a723-74ece636a0da,DBO2,2018-08-10,14:02:28,3313071.0,High,QP,42.281874,-71.238158,Dropoff,A-33.1S,71
RouteID_00ace8b4-30c6-4a20-a723-74ece636a0da,DBO2,2018-08-10,14:02:28,3313071.0,High,DD,42.280236,-71.238141,Dropoff,A-33.1S,72
RouteID_00ace8b4-30c6-4a20-a723-74ece636a0da,DBO2,2018-08-10,14:02:28,3313071.0,High,PO,42.279817,-71.238706,Dropoff,A-33.1S,73
RouteID_00ace8b4-30c6-4a20-a723-74ece636a0da,DBO2,2018-08-10,14:02:28,3313071.0,High,WV,42.280161,-71.241714,Dropoff,A-34.1S,74
RouteID_00ace8b4-30c6-4a20-a723-74ece636a0da,DBO2,2018-08-10,14:02:28,3313071.0,High,QQ,42.281423,-71.240834,Dropoff,A-34.1S,75
RouteID_00ace8b4-30c6-4a20-a723-74ece636a0da,DBO2,2018-08-10,14:02:28,3313071.0,High,NC,42.281904,-71.244733,Dropoff,A-34.1S,76
RouteID_00ace8b4-30c6-4a20-a723-74ece636a0da,DBO2,2018-08-10,14:02:28,3313071.0,High,LA,42.280717,-71.243817,Dropoff,A-34.1S,77
RouteID_00ace8b4-30c6-4a20-a723-74ece636a0da,DBO2,2018-08-10,14:02:28,3313071.0,High,QI,42.279715,-71.246296,Dropoff,A-34.2S,78
RouteID_00ace8b4-30c6-4a20-a723-74ece636a0da,DBO2,2018-08-10,14:02:28,3313071.0,High,SM,42.279767,-71.246918,Dropoff,A-34.2S,79
RouteID_00ace8b4-30c6-4a20-a723-74ece636a0da,DBO2,2018-08-10,14:02:28,3313071.0,High,EJ,42.278775,-71.24707,Dropoff,A-34.2S,80
RouteID_00ace8b4-30c6-4a20-a723-74ece636a0da,DBO2,2018-08-10,14:02:28,3313071.0,High,NF,42.278499,-71.245814,Dropoff,A-34.2S,81
RouteID_00ace8b4-30c6-4a20-a723-74ece636a0da,DBO2,2018-08-10,14:02:28,3313071.0,High,AF,42.278937,-71.24544,Dropoff,A-34.2S,82
RouteID_00ace8b4-30c6-4a20-a723-74ece636a0da,DBO2,2018-08-10,14:02:28,3313071.0,High,PJ,42.27993,-71.244193,Dropoff,A-34.2S,83
RouteID_00ace8b4-30c6-4a20-a723-74ece636a0da,DBO2,2018-08-10,14:02:28,3313071.0,High,NW,42.280681,-71.247597,Dropoff,A-34.2S,84
RouteID_00ace8b4-30c6-4a20-a723-74ece636a0da,DBO2,2018-08-10,14:02:28,3313071.0,High,PA,42.280602,-71.246893,Dropoff,A-34.3S,85
RouteID_00ace8b4-30c6-4a20-a723-74ece636a0da,DBO2,2018-08-10,14:02:28,3313071.0,High,GR,42.281612,-71.246153,Dropoff,A-34.3S,86
RouteID_00ace8b4-30c6-4a20-a723-74ece636a0da,DBO2,2018-08-10,14:02:28,3313071.0,High,IT,42.282092,-71.246997,Dropoff,A-34.3S,87
RouteID_00ace8b4-30c6-4a20-a723-74ece636a0da,DBO2,2018-08-10,14:02:28,3313071.0,High,HW,42.281181,-71.24892,Dropoff,A-34.3S,88
RouteID_00ace8b4-30c6-4a20-a723-74ece636a0da,DBO2,2018-08-10,14:02:28,3313071.0,High,NR,42.281507,-71.249527,Dropoff,A-34.3S,89
RouteID_00ace8b4-30c6-4a20-a723-74ece636a0da,DBO2,2018-08-10,14:02:28,3313071.0,High,WP,42.2822,-71.250609,Dropoff,A-34.3S,90
RouteID_00ace8b4-30c6-4a20-a723-74ece636a0da,DBO2,2018-08-10,14:02:28,3313071.0,High,CI,42.282372,-71.249732,Dropoff,A-34.3Q,91
RouteID_00ace8b4-30c6-4a20-a723-74ece636a0da,DBO2,2018-08-10,14:02:28,3313071.0,High,XO,42.28295,-71.249316,Dropoff,A-34.3Q,92
RouteID_00ace8b4-30c6-4a20-a723-74ece636a0da,DBO2,2018-08-10,14:02:28,3313071.0,High,VM,42.283028,-71.248031,Dropoff,A-34.3Q,93
RouteID_00ace8b4-30c6-4a20-a723-74ece636a0da,DBO2,2018-08-10,14:02:28,3313071.0,High,EP,42.283986,-71.249566,Dropoff,A-34.3Q,94
RouteID_00ace8b4-30c6-4a20-a723-74ece636a0da,DBO2,2018-08-10,14:02:28,3313071.0,High,RP,42.285708,-71.247912,Dropoff,A-34.3Q,95
RouteID_00ace8b4-30c6-4a20-a723-74ece636a0da,DBO2,2018-08-10,14:02:28,3313071.0,High,YO,42.285733,-71.24681,Dropoff,A-34.2Q,96
RouteID_00ace8b4-30c6-4a20-a723-74ece636a0da,DBO2,2018-08-10,14:02:28,3313071.0,High,MF,42.28637,-71.246568,Dropoff,A-34.2Q,97
RouteID_00ace8b4-30c6-4a20-a723-74ece636a0da,DBO2,2018-08-10,14:02:28,3313071.0,High,SA,42.286095,-71.248735,Dropoff,A-34.2Q,98
RouteID_00ace8b4-30c6-4a20-a723-74ece636a0da,DBO2,2018-08-10,14:02:28,3313071.0,High,KZ,42.285731,-71.249972,Dropoff,A-34.2Q,99
RouteID_00ace8b4-30c6-4a20-a723-74ece636a0da,DBO2,2018-08-10,14:02:28,3313071.0,High,GM,42.284457,-71.25105,Dropoff,A-34.2Q,100
RouteID_00ace8b4-30c6-4a20-a723-74ece636a0da,DBO2,2018-08-10,14:02:28,3313071.0,High,NH,42.28475,-71.252384,Dropoff,A-34.2Q,101
RouteID_00ace8b4-30c6-4a20-a723-74ece636a0da,DBO2,2018-08-10,14:02:28,3313071.0,High,CC,42.285554,-71.253828,Dropoff,A-34.2Q,102
RouteID_00ace8b4-30c6-4a20-a723-74ece636a0da,DBO2,2018-08-10,14:02:28,3313071.0,High,AH,42.286318,-71.252544,Dropoff,A-34.2Q,103
RouteID_00ace8b4-30c6-4a20-a723-74ece636a0da,DBO2,2018-08-10,14:02:28,3313071.0,High,IV,42.289001,-71.25549,Dropoff,A-34.2Q,104
RouteID_00ace8b4-30c6-4a20-a723-74ece636a0da,DBO2,2018-08-10,14:02:28,3313071.0,High,UG,42.291038,-71.254181,Dropoff,A-34.2Q,105
RouteID_00ace8b4-30c6-4a20-a723-74ece636a0da,DBO2,2018-08-10,14:02:28,3313071.0,High,HI,42.28696,-71.243858,Dropoff,A-33.1Q,106
RouteID_00ace8b4-30c6-4a20-a723-74ece636a0da,DBO2,2018-08-10,14:02:28,3313071.0,High,EH,42.287301,-71.242637,Dropoff,A-33.1Q,107
RouteID_00ace8b4-30c6-4a20-a723-74ece636a0da,DBO2,2018-08-10,14:02:28,3313071.0,High,ON,42.287428,-71.241313,Dropoff,A-33.1Q,108
RouteID_00ace8b4-30c6-4a20-a723-74ece636a0da,DBO2,2018-08-10,14:02:28,3313071.0,High,XA,42.288792,-71.24061,Dropoff,A-33.1Q,109
RouteID_00ace8b4-30c6-4a20-a723-74ece636a0da,DBO2,2018-08-10,14:02:28,3313071.0,High,UQ,42.288954,-71.240698,Dropoff,A-33.1Q,110
RouteID_00ace8b4-30c6-4a20-a723-74ece636a0da,DBO2,2018-08-10,14:02:28,3313071.0,High,CE,42.289312,-71.239917,Dropoff,A-33.1Q,111
RouteID_00ace8b4-30c6-4a20-a723-74ece636a0da,DBO2,2018-08-10,14:02:28,3313071.0,High,AV,42.289478,-71.239213,Dropoff,A-33.1Q,112
RouteID_00ace8b4-30c6-4a20-a723-74ece636a0da,DBO2,2018-08-10,14:02:28,3313071.0,High,NA,42.290391,-71.241005,Dropoff,A-33.1Q,113
RouteID_00ace8b4-30c6-4a20-a723-74ece636a0da,DBO2,2018-08-10,14:02:28,3313071.0,High,AA,42.29003,-71.242882,Dropoff,A-33.2Q,114
RouteID_00ace8b4-30c6-4a20-a723-74ece636a0da,DBO2,2018-08-10,14:02:28,3313071.0,High,CD,42.289673,-71.24276,Dropoff,A-33.2Q,115
RouteID_00ace8b4-30c6-4a20-a723-74ece636a0da,DBO2,2018-08-10,14:02:28,3313071.0,High,DR,42.290069,-71.242033,Dropoff,A-33.2Q,116
RouteID_00ace8b4-30c6-4a20-a723-74ece636a0da,DBO2,2018-08-10,14:02:28,3313071.0,High,BP,42.28886,-71.241796,Dropoff,A-33.3Q,117
RouteID_00ace8b4-30c6-4a20-a723-74ece636a0da,DBO2,2018-08-10,14:02:28,3313071.0,High,KD,42.288035,-71.241971,Dropoff,A-33.3Q,118
RouteID_00ace8b4-30c6-4a20-a723-74ece636a0da,DBO2,2018-08-10,14:02:28,3313071.0,High,VS,42.287802,-71.243817,Dropoff,A-33.3Q,119
RouteID_00ace8b4-30c6-4a20-a723-74ece636a0da,DBO2,2018-08-10,14:02:28,3313071.0,High,ZP,42.288144,-71.244703,Dropoff,A-33.3Q,120
RouteID_00ace8b4-30c6-4a20-a723-74ece636a0da,DBO2,2018-08-10,14:02:28,3313071.0,High,PB,42.290944,-71.244415,Dropoff,A-33.3M,121
RouteID_00ace8b4-30c6-4a20-a723-74ece636a0da,DBO2,2018-08-10,14:02:28,3313071.0,High,AS,42.291796,-71.243805,Dropoff,A-33.3M,122
RouteID_00ace8b4-30c6-4a20-a723-74ece636a0da,DBO2,2018-08-10,14:02:28,3313071.0,High,OE,42.291952,-71.242288,Dropoff,A-33.3M,123
RouteID_00ace8b4-30c6-4a20-a723-74ece636a0da,DBO2,2018-08-10,14:02:28,3313071.0,High,SU,42.292743,-71.245114,Dropoff,A-33.3M,124
RouteID_00ace8b4-30c6-4a20-a723-74ece636a0da,DBO2,2018-08-10,14:02:28,3313071.0,High,QF,42.293735,-71.244526,Dropoff,A-33.3M,125
RouteID_00ace8b4-30c6-4a20-a723-74ece636a0da,DBO2,2018-08-10,14:02:28,3313071.0,High,XY,42.293361,-71.240222,Dropoff,A-33.3M,126
RouteID_00ace8b4-30c6-4a20-a723-74ece636a0da,DBO2,2018-08-10,14:02:28,3313071.0,High,DQ,42.29262,-71.23996,Dropoff,A-33.3P,127
RouteID_00ace8b4-30c6-4a20-a723-74ece636a0da,DBO2,2018-08-10,14:02:28,3313071.0,High,IX,42.29228,-71.239862,Dropoff,A-33.3P,128
RouteID_00ace8b4-30c6-4a20-a723-74ece636a0da,DBO2,2018-08-10,14:02:28,3313071.0,High,SX,42.291898,-71.23975,Dropoff,A-33.3P,129
RouteID_00ace8b4-30c6-4a20-a723-74ece636a0da,DBO2,2018-08-10,14:02:28,3313071.0,High,IP,42.292726,-71.239989,Dropoff,A-33.3P,130
RouteID_00ace8b4-30c6-4a20-a723-74ece636a0da,DBO2,2018-08-10,14:02:28,3313071.0,High,UX,42.294013,-71.239746,Dropoff,A-33.2P,131
RouteID_00ace8b4-30c6-4a20-a723-74ece636a0da,DBO2,2018-08-10,14:02:28,3313071.0,High,DU,42.294196,-71.239144,Dropoff,A-33.2P,132
RouteID_00ace8b4-30c6-4a20-a723-74ece636a0da,DBO2,2018-08-10,14:02:28,3313071.0,High,KU,42.29382,-71.238838,Dropoff,A-33.2P,133
RouteID_00ace8b4-30c6-4a20-a723-74ece636a0da,DBO2,2018-08-10,14:02:28,3313071.0,High,FU,42.290745,-71.237646,Dropoff,A-33.1P,134
RouteID_00ace8b4-30c6-4a20-a723-74ece636a0da,DBO2,2018-08-10,14:02:28,3313071.0,High,CG,42.289592,-71.237907,Dropoff,A-33.1P,135
RouteID_00ace8b4-30c6-4a20-a723-74ece636a0da,DBO2,2018-08-10,14:02:28,3313071.0,High,KV,42.288701,-71.23901,Dropoff,A-33.1P,136
RouteID_00ace8b4-30c6-4a20-a723-74ece636a0da,DBO2,2018-08-10,14:02:28,3313071.0,High,BJ,42.288587,-71.238433,Dropoff,A-33.1P,137
RouteID_00ace8b4-30c6-4a20-a723-74ece636a0da,DBO2,2018-08-10,14:02:28,3313071.0,High,KH,42.291404,-71.23735,Dropoff,A-33.1P,138
RouteID_00ace8b4-30c6-4a20-a723-74ece636a0da,DBO2,2018-08-10,14:02:28,3313071.0,High,VO,42.292886,-71.236961,Dropoff,A-33.1P,139
RouteID_00ace8b4-30c6-4a20-a723-74ece636a0da,DBO2,2018-08-10,14:02:28,3313071.0,High,JU,42.295276,-71.235152,Dropoff,A-33.1E,140
RouteID_00ace8b4-30c6-4a20-a723-74ece636a0da,DBO2,2018-08-10,14:02:28,3313071.0,High,EO,42.295866,-71.234955,Dropoff,A-33.1E,141
RouteID_00ace8b4-30c6-4a20-a723-74ece636a0da,DBO2,2018-08-10,14:02:28,3313071.0,High,XE,42.296611,-71.233695,Dropoff,A-33.1E,142
RouteID_00ace8b4-30c6-4a20-a723-74ece636a0da,DBO2,2018-08-10,14:02:28,3313071.0,High,BI,42.297278,-71.233642,Dropoff,A-33.1E,143
RouteID_00ace8b4-30c6-4a20-a723-74ece636a0da,DBO2,2018-08-10,14:02:28,3313071.0,High,XR,42.297509,-71.23413,Dropoff,A-33.1E,144
RouteID_00ace8b4-30c6-4a20-a723-74ece636a0da,DBO2,2018-08-10,14:02:28,3313071.0,High,YC,42.299714,-71.230304,Dropoff,A-33.2E,145
RouteID_00ace8b4-30c6-4a20-a723-74ece636a0da,DBO2,2018-08-10,14:02:28,3313071.0,High,UM,42.300176,-71.230312,Dropoff,A-33.2E,146
RouteID_00ace8b4-30c6-4a20-a723-74ece636a0da,DBO2,2018-08-10,14:02:28,3313071.0,High,WE,42.304165,-71.226829,Dropoff,A-33.2E,147
RouteID_00ace8b4-30c6-4a20-a723-74ece636a0da,DBO2,2018-08-10,14:02:28,3313071.0,High,HF,42.300543,-71.229655,Dropoff,A-33.2E,148
RouteID_00ace8b4-30c6-4a20-a723-74ece636a0da,DBO2,2018-08-10,14:02:28,3313071.0,High,HK,42.299566,-71.22922,Dropoff,A-33.2E,149
RouteID_00ace8b4-30c6-4a20-a723-74ece636a0da,DBO2,2018-08-10,14:02:28,3313071.0,High,ID,42.298651,-71.229116,Dropoff,A-33.2E,150
RouteID_00ace8b4-30c6-4a20-a723-74ece636a0da,DBO2,2018-08-10,14:02:28,3313071.0,High,MT,42.298169,-71.229581,Dropoff,A-33.2E,151
RouteID_00ace8b4-30c6-4a20-a723-74ece636a0da,DBO2,2018-08-10,14:02:28,3313071.0,High,NU,42.297739,-71.229225,Dropoff,A-33.2E,152
RouteID_00ace8b4-30c6-4a20-a723-74ece636a0da,DBO2,2018-08-10,14:02:28,3313071.0,High,XS,42.298641,-71.230401,Dropoff,A-33.2E,153
RouteID_00ace8b4-30c6-4a20-a723-74ece636a0da,DBO2,2018-08-10,14:02:28,3313071.0,High,YE,42.297959,-71.225117,Dropoff,A-33.3E,154
RouteID_00ace8b4-30c6-4a20-a723-74ece636a0da,DBO2,2018-08-10,14:02:28,3313071.0,High,KE,42.297545,-71.225725,Dropoff,A-33.3E,155
RouteID_00ace8b4-30c6-4a20-a723-74ece636a0da,DBO2,2018-08-10,14:02:28,3313071.0,High,WQ,42.297591,-71.226182,Dropoff,A-33.3E,156
RouteID_00ace8b4-30c6-4a20-a723-74ece636a0da,DBO2,2018-08-10,14:02:28,3313071.0,High,EX,42.297757,-71.227706,Dropoff,A-33.3E,157
RouteID_00ace8b4-30c6-4a20-a723-74ece636a0da,DBO2,2018-08-10,14:02:28,3313071.0,High,FV,42.297062,-71.227711,Dropoff,A-33.3E,158
RouteID_00ace8b4-30c6-4a20-a723-74ece636a0da,DBO2,2018-08-10,14:02:28,3313071.0,High,HQ,42.297959,-71.228349,Dropoff,A-33.3E,159
RouteID_00ace8b4-30c6-4a20-a723-74ece636a0da,DBO2,2018-08-10,14:02:28,3313071.0,High,GK,42.298425,-71.226455,Dropoff,A-33.3E,160
RouteID_00ace8b4-30c6-4a20-a723-74ece636a0da,DBO2,2018-08-10,14:02:28,3313071.0,High,DY,42.300671,-71.227621,Dropoff,A-33.3G,161
RouteID_00ace8b4-30c6-4a20-a723-74ece636a0da,DBO2,2018-08-10,14:02:28,3313071.0,High,QY,42.299984,-71.228536,Dropoff,A-33.3G,162
RouteID_00ace8b4-30c6-4a20-a723-74ece636a0da,DBO2,2018-08-10,14:02:28,3313071.0,High,MA,42.299369,-71.227439,Dropoff,A-33.3G,163
RouteID_00ace8b4-30c6-4a20-a723-74ece636a0da,DBO2,2018-08-10,14:02:28,3313071.0,High,PV,42.299269,-71.226746,Dropoff,A-33.3G,164
RouteID_00ace8b4-30c6-4a20-a723-74ece636a0da,DBO2,2018-08-10,14:02:28,3313071.0,High,YQ,42.297678,-71.223002,Dropoff,A-33.3G,165
RouteID_00ace8b4-30c6-4a20-a723-74ece636a0da,DBO2,2018-08-10,14:02:28,3313071.0,High,GG,42.296085,-71.22115,Dropoff,A-33.3G,166
RouteID_00ace8b4-30c6-4a20-a723-74ece636a0da,DBO2,2018-08-10,14:02:28,3313071.0,High,VD,42.293908,-71.219174,Dropoff,A-33.2G,167
RouteID_00ace8b4-30c6-4a20-a723-74ece636a0da,DBO2,2018-08-10,14:02:28,3313071.0,High,VY,42.294972,-71.221457,Dropoff,A-33.2G,168
RouteID_00ace8b4-30c6-4a20-a723-74ece636a0da,DBO2,2018-08-10,14:02:28,3313071.0,High,RG,42.295705,-71.223126,Dropoff,A-33.2G,169
RouteID_00ace8b4-30c6-4a20-a723-74ece636a0da,DBO2,2018-08-10,14:02:28,3313071.0,High,LG,42.294955,-71.223283,Dropoff,A-33.1G,170
RouteID_00ace8b4-30c6-4a20-a723-74ece636a0da,DBO2,2018-08-10,14:02:28,3313071.0,High,WF,42.294019,-71.222574,Dropoff,A-33.1G,171
RouteID_00ace8b4-30c6-4a20-a723-74ece636a0da,DBO2,2018-08-10,14:02:28,3313071.0,High,VX,42.293267,-71.222906,Dropoff,A-33.1G,172
RouteID_00ace8b4-30c6-4a20-a723-74ece636a0da,DBO2,2018-08-10,14:02:28,3313071.0,High,VV,42.294043,-71.223617,Dropoff,A-33.1G,173
RouteID_00b8cd9c-613a-4519-b3fd-2b7174f1cff3,DLA3,2018-08-17,15:30:00,3313071.0,High,ZE,34.007369,-118.143927,Station,,0
RouteID_00b8cd9c-613a-4519-b3fd-2b7174f1cff3,DLA3,2018-08-17,15:30:00,3313071.0,High,KC,34.068402,-118.269208,Dropoff,B-10.2B,1
RouteID_00b8cd9c-613a-4519-b3fd-2b7174f1cff3,DLA3,2018-08-17,15:30:00,3313071.0,High,ZB,34.069082,-118.2676,Dropoff,B-10.2B,2
RouteID_00b8cd9c-613a-4519-b3fd-2b7174f1cff3,DLA3,2018-08-17,15:30:00,3313071.0,High,DV,34.070032,-118.267321,Dropoff,B-10.2B,3
RouteID_00b8cd9c-613a-4519-b3fd-2b7174f1cff3,DLA3,2018-08-17,15:30:00,3313071.0,High,PL,34.070551,-118.266634,Dropoff,B-10.2B,4
RouteID_00b8cd9c-613a-4519-b3fd-2b7174f1cff3,DLA3,2018-08-17,15:30:00,3313071.0,High,DP,34.070989,-118.26911,Dropoff,B-10.1B,5
RouteID_00b8cd9c-613a-4519-b3fd-2b7174f1cff3,DLA3,2018-08-17,15:30:00,3313071.0,High,NJ,34.071926,-118.268607,Dropoff,B-10.1B,6
RouteID_00b8cd9c-613a-4519-b3fd-2b7174f1cff3,DLA3,2018-08-17,15:30:00,3313071.0,High,ZS,34.07158,-118.269896,Dropoff,B-10.1B,7
RouteID_00b8cd9c-613a-4519-b3fd-2b7174f1cff3,DLA3,2018-08-17,15:30:00,3313071.0,High,QL,34.071267,-118.271075,Dropoff,B-10.1B,8
RouteID_00b8cd9c-613a-4519-b3fd-2b7174f1cff3,DLA3,2018-08-17,15:30:00,3313071.0,High,EB,34.070817,-118.269692,Dropoff,B-10.1B,9
RouteID_00b8cd9c-613a-4519-b3fd-2b7174f1cff3,DLA3,2018-08-17,15:30:00,3313071.0,High,MO,34.070011,-118.270384,Dropoff,B-10.1B,10
RouteID_00b8cd9c-613a-4519-b3fd-2b7174f1cff3,DLA3,2018-08-17,15:30:00,3313071.0,High,SQ,34.0692,-118.270278,Dropoff,B-10.1C,11
RouteID_00b8cd9c-613a-4519-b3fd-2b7174f1cff3,DLA3,2018-08-17,15:30:00,3313071.0,High,MP,34.067996,-118.270766,Dropoff,B-10.1C,12
RouteID_00b8cd9c-613a-4519-b3fd-2b7174f1cff3,DLA3,2018-08-17,15:30:00,3313071.0,High,XR,34.066868,-118.270729,Dropoff,B-10.1C,13
RouteID_00b8cd9c-613a-4519-b3fd-2b7174f1cff3,DLA3,2018-08-17,15:30:00,3313071.0,High,KF,34.067952,-118.273235,Dropoff,B-10.1C,14
RouteID_00b8cd9c-613a-4519-b3fd-2b7174f1cff3,DLA3,2018-08-17,15:30:00,3313071.0,High,MC,34.067995,-118.27333,Dropoff,B-10.1C,15
RouteID_00b8cd9c-613a-4519-b3fd-2b7174f1cff3,DLA3,2018-08-17,15:30:00,3313071.0,High,UW,34.068862,-118.273537,Dropoff,B-10.1C,16
RouteID_00b8cd9c-613a-4519-b3fd-2b7174f1cff3,DLA3,2018-08-17,15:30:00,3313071.0,High,JC,34.069364,-118.273234,Dropoff,B-10.1C,17
RouteID_00b8cd9c-613a-4519-b3fd-2b7174f1cff3,DLA3,2018-08-17,15:30:00,3313071.0,High,KM,34.070126,-118.272757,Dropoff,B-10.1C,18
RouteID_00b8cd9c-613a-4519-b3fd-2b7174f1cff3,DLA3,2018-08-17,15:30:00,3313071.0,High,UP,34.070567,-118.272479,Dropoff,B-10.1C,19
RouteID_00b8cd9c-613a-4519-b3fd-2b7174f1cff3,DLA3,2018-08-17,15:30:00,3313071.0,High,LQ,34.069615,-118.272635,Dropoff,B-10.1C,20
RouteID_00b8cd9c-613a-4519-b3fd-2b7174f1cff3,DLA3,2018-08-17,15:30:00,3313071.0,High,GR,34.068834,-118.272138,Dropoff,B-10.1C,21
RouteID_00b8cd9c-613a-4519-b3fd-2b7174f1cff3,DLA3,2018-08-17,15:30:00,3313071.0,High,GI,34.070283,-118.27122,Dropoff,B-10.1C,22
RouteID_00b8cd9c-613a-4519-b3fd-2b7174f1cff3,DLA3,2018-08-17,15:30:00,3313071.0,High,QA,34.070676,-118.270966,Dropoff,B-10.1C,23
RouteID_00b8cd9c-613a-4519-b3fd-2b7174f1cff3,DLA3,2018-08-17,15:30:00,3313071.0,High,GV,34.074253,-118.276018,Dropoff,B-10.3D,24
RouteID_00b8cd9c-613a-4519-b3fd-2b7174f1cff3,DLA3,2018-08-17,15:30:00,3313071.0,High,QU,34.074777,-118.275691,Dropoff,B-10.3D,25
RouteID_00b8cd9c-613a-4519-b3fd-2b7174f1cff3,DLA3,2018-08-17,15:30:00,3313071.0,High,HV,34.075159,-118.276814,Dropoff,B-10.3D,26
RouteID_00b8cd9c-613a-4519-b3fd-2b7174f1cff3,DLA3,2018-08-17,15:30:00,3313071.0,High,YV,34.075526,-118.277523,Dropoff,B-10.3D,27
RouteID_00b8cd9c-613a-4519-b3fd-2b7174f1cff3,DLA3,2018-08-17,15:30:00,3313071.0,High,NQ,34.073735,-118.279808,Dropoff,B-10.3D,28
RouteID_00b8cd9c-613a-4519-b3fd-2b7174f1cff3,DLA3,2018-08-17,15:30:00,3313071.0,High,YF,34.074719,-118.279918,Dropoff,B-10.3D,29
RouteID_00b8cd9c-613a-4519-b3fd-2b7174f1cff3,DLA3,2018-08-17,15:30:00,3313071.0,High,MJ,34.075321,-118.279952,Dropoff,B-10.2D,30
RouteID_00b8cd9c-613a-4519-b3fd-2b7174f1cff3,DLA3,2018-08-17,15:30:00,3313071.0,High,WM,34.075471,-118.28164,Dropoff,B-10.2D,31
RouteID_00b8cd9c-613a-4519-b3fd-2b7174f1cff3,DLA3,2018-08-17,15:30:00,3313071.0,High,TM,34.074796,-118.282661,Dropoff,B-11.1D,32
RouteID_00b8cd9c-613a-4519-b3fd-2b7174f1cff3,DLA3,2018-08-17,15:30:00,3313071.0,High,KX,34.074375,-118.282926,Dropoff,B-11.1D,33
RouteID_00b8cd9c-613a-4519-b3fd-2b7174f1cff3,DLA3,2018-08-17,15:30:00,3313071.0,High,MM,34.073621,-118.283409,Dropoff,B-11.1D,34
RouteID_00b8cd9c-613a-4519-b3fd-2b7174f1cff3,DLA3,2018-08-17,15:30:00,3313071.0,High,DL,34.074774,-118.283913,Dropoff,B-11.1D,35
RouteID_00b8cd9c-613a-4519-b3fd-2b7174f1cff3,DLA3,2018-08-17,15:30:00,3313071.0,High,WY,34.073793,-118.284381,Dropoff,B-11.1D,36
RouteID_00b8cd9c-613a-4519-b3fd-2b7174f1cff3,DLA3,2018-08-17,15:30:00,3313071.0,High,TJ,34.072701,-118.284388,Dropoff,B-11.1D,37
RouteID_00b8cd9c-613a-4519-b3fd-2b7174f1cff3,DLA3,2018-08-17,15:30:00,3313071.0,High,RE,34.072955,-118.283844,Dropoff,B-11.1D,38
RouteID_00b8cd9c-613a-4519-b3fd-2b7174f1cff3,DLA3,2018-08-17,15:30:00,3313071.0,High,OF,34.068065,-118.282007,Dropoff,B-11.3C,39
RouteID_00b8cd9c-613a-4519-b3fd-2b7174f1cff3,DLA3,2018-08-17,15:30:00,3313071.0,High,QX,34.066901,-118.282738,Dropoff,B-11.3C,40
RouteID_00b8cd9c-613a-4519-b3fd-2b7174f1cff3,DLA3,2018-08-17,15:30:00,3313071.0,High,IB,34.062599,-118.282442,Dropoff,B-11.3C,41
RouteID_00b8cd9c-613a-4519-b3fd-2b7174f1cff3,DLA3,2018-08-17,15:30:00,3313071.0,High,HN,34.064731,-118.283986,Dropoff,B-11.3C,42
RouteID_00b8cd9c-613a-4519-b3fd-2b7174f1cff3,DLA3,2018-08-17,15:30:00,3313071.0,High,HT,34.06684,-118.282601,Dropoff,B-11.3C,43
RouteID_00b8cd9c-613a-4519-b3fd-2b7174f1cff3,DLA3,2018-08-17,15:30:00,3313071.0,High,UU,34.067471,-118.280358,Dropoff,B-11.1C,44
RouteID_00b8cd9c-613a-4519-b3fd-2b7174f1cff3,DLA3,2018-08-17,15:30:00,3313071.0,High,XW,34.065696,-118.281493,Dropoff,B-11.2B,45
RouteID_00b8cd9c-613a-4519-b3fd-2b7174f1cff3,DLA3,2018-08-17,15:30:00,3313071.0,High,JM,34.066521,-118.28097,Dropoff,B-11.1B,46
RouteID_00b8cd9c-613a-4519-b3fd-2b7174f1cff3,DLA3,2018-08-17,15:30:00,3313071.0,High,HW,34.0696,-118.274431,Dropoff,B-10.2C,47
RouteID_00b8cd9c-613a-4519-b3fd-2b7174f1cff3,DLA3,2018-08-17,15:30:00,3313071.0,High,DW,34.071294,-118.273341,Dropoff,B-10.2C,48
RouteID_00b8cd9c-613a-4519-b3fd-2b7174f1cff3,DLA3,2018-08-17,15:30:00,3313071.0,High,PP,34.071792,-118.27414,Dropoff,B-10.2C,49
RouteID_00b8cd9c-613a-4519-b3fd-2b7174f1cff3,DLA3,2018-08-17,15:30:00,3313071.0,High,MU,34.073061,-118.271602,Dropoff,B-10.2C,50
RouteID_00b8cd9c-613a-4519-b3fd-2b7174f1cff3,DLA3,2018-08-17,15:30:00,3313071.0,High,OH,34.073077,-118.272908,Dropoff,B-10.2C,51
RouteID_00b8cd9c-613a-4519-b3fd-2b7174f1cff3,DLA3,2018-08-17,15:30:00,3313071.0,High,LA,34.073871,-118.272441,Dropoff,B-10.3C,52
RouteID_00b8cd9c-613a-4519-b3fd-2b7174f1cff3,DLA3,2018-08-17,15:30:00,3313071.0,High,QH,34.073419,-118.275389,Dropoff,B-10.3C,53
RouteID_00b8cd9c-613a-4519-b3fd-2b7174f1cff3,DLA3,2018-08-17,15:30:00,3313071.0,High,WA,34.071588,-118.277336,Dropoff,B-10.3C,54
RouteID_00b8cd9c-613a-4519-b3fd-2b7174f1cff3,DLA3,2018-08-17,15:30:00,3313071.0,High,PU,34.06995,-118.276529,Dropoff,B-10.3C,55
RouteID_00b8cd9c-613a-4519-b3fd-2b7174f1cff3,DLA3,2018-08-17,15:30:00,3313071.0,High,SD,34.071022,-118.278114,Dropoff,B-10.3C,56
RouteID_00b8cd9c-613a-4519-b3fd-2b7174f1cff3,DLA3,2018-08-17,15:30:00,3313071.0,High,OG,34.071921,-118.279599,Dropoff,B-10.3C,57
RouteID_00b8cd9c-613a-4519-b3fd-2b7174f1cff3,DLA3,2018-08-17,15:30:00,3313071.0,High,EG,34.072714,-118.279183,Dropoff,B-10.1D,58
RouteID_00b8cd9c-613a-4519-b3fd-2b7174f1cff3,DLA3,2018-08-17,15:30:00,3313071.0,High,GM,34.072724,-118.279894,Dropoff,B-10.1D,59
RouteID_00b8cd9c-613a-4519-b3fd-2b7174f1cff3,DLA3,2018-08-17,15:30:00,3313071.0,High,KJ,34.072986,-118.280286,Dropoff,B-10.1D,60
RouteID_00b8cd9c-613a-4519-b3fd-2b7174f1cff3,DLA3,2018-08-17,15:30:00,3313071.0,High,RY,34.072733,-118.281633,Dropoff,B-10.1D,61
RouteID_00b8cd9c-613a-4519-b3fd-2b7174f1cff3,DLA3,2018-08-17,15:30:00,3313071.0,High,ZN,34.073607,-118.281068,Dropoff,B-10.1D,62
RouteID_00b8cd9c-613a-4519-b3fd-2b7174f1cff3,DLA3,2018-08-17,15:30:00,3313071.0,High,UO,34.074205,-118.280682,Dropoff,B-10.1D,63
RouteID_00b8cd9c-613a-4519-b3fd-2b7174f1cff3,DLA3,2018-08-17,15:30:00,3313071.0,High,OE,34.073691,-118.282058,Dropoff,B-10.1D,64
RouteID_00b8cd9c-613a-4519-b3fd-2b7174f1cff3,DLA3,2018-08-17,15:30:00,3313071.0,High,ZU,34.072992,-118.282631,Dropoff,B-10.1D,65
RouteID_00b8cd9c-613a-4519-b3fd-2b7174f1cff3,DLA3,2018-08-17,15:30:00,3313071.0,High,EC,34.071785,-118.283415,Dropoff,B-11.2D,66
RouteID_00b8cd9c-613a-4519-b3fd-2b7174f1cff3,DLA3,2018-08-17,15:30:00,3313071.0,High,XP,34.070572,-118.283837,Dropoff,B-11.2D,67
RouteID_00b8cd9c-613a-4519-b3fd-2b7174f1cff3,DLA3,2018-08-17,15:30:00,3313071.0,High,PF,34.068889,-118.284065,Dropoff,B-11.2D,68
RouteID_00b8cd9c-613a-4519-b3fd-2b7174f1cff3,DLA3,2018-08-17,15:30:00,3313071.0,High,WP,34.069605,-118.283624,Dropoff,B-11.2D,69
RouteID_00b8cd9c-613a-4519-b3fd-2b7174f1cff3,DLA3,2018-08-17,15:30:00,3313071.0,High,SZ,34.070092,-118.28332,Dropoff,B-11.2D,70
RouteID_00b8cd9c-613a-4519-b3fd-2b7174f1cff3,DLA3,2018-08-17,15:30:00,3313071.0,High,XN,34.070631,-118.282977,Dropoff,B-11.2D,71
RouteID_00b8cd9c-613a-4519-b3fd-2b7174f1cff3,DLA3,2018-08-17,15:30:00,3313071.0,High,NV,34.071771,-118.282072,Dropoff,B-11.2D,72
RouteID_00b8cd9c-613a-4519-b3fd-2b7174f1cff3,DLA3,2018-08-17,15:30:00,3313071.0,High,FU,34.071232,-118.28083,Dropoff,B-11.3D,73
RouteID_00b8cd9c-613a-4519-b3fd-2b7174f1cff3,DLA3,2018-08-17,15:30:00,3313071.0,High,KN,34.070189,-118.28199,Dropoff,B-11.3D,74
RouteID_00b8cd9c-613a-4519-b3fd-2b7174f1cff3,DLA3,2018-08-17,15:30:00,3313071.0,High,YM,34.069702,-118.282385,Dropoff,B-11.3D,75
RouteID_00b8cd9c-613a-4519-b3fd-2b7174f1cff3,DLA3,2018-08-17,15:30:00,3313071.0,High,EA,34.069223,-118.282696,Dropoff,B-11.3D,76
RouteID_00b8cd9c-613a-4519-b3fd-2b7174f1cff3,DLA3,2018-08-17,15:30:00,3313071.0,High,FA,34.068838,-118.281299,Dropoff,B-11.3D,77
RouteID_00b8cd9c-613a-4519-b3fd-2b7174f1cff3,DLA3,2018-08-17,15:30:00,3313071.0,High,RM,34.069578,-118.280831,Dropoff,B-11.3D,78
RouteID_00b8cd9c-613a-4519-b3fd-2b7174f1cff3,DLA3,2018-08-17,15:30:00,3313071.0,High,BT,34.070219,-118.280436,Dropoff,B-11.3D,79
RouteID_00bea18c-ee16-4a18-a916-7a447c733a7d,DBO2,2018-08-01,13:45:00,3313071.0,Medium,BX,42.233353,-71.141617,Station,,0
RouteID_00bea18c-ee16-4a18-a916-7a447c733a7d,DBO2,2018-08-01,13:45:00,3313071.0,Medium,GL,42.234899,-71.163401,Dropoff,B-31.1A,1
RouteID_00bea18c-ee16-4a18-a916-7a447c733a7d,DBO2,2018-08-01,13:45:00,3313071.0,Medium,NI,42.236767,-71.163307,Dropoff,B-31.1A,2
RouteID_00bea18c-ee16-4a18-a916-7a447c733a7d,DBO2,2018-08-01,13:45:00,3313071.0,Medium,HT,42.260628,-71.155512,Dropoff,B-31.1H,3
RouteID_00bea18c-ee16-4a18-a916-7a447c733a7d,DBO2,2018-08-01,13:45:00,3313071.0,Medium,TJ,42.261212,-71.155585,Dropoff,B-31.1H,4
RouteID_00bea18c-ee16-4a18-a916-7a447c733a7d,DBO2,2018-08-01,13:45:00,3313071.0,Medium,EY,42.2612,-71.154292,Dropoff,B-31.1H,5
RouteID_00bea18c-ee16-4a18-a916-7a447c733a7d,DBO2,2018-08-01,13:45:00,3313071.0,Medium,UV,42.260606,-71.152699,Dropoff,B-31.1H,6
RouteID_00bea18c-ee16-4a18-a916-7a447c733a7d,DBO2,2018-08-01,13:45:00,3313071.0,Medium,AR,42.262025,-71.154362,Dropoff,B-31.1H,7
RouteID_00bea18c-ee16-4a18-a916-7a447c733a7d,DBO2,2018-08-01,13:45:00,3313071.0,Medium,CD,42.262285,-71.156164,Dropoff,B-31.1H,8
RouteID_00bea18c-ee16-4a18-a916-7a447c733a7d,DBO2,2018-08-01,13:45:00,3313071.0,Medium,VC,42.261917,-71.156321,Dropoff,B-31.1H,9
RouteID_00bea18c-ee16-4a18-a916-7a447c733a7d,DBO2,2018-08-01,13:45:00,3313071.0,Medium,HO,42.263185,-71.153221,Dropoff,B-31.1G,10
RouteID_00bea18c-ee16-4a18-a916-7a447c733a7d,DBO2,2018-08-01,13:45:00,3313071.0,Medium,JD,42.262771,-71.154054,Dropoff,B-31.1G,11
RouteID_00bea18c-ee16-4a18-a916-7a447c733a7d,DBO2,2018-08-01,13:45:00,3313071.0,Medium,YS,42.265038,-71.155896,Dropoff,B-31.2G,12
RouteID_00bea18c-ee16-4a18-a916-7a447c733a7d,DBO2,2018-08-01,13:45:00,3313071.0,Medium,ZL,42.264578,-71.157125,Dropoff,B-31.2G,13
RouteID_00bea18c-ee16-4a18-a916-7a447c733a7d,DBO2,2018-08-01,13:45:00,3313071.0,Medium,LC,42.263756,-71.154611,Dropoff,B-31.2G,14
RouteID_00bea18c-ee16-4a18-a916-7a447c733a7d,DBO2,2018-08-01,13:45:00,3313071.0,Medium,FJ,42.265994,-71.152901,Dropoff,B-31.2G,15
RouteID_00bea18c-ee16-4a18-a916-7a447c733a7d,DBO2,2018-08-01,13:45:00,3313071.0,Medium,VB,42.266712,-71.152524,Dropoff,B-31.2G,16
RouteID_00bea18c-ee16-4a18-a916-7a447c733a7d,DBO2,2018-08-01,13:45:00,3313071.0,Medium,JR,42.266526,-71.152302,Dropoff,B-31.2G,17
RouteID_00bea18c-ee16-4a18-a916-7a447c733a7d,DBO2,2018-08-01,13:45:00,3313071.0,Medium,RT,42.265269,-71.150853,Dropoff,B-31.2G,18
RouteID_00bea18c-ee16-4a18-a916-7a447c733a7d,DBO2,2018-08-01,13:45:00,3313071.0,Medium,TU,42.264842,-71.150386,Dropoff,B-31.2G,19
RouteID_00bea18c-ee16-4a18-a916-7a447c733a7d,DBO2,2018-08-01,13:45:00,3313071.0,Medium,UQ,42.264243,-71.149194,Dropoff,B-31.2G,20
RouteID_00bea18c-ee16-4a18-a916-7a447c733a7d,DBO2,2018-08-01,13:45:00,3313071.0,Medium,FL,42.263646,-71.148957,Dropoff,B-31.2G,21
RouteID_00bea18c-ee16-4a18-a916-7a447c733a7d,DBO2,2018-08-01,13:45:00,3313071.0,Medium,DY,42.263131,-71.147458,Dropoff,B-31.3G,22
RouteID_00bea18c-ee16-4a18-a916-7a447c733a7d,DBO2,2018-08-01,13:45:00,3313071.0,Medium,IB,42.264619,-71.151359,Dropoff,B-31.3G,23
RouteID_00bea18c-ee16-4a18-a916-7a447c733a7d,DBO2,2018-08-01,13:45:00,3313071.0,Medium,BA,42.264432,-71.152088,Dropoff,B-31.3G,24
RouteID_00bea18c-ee16-4a18-a916-7a447c733a7d,DBO2,2018-08-01,13:45:00,3313071.0,Medium,TX,42.263203,-71.15216,Dropoff,B-31.3G,25
RouteID_00bea18c-ee16-4a18-a916-7a447c733a7d,DBO2,2018-08-01,13:45:00,3313071.0,Medium,VG,42.261656,-71.15209,Dropoff,B-31.3G,26
RouteID_00bea18c-ee16-4a18-a916-7a447c733a7d,DBO2,2018-08-01,13:45:00,3313071.0,Medium,KH,42.262328,-71.151786,Dropoff,B-31.3G,27
RouteID_00bea18c-ee16-4a18-a916-7a447c733a7d,DBO2,2018-08-01,13:45:00,3313071.0,Medium,NL,42.261859,-71.151021,Dropoff,B-31.3G,28
RouteID_00bea18c-ee16-4a18-a916-7a447c733a7d,DBO2,2018-08-01,13:45:00,3313071.0,Medium,AG,42.261082,-71.151586,Dropoff,B-31.3G,29
RouteID_00bea18c-ee16-4a18-a916-7a447c733a7d,DBO2,2018-08-01,13:45:00,3313071.0,Medium,TF,42.260476,-71.151515,Dropoff,B-31.3G,30
RouteID_00bea18c-ee16-4a18-a916-7a447c733a7d,DBO2,2018-08-01,13:45:00,3313071.0,Medium,BH,42.260093,-71.151005,Dropoff,B-31.3G,31
RouteID_00bea18c-ee16-4a18-a916-7a447c733a7d,DBO2,2018-08-01,13:45:00,3313071.0,Medium,SU,42.259414,-71.152096,Dropoff,B-31.3G,32
RouteID_00bea18c-ee16-4a18-a916-7a447c733a7d,DBO2,2018-08-01,13:45:00,3313071.0,Medium,MY,42.258391,-71.150736,Dropoff,B-31.3E,33
RouteID_00bea18c-ee16-4a18-a916-7a447c733a7d,DBO2,2018-08-01,13:45:00,3313071.0,Medium,DQ,42.258533,-71.150957,Dropoff,B-31.3E,34
RouteID_00bea18c-ee16-4a18-a916-7a447c733a7d,DBO2,2018-08-01,13:45:00,3313071.0,Medium,PX,42.258346,-71.150688,Dropoff,B-31.3E,35
RouteID_00bea18c-ee16-4a18-a916-7a447c733a7d,DBO2,2018-08-01,13:45:00,3313071.0,Medium,NG,42.267915,-71.151213,Dropoff,B-31.2E,36
RouteID_00bea18c-ee16-4a18-a916-7a447c733a7d,DBO2,2018-08-01,13:45:00,3313071.0,Medium,ZW,42.267212,-71.151927,Dropoff,B-31.2E,37
RouteID_00bea18c-ee16-4a18-a916-7a447c733a7d,DBO2,2018-08-01,13:45:00,3313071.0,Medium,LJ,42.261108,-71.150737,Dropoff,B-31.2E,38
RouteID_00bea18c-ee16-4a18-a916-7a447c733a7d,DBO2,2018-08-01,13:45:00,3313071.0,Medium,XZ,42.259142,-71.148557,Dropoff,B-31.2E,39
RouteID_00bea18c-ee16-4a18-a916-7a447c733a7d,DBO2,2018-08-01,13:45:00,3313071.0,Medium,KL,42.259792,-71.14826,Dropoff,B-31.2E,40
RouteID_00bea18c-ee16-4a18-a916-7a447c733a7d,DBO2,2018-08-01,13:45:00,3313071.0,Medium,PD,42.25953,-71.146409,Dropoff,B-31.2E,41
RouteID_00bea18c-ee16-4a18-a916-7a447c733a7d,DBO2,2018-08-01,13:45:00,3313071.0,Medium,XQ,42.258988,-71.146411,Dropoff,B-31.2E,42
RouteID_00bea18c-ee16-4a18-a916-7a447c733a7d,DBO2,2018-08-01,13:45:00,3313071.0,Medium,YW,42.25781,-71.144331,Dropoff,B-31.1E,43
RouteID_00bea18c-ee16-4a18-a916-7a447c733a7d,DBO2,2018-08-01,13:45:00,3313071.0,Medium,DH,42.25575,-71.14552,Dropoff,B-31.1E,44
RouteID_00bea18c-ee16-4a18-a916-7a447c733a7d,DBO2,2018-08-01,13:45:00,3313071.0,Medium,NU,42.256614,-71.14643,Dropoff,B-31.1E,45
RouteID_00bea18c-ee16-4a18-a916-7a447c733a7d,DBO2,2018-08-01,13:45:00,3313071.0,Medium,EP,42.256679,-71.146747,Dropoff,B-31.1E,46
RouteID_00bea18c-ee16-4a18-a916-7a447c733a7d,DBO2,2018-08-01,13:45:00,3313071.0,Medium,XB,42.257536,-71.148223,Dropoff,B-31.1E,47
RouteID_00bea18c-ee16-4a18-a916-7a447c733a7d,DBO2,2018-08-01,13:45:00,3313071.0,Medium,EM,42.258157,-71.146648,Dropoff,B-31.1E,48
RouteID_00bea18c-ee16-4a18-a916-7a447c733a7d,DBO2,2018-08-01,13:45:00,3313071.0,Medium,JI,42.257052,-71.144238,Dropoff,B-31.1E,49
RouteID_00bea18c-ee16-4a18-a916-7a447c733a7d,DBO2,2018-08-01,13:45:00,3313071.0,Medium,RG,42.257112,-71.146139,Dropoff,B-31.1E,50
RouteID_00bea18c-ee16-4a18-a916-7a447c733a7d,DBO2,2018-08-01,13:45:00,3313071.0,Medium,PE,42.256396,-71.144292,Dropoff,B-31.1E,51
RouteID_00bea18c-ee16-4a18-a916-7a447c733a7d,DBO2,2018-08-01,13:45:00,3313071.0,Medium,XD,42.255526,-71.143926,Dropoff,B-31.1E,52
RouteID_00bea18c-ee16-4a18-a916-7a447c733a7d,DBO2,2018-08-01,13:45:00,3313071.0,Medium,DW,42.254548,-71.145404,Dropoff,B-31.1E,53
RouteID_00bea18c-ee16-4a18-a916-7a447c733a7d,DBO2,2018-08-01,13:45:00,3313071.0,Medium,VD,42.254871,-71.144727,Dropoff,B-31.1E,54
RouteID_00bea18c-ee16-4a18-a916-7a447c733a7d,DBO2,2018-08-01,13:45:00,3313071.0,Medium,OH,42.25514,-71.145003,Dropoff,B-31.1E,55
RouteID_00bea18c-ee16-4a18-a916-7a447c733a7d,DBO2,2018-08-01,13:45:00,3313071.0,Medium,EF,42.253445,-71.145163,Dropoff,B-31.1E,56
RouteID_00bea18c-ee16-4a18-a916-7a447c733a7d,DBO2,2018-08-01,13:45:00,3313071.0,Medium,CS,42.252587,-71.146411,Dropoff,B-31.1E,57
RouteID_00bea18c-ee16-4a18-a916-7a447c733a7d,DBO2,2018-08-01,13:45:00,3313071.0,Medium,IF,42.254358,-71.143242,Dropoff,B-31.1E,58
RouteID_00bea18c-ee16-4a18-a916-7a447c733a7d,DBO2,2018-08-01,13:45:00,3313071.0,Medium,PU,42.253572,-71.142268,Dropoff,B-31.1E,59
RouteID_00bea18c-ee16-4a18-a916-7a447c733a7d,DBO2,2018-08-01,13:45:00,3313071.0,Medium,EI,42.250558,-71.14415,Dropoff,B-31.1E,60
RouteID_00bea18c-ee16-4a18-a916-7a447c733a7d,DBO2,2018-08-01,13:45:00,3313071.0,Medium,RI,42.249917,-71.142641,Dropoff,B-31.1E,61
RouteID_00bea18c-ee16-4a18-a916-7a447c733a7d,DBO2,2018-08-01,13:45:00,3313071.0,Medium,NR,42.252428,-71.141531,Dropoff,B-31.1E,62
RouteID_00bea18c-ee16-4a18-a916-7a447c733a7d,DBO2,2018-08-01,13:45:00,3313071.0,Medium,RO,42.253151,-71.140769,Dropoff,B-31.1E,63
RouteID_00bea18c-ee16-4a18-a916-7a447c733a7d,DBO2,2018-08-01,13:45:00,3313071.0,Medium,TI,42.253733,-71.140887,Dropoff,B-31.1D,64
RouteID_00bea18c-ee16-4a18-a916-7a447c733a7d,DBO2,2018-08-01,13:45:00,3313071.0,Medium,TS,42.254633,-71.142528,Dropoff,B-31.1D,65
RouteID_00bea18c-ee16-4a18-a916-7a447c733a7d,DBO2,2018-08-01,13:45:00,3313071.0,Medium,AD,42.255798,-71.141154,Dropoff,B-31.1D,66
RouteID_00bea18c-ee16-4a18-a916-7a447c733a7d,DBO2,2018-08-01,13:45:00,3313071.0,Medium,KX,42.254179,-71.140424,Dropoff,B-31.1D,67
RouteID_00bea18c-ee16-4a18-a916-7a447c733a7d,DBO2,2018-08-01,13:45:00,3313071.0,Medium,SG,42.249314,-71.139811,Dropoff,B-31.1D,68
RouteID_00bea18c-ee16-4a18-a916-7a447c733a7d,DBO2,2018-08-01,13:45:00,3313071.0,Medium,HQ,42.249136,-71.141007,Dropoff,B-31.1D,69
RouteID_00bea18c-ee16-4a18-a916-7a447c733a7d,DBO2,2018-08-01,13:45:00,3313071.0,Medium,KP,42.24834,-71.138344,Dropoff,B-31.1D,70
RouteID_00bea18c-ee16-4a18-a916-7a447c733a7d,DBO2,2018-08-01,13:45:00,3313071.0,Medium,EH,42.246022,-71.131133,Dropoff,B-31.2D,71
RouteID_00bea18c-ee16-4a18-a916-7a447c733a7d,DBO2,2018-08-01,13:45:00,3313071.0,Medium,MO,42.244317,-71.133686,Dropoff,B-31.3D,72
RouteID_00bea18c-ee16-4a18-a916-7a447c733a7d,DBO2,2018-08-01,13:45:00,3313071.0,Medium,WA,42.241702,-71.132867,Dropoff,B-31.3D,73
RouteID_00bea18c-ee16-4a18-a916-7a447c733a7d,DBO2,2018-08-01,13:45:00,3313071.0,Medium,UH,42.242578,-71.13443,Dropoff,B-31.3D,74
RouteID_00bea18c-ee16-4a18-a916-7a447c733a7d,DBO2,2018-08-01,13:45:00,3313071.0,Medium,EJ,42.243702,-71.137233,Dropoff,B-31.3D,75
RouteID_00bea18c-ee16-4a18-a916-7a447c733a7d,DBO2,2018-08-01,13:45:00,3313071.0,Medium,VH,42.241911,-71.139536,Dropoff,B-31.3D,76
RouteID_00bea18c-ee16-4a18-a916-7a447c733a7d,DBO2,2018-08-01,13:45:00,3313071.0,Medium,OK,42.241835,-71.137671,Dropoff,B-31.3D,77
RouteID_00bea18c-ee16-4a18-a916-7a447c733a7d,DBO2,2018-08-01,13:45:00,3313071.0,Medium,YI,42.241665,-71.136185,Dropoff,B-31.3C,78
RouteID_00bea18c-ee16-4a18-a916-7a447c733a7d,DBO2,2018-08-01,13:45:00,3313071.0,Medium,MF,42.241211,-71.13575,Dropoff,B-31.3C,79
RouteID_00bea18c-ee16-4a18-a916-7a447c733a7d,DBO2,2018-08-01,13:45:00,3313071.0,Medium,LW,42.241601,-71.134879,Dropoff,B-31.3C,80
RouteID_00bea18c-ee16-4a18-a916-7a447c733a7d,DBO2,2018-08-01,13:45:00,3313071.0,Medium,IZ,42.241317,-71.135048,Dropoff,B-31.3C,81
RouteID_00bea18c-ee16-4a18-a916-7a447c733a7d,DBO2,2018-08-01,13:45:00,3313071.0,Medium,PL,42.24072,-71.134131,Dropoff,B-31.3C,82
RouteID_00bea18c-ee16-4a18-a916-7a447c733a7d,DBO2,2018-08-01,13:45:00,3313071.0,Medium,GZ,42.239919,-71.135871,Dropoff,B-31.3C,83
RouteID_00bea18c-ee16-4a18-a916-7a447c733a7d,DBO2,2018-08-01,13:45:00,3313071.0,Medium,OV,42.238874,-71.135855,Dropoff,B-31.3C,84
RouteID_00bea18c-ee16-4a18-a916-7a447c733a7d,DBO2,2018-08-01,13:45:00,3313071.0,Medium,DB,42.238492,-71.136568,Dropoff,B-31.3C,85
RouteID_00bea18c-ee16-4a18-a916-7a447c733a7d,DBO2,2018-08-01,13:45:00,3313071.0,Medium,HM,42.240011,-71.139219,Dropoff,B-31.3C,86
RouteID_00bea18c-ee16-4a18-a916-7a447c733a7d,DBO2,2018-08-01,13:45:00,3313071.0,Medium,NH,42.239698,-71.140178,Dropoff,B-31.3C,87
RouteID_00bea18c-ee16-4a18-a916-7a447c733a7d,DBO2,2018-08-01,13:45:00,3313071.0,Medium,QD,42.240102,-71.141411,Dropoff,B-31.3C,88
RouteID_00bea18c-ee16-4a18-a916-7a447c733a7d,DBO2,2018-08-01,13:45:00,3313071.0,Medium,SB,42.241393,-71.139465,Dropoff,B-31.3C,89
RouteID_00bea18c-ee16-4a18-a916-7a447c733a7d,DBO2,2018-08-01,13:45:00,3313071.0,Medium,XK,42.24122,-71.137775,Dropoff,B-31.3C,90
RouteID_00bea18c-ee16-4a18-a916-7a447c733a7d,DBO2,2018-08-01,13:45:00,3313071.0,Medium,TH,42.240566,-71.137846,Dropoff,B-31.2C,91
RouteID_00bea18c-ee16-4a18-a916-7a447c733a7d,DBO2,2018-08-01,13:45:00,3313071.0,Medium,QM,42.2412,-71.141679,Dropoff,B-31.2C,92
RouteID_00bea18c-ee16-4a18-a916-7a447c733a7d,DBO2,2018-08-01,13:45:00,3313071.0,Medium,WT,42.241462,-71.142471,Dropoff,B-31.2C,93
RouteID_00bea18c-ee16-4a18-a916-7a447c733a7d,DBO2,2018-08-01,13:45:00,3313071.0,Medium,DG,42.241977,-71.141826,Dropoff,B-31.2C,94
RouteID_00bea18c-ee16-4a18-a916-7a447c733a7d,DBO2,2018-08-01,13:45:00,3313071.0,Medium,XY,42.24244,-71.140963,Dropoff,B-31.2C,95
RouteID_00bea18c-ee16-4a18-a916-7a447c733a7d,DBO2,2018-08-01,13:45:00,3313071.0,Medium,HR,42.242274,-71.140288,Dropoff,B-31.2C,96
RouteID_00bea18c-ee16-4a18-a916-7a447c733a7d,DBO2,2018-08-01,13:45:00,3313071.0,Medium,RE,42.243228,-71.140758,Dropoff,B-31.2C,97
RouteID_00bea18c-ee16-4a18-a916-7a447c733a7d,DBO2,2018-08-01,13:45:00,3313071.0,Medium,LL,42.24454,-71.144778,Dropoff,B-31.2C,98
RouteID_00bea18c-ee16-4a18-a916-7a447c733a7d,DBO2,2018-08-01,13:45:00,3313071.0,Medium,YE,42.243137,-71.147847,Dropoff,B-31.2C,99
RouteID_00bea18c-ee16-4a18-a916-7a447c733a7d,DBO2,2018-08-01,13:45:00,3313071.0,Medium,TN,42.241593,-71.152793,Dropoff,B-31.1C,100
RouteID_00bea18c-ee16-4a18-a916-7a447c733a7d,DBO2,2018-08-01,13:45:00,3313071.0,Medium,DA,42.24171,-71.150588,Dropoff,B-31.1C,101
RouteID_00bea18c-ee16-4a18-a916-7a447c733a7d,DBO2,2018-08-01,13:45:00,3313071.0,Medium,DK,42.241579,-71.149571,Dropoff,B-31.1C,102
RouteID_00bea18c-ee16-4a18-a916-7a447c733a7d,DBO2,2018-08-01,13:45:00,3313071.0,Medium,BQ,42.241116,-71.148599,Dropoff,B-31.1C,103
RouteID_00bea18c-ee16-4a18-a916-7a447c733a7d,DBO2,2018-08-01,13:45:00,3313071.0,Medium,EL,42.24054,-71.150567,Dropoff,B-31.1C,104
RouteID_00bea18c-ee16-4a18-a916-7a447c733a7d,DBO2,2018-08-01,13:45:00,3313071.0,Medium,WV,42.239792,-71.149681,Dropoff,B-31.1C,105
RouteID_00bea18c-ee16-4a18-a916-7a447c733a7d,DBO2,2018-08-01,13:45:00,3313071.0,Medium,BB,42.240009,-71.149071,Dropoff,B-31.1C,106
RouteID_00bea18c-ee16-4a18-a916-7a447c733a7d,DBO2,2018-08-01,13:45:00,3313071.0,Medium,MT,42.239204,-71.152423,Dropoff,B-31.1C,107
RouteID_00bea18c-ee16-4a18-a916-7a447c733a7d,DBO2,2018-08-01,13:45:00,3313071.0,Medium,DM,42.238513,-71.150834,Dropoff,B-31.1B,108
RouteID_00bea18c-ee16-4a18-a916-7a447c733a7d,DBO2,2018-08-01,13:45:00,3313071.0,Medium,XR,42.238658,-71.149811,Dropoff,B-31.1B,109
RouteID_00bea18c-ee16-4a18-a916-7a447c733a7d,DBO2,2018-08-01,13:45:00,3313071.0,Medium,LK,42.238089,-71.148473,Dropoff,B-31.1B,110
RouteID_00bea18c-ee16-4a18-a916-7a447c733a7d,DBO2,2018-08-01,13:45:00,3313071.0,Medium,ID,42.237885,-71.146824,Dropoff,B-31.2B,111
RouteID_00bea18c-ee16-4a18-a916-7a447c733a7d,DBO2,2018-08-01,13:45:00,3313071.0,Medium,SA,42.236943,-71.146178,Dropoff,B-31.2B,112
RouteID_00bea18c-ee16-4a18-a916-7a447c733a7d,DBO2,2018-08-01,13:45:00,3313071.0,Medium,UJ,42.236253,-71.145668,Dropoff,B-31.2B,113
RouteID_00bea18c-ee16-4a18-a916-7a447c733a7d,DBO2,2018-08-01,13:45:00,3313071.0,Medium,GH,42.23612,-71.147125,Dropoff,B-31.2B,114
RouteID_00bea18c-ee16-4a18-a916-7a447c733a7d,DBO2,2018-08-01,13:45:00,3313071.0,Medium,LZ,42.236239,-71.147858,Dropoff,B-31.2B,115
RouteID_00bea18c-ee16-4a18-a916-7a447c733a7d,DBO2,2018-08-01,13:45:00,3313071.0,Medium,GX,42.23611,-71.149107,Dropoff,B-31.2B,116
RouteID_00bea18c-ee16-4a18-a916-7a447c733a7d,DBO2,2018-08-01,13:45:00,3313071.0,Medium,AO,42.236642,-71.148787,Dropoff,B-31.2B,117
RouteID_00bea18c-ee16-4a18-a916-7a447c733a7d,DBO2,2018-08-01,13:45:00,3313071.0,Medium,XF,42.23712,-71.149018,Dropoff,B-31.2B,118
RouteID_00bea18c-ee16-4a18-a916-7a447c733a7d,DBO2,2018-08-01,13:45:00,3313071.0,Medium,NE,42.237236,-71.150085,Dropoff,B-31.3B,119
RouteID_00bea18c-ee16-4a18-a916-7a447c733a7d,DBO2,2018-08-01,13:45:00,3313071.0,Medium,ZS,42.234456,-71.15282,Dropoff,B-31.3B,120
RouteID_00bea18c-ee16-4a18-a916-7a447c733a7d,DBO2,2018-08-01,13:45:00,3313071.0,Medium,TT,42.235954,-71.151934,Dropoff,B-31.3B,121
RouteID_00bea18c-ee16-4a18-a916-7a447c733a7d,DBO2,2018-08-01,13:45:00,3313071.0,Medium,AU,42.237959,-71.155313,Dropoff,B-31.3A,122
RouteID_00bea18c-ee16-4a18-a916-7a447c733a7d,DBO2,2018-08-01,13:45:00,3313071.0,Medium,HL,42.237734,-71.15626,Dropoff,B-31.3A,123
RouteID_00bea18c-ee16-4a18-a916-7a447c733a7d,DBO2,2018-08-01,13:45:00,3313071.0,Medium,JW,42.237101,-71.154646,Dropoff,B-31.3A,124
RouteID_00bea18c-ee16-4a18-a916-7a447c733a7d,DBO2,2018-08-01,13:45:00,3313071.0,Medium,TW,42.236506,-71.154302,Dropoff,B-31.3A,125
RouteID_00bea18c-ee16-4a18-a916-7a447c733a7d,DBO2,2018-08-01,13:45:00,3313071.0,Medium,ZC,42.235953,-71.155839,Dropoff,B-31.3A,126
RouteID_00bea18c-ee16-4a18-a916-7a447c733a7d,DBO2,2018-08-01,13:45:00,3313071.0,Medium,OM,42.235197,-71.155373,Dropoff,B-31.3A,127
RouteID_00bea18c-ee16-4a18-a916-7a447c733a7d,DBO2,2018-08-01,13:45:00,3313071.0,Medium,ES,42.236451,-71.156785,Dropoff,B-31.3A,128
RouteID_00bea18c-ee16-4a18-a916-7a447c733a7d,DBO2,2018-08-01,13:45:00,3313071.0,Medium,UW,42.235757,-71.158433,Dropoff,B-31.2A,129
RouteID_00bea18c-ee16-4a18-a916-7a447c733a7d,DBO2,2018-08-01,13:45:00,3313071.0,Medium,CO,42.237793,-71.158422,Dropoff,B-31.2A,130
RouteID_00bea18c-ee16-4a18-a916-7a447c733a7d,DBO2,2018-08-01,13:45:00,3313071.0,Medium,EW,42.238047,-71.157569,Dropoff,B-31.2A,131
RouteID_00bea18c-ee16-4a18-a916-7a447c733a7d,DBO2,2018-08-01,13:45:00,3313071.0,Medium,YY,42.237388,-71.159663,Dropoff,B-31.2A,132
RouteID_00bea18c-ee16-4a18-a916-7a447c733a7d,DBO2,2018-08-01,13:45:00,3313071.0,Medium,TK,42.236701,-71.161196,Dropoff,B-31.2A,133
RouteID_00bea18c-ee16-4a18-a916-7a447c733a7d,DBO2,2018-08-01,13:45:00,3313071.0,Medium,WM,42.238182,-71.16668,Dropoff,B-30.1A,134
RouteID_00bea18c-ee16-4a18-a916-7a447c733a7d,DBO2,2018-08-01,13:45:00,3313071.0,Medium,CF,42.23776,-71.167687,Dropoff,B-30.1A,135
RouteID_00bea18c-ee16-4a18-a916-7a447c733a7d,DBO2,2018-08-01,13:45:00,3313071.0,Medium,NC,42.23601,-71.167051,Dropoff,B-30.1A,136
RouteID_00bea18c-ee16-4a18-a916-7a447c733a7d,DBO2,2018-08-01,13:45:00,3313071.0,Medium,KW,42.234818,-71.167861,Dropoff,B-30.1A,137
RouteID_00bea18c-ee16-4a18-a916-7a447c733a7d,DBO2,2018-08-01,13:45:00,3313071.0,Medium,PG,42.235353,-71.168138,Dropoff,B-30.1A,138
RouteID_00bea18c-ee16-4a18-a916-7a447c733a7d,DBO2,2018-08-01,13:45:00,3313071.0,Medium,HK,42.235238,-71.153263,Dropoff,B-31.3A,139
RouteID_00bea18c-ee16-4a18-a916-7a447c733a7d,DBO2,2018-08-01,13:45:00,3313071.0,Medium,WJ,42.254481,-71.145938,Dropoff,B-31.1E,140
RouteID_00ca3fbf-8953-4fbb-9c59-96fce68e6504,DLA7,2018-08-01,15:40:06,3313071.0,High,YI,33.965477,-117.653303,Station,,0
RouteID_00ca3fbf-8953-4fbb-9c59-96fce68e6504,DLA7,2018-08-01,15:40:06,3313071.0,High,JO,34.122333,-117.525274,Dropoff,G-18.3J,1
RouteID_00ca3fbf-8953-4fbb-9c59-96fce68e6504,DLA7,2018-08-01,15:40:06,3313071.0,High,RM,34.123055,-117.523057,Dropoff,G-18.3J,2
RouteID_00ca3fbf-8953-4fbb-9c59-96fce68e6504,DLA7,2018-08-01,15:40:06,3313071.0,High,QM,34.123831,-117.523749,Dropoff,G-18.3J,3
RouteID_00ca3fbf-8953-4fbb-9c59-96fce68e6504,DLA7,2018-08-01,15:40:06,3313071.0,High,NM,34.125885,-117.52271,Dropoff,G-18.3J,4
RouteID_00ca3fbf-8953-4fbb-9c59-96fce68e6504,DLA7,2018-08-01,15:40:06,3313071.0,High,PL,34.128324,-117.520887,Dropoff,G-18.3J,5
RouteID_00ca3fbf-8953-4fbb-9c59-96fce68e6504,DLA7,2018-08-01,15:40:06,3313071.0,High,QV,34.128327,-117.521599,Dropoff,G-18.3J,6
RouteID_00ca3fbf-8953-4fbb-9c59-96fce68e6504,DLA7,2018-08-01,15:40:06,3313071.0,High,FR,34.128639,-117.523511,Dropoff,G-18.3J,7
RouteID_00ca3fbf-8953-4fbb-9c59-96fce68e6504,DLA7,2018-08-01,15:40:06,3313071.0,High,BE,34.129242,-117.523508,Dropoff,G-18.3J,8
RouteID_00ca3fbf-8953-4fbb-9c59-96fce68e6504,DLA7,2018-08-01,15:40:06,3313071.0,High,YU,34.130592,-117.523504,Dropoff,G-18.3J,9
RouteID_00ca3fbf-8953-4fbb-9c59-96fce68e6504,DLA7,2018-08-01,15:40:06,3313071.0,High,ZA,34.134914,-117.523493,Dropoff,G-18.3H,10
RouteID_00ca3fbf-8953-4fbb-9c59-96fce68e6504,DLA7,2018-08-01,15:40:06,3313071.0,High,LN,34.135091,-117.52349,Dropoff,G-18.3H,11
RouteID_00ca3fbf-8953-4fbb-9c59-96fce68e6504,DLA7,2018-08-01,15:40:06,3313071.0,High,MU,34.13213,-117.521523,Dropoff,G-18.3H,12
RouteID_00ca3fbf-8953-4fbb-9c59-96fce68e6504,DLA7,2018-08-01,15:40:06,3313071.0,High,OV,34.132129,-117.521233,Dropoff,G-18.3H,13
RouteID_00ca3fbf-8953-4fbb-9c59-96fce68e6504,DLA7,2018-08-01,15:40:06,3313071.0,High,XC,34.132124,-117.519638,Dropoff,G-18.3H,14
RouteID_00ca3fbf-8953-4fbb-9c59-96fce68e6504,DLA7,2018-08-01,15:40:06,3313071.0,High,SC,34.132123,-117.519387,Dropoff,G-18.3H,15
RouteID_00ca3fbf-8953-4fbb-9c59-96fce68e6504,DLA7,2018-08-01,15:40:06,3313071.0,High,JL,34.132026,-117.518543,Dropoff,G-18.3H,16
RouteID_00ca3fbf-8953-4fbb-9c59-96fce68e6504,DLA7,2018-08-01,15:40:06,3313071.0,High,MZ,34.130888,-117.51778,Dropoff,G-18.3H,17
RouteID_00ca3fbf-8953-4fbb-9c59-96fce68e6504,DLA7,2018-08-01,15:40:06,3313071.0,High,PA,34.135005,-117.52037,Dropoff,G-18.3H,18
RouteID_00ca3fbf-8953-4fbb-9c59-96fce68e6504,DLA7,2018-08-01,15:40:06,3313071.0,High,SD,34.135507,-117.517528,Dropoff,G-18.3H,19
RouteID_00ca3fbf-8953-4fbb-9c59-96fce68e6504,DLA7,2018-08-01,15:40:06,3313071.0,High,ZK,34.133919,-117.518485,Dropoff,G-18.3H,20
RouteID_00ca3fbf-8953-4fbb-9c59-96fce68e6504,DLA7,2018-08-01,15:40:06,3313071.0,High,TR,34.133698,-117.513811,Dropoff,G-18.2H,21
RouteID_00ca3fbf-8953-4fbb-9c59-96fce68e6504,DLA7,2018-08-01,15:40:06,3313071.0,High,KB,34.134647,-117.515449,Dropoff,G-18.2H,22
RouteID_00ca3fbf-8953-4fbb-9c59-96fce68e6504,DLA7,2018-08-01,15:40:06,3313071.0,High,BS,34.131578,-117.512779,Dropoff,G-18.2H,23
RouteID_00ca3fbf-8953-4fbb-9c59-96fce68e6504,DLA7,2018-08-01,15:40:06,3313071.0,High,YO,34.13256,-117.513813,Dropoff,G-18.2H,24
RouteID_00ca3fbf-8953-4fbb-9c59-96fce68e6504,DLA7,2018-08-01,15:40:06,3313071.0,High,EL,34.132591,-117.512965,Dropoff,G-18.2H,25
RouteID_00ca3fbf-8953-4fbb-9c59-96fce68e6504,DLA7,2018-08-01,15:40:06,3313071.0,High,KQ,34.134397,-117.509986,Dropoff,G-18.2H,26
RouteID_00ca3fbf-8953-4fbb-9c59-96fce68e6504,DLA7,2018-08-01,15:40:06,3313071.0,High,XO,34.13505,-117.509432,Dropoff,G-18.2H,27
RouteID_00ca3fbf-8953-4fbb-9c59-96fce68e6504,DLA7,2018-08-01,15:40:06,3313071.0,High,DZ,34.135048,-117.509135,Dropoff,G-18.2H,28
RouteID_00ca3fbf-8953-4fbb-9c59-96fce68e6504,DLA7,2018-08-01,15:40:06,3313071.0,High,SR,34.134192,-117.511331,Dropoff,G-18.2H,29
RouteID_00ca3fbf-8953-4fbb-9c59-96fce68e6504,DLA7,2018-08-01,15:40:06,3313071.0,High,XZ,34.135109,-117.512165,Dropoff,G-18.2H,30
RouteID_00ca3fbf-8953-4fbb-9c59-96fce68e6504,DLA7,2018-08-01,15:40:06,3313071.0,High,OH,34.133534,-117.512548,Dropoff,G-18.2H,31
RouteID_00ca3fbf-8953-4fbb-9c59-96fce68e6504,DLA7,2018-08-01,15:40:06,3313071.0,High,QG,34.133864,-117.516332,Dropoff,G-18.2H,32
RouteID_00ca3fbf-8953-4fbb-9c59-96fce68e6504,DLA7,2018-08-01,15:40:06,3313071.0,High,IH,34.132561,-117.508947,Dropoff,G-18.1H,33
RouteID_00ca3fbf-8953-4fbb-9c59-96fce68e6504,DLA7,2018-08-01,15:40:06,3313071.0,High,GH,34.132688,-117.507515,Dropoff,G-18.1H,34
RouteID_00ca3fbf-8953-4fbb-9c59-96fce68e6504,DLA7,2018-08-01,15:40:06,3313071.0,High,HU,34.13268,-117.504751,Dropoff,G-18.1H,35
RouteID_00ca3fbf-8953-4fbb-9c59-96fce68e6504,DLA7,2018-08-01,15:40:06,3313071.0,High,XH,34.133978,-117.504824,Dropoff,G-18.1H,36
RouteID_00ca3fbf-8953-4fbb-9c59-96fce68e6504,DLA7,2018-08-01,15:40:06,3313071.0,High,UR,34.134076,-117.504808,Dropoff,G-18.1H,37
RouteID_00ca3fbf-8953-4fbb-9c59-96fce68e6504,DLA7,2018-08-01,15:40:06,3313071.0,High,MR,34.133226,-117.505969,Dropoff,G-18.1H,38
RouteID_00ca3fbf-8953-4fbb-9c59-96fce68e6504,DLA7,2018-08-01,15:40:06,3313071.0,High,GZ,34.133745,-117.506995,Dropoff,G-18.1H,39
RouteID_00ca3fbf-8953-4fbb-9c59-96fce68e6504,DLA7,2018-08-01,15:40:06,3313071.0,High,UK,34.133738,-117.506208,Dropoff,G-18.1H,40
RouteID_00ca3fbf-8953-4fbb-9c59-96fce68e6504,DLA7,2018-08-01,15:40:06,3313071.0,High,CQ,34.134898,-117.506926,Dropoff,G-18.1H,41
RouteID_00ca3fbf-8953-4fbb-9c59-96fce68e6504,DLA7,2018-08-01,15:40:06,3313071.0,High,AM,34.137585,-117.515766,Dropoff,G-18.1G,42
RouteID_00ca3fbf-8953-4fbb-9c59-96fce68e6504,DLA7,2018-08-01,15:40:06,3313071.0,High,KS,34.137935,-117.51345,Dropoff,G-18.1G,43
RouteID_00ca3fbf-8953-4fbb-9c59-96fce68e6504,DLA7,2018-08-01,15:40:06,3313071.0,High,FE,34.140015,-117.514096,Dropoff,G-18.1G,44
RouteID_00ca3fbf-8953-4fbb-9c59-96fce68e6504,DLA7,2018-08-01,15:40:06,3313071.0,High,IY,34.138152,-117.508485,Dropoff,G-18.1G,45
RouteID_00ca3fbf-8953-4fbb-9c59-96fce68e6504,DLA7,2018-08-01,15:40:06,3313071.0,High,IZ,34.140199,-117.515409,Dropoff,G-18.1G,46
RouteID_00ca3fbf-8953-4fbb-9c59-96fce68e6504,DLA7,2018-08-01,15:40:06,3313071.0,High,XT,34.141109,-117.516129,Dropoff,G-18.1G,47
RouteID_00ca3fbf-8953-4fbb-9c59-96fce68e6504,DLA7,2018-08-01,15:40:06,3313071.0,High,CI,34.141883,-117.516444,Dropoff,G-18.1G,48
RouteID_00ca3fbf-8953-4fbb-9c59-96fce68e6504,DLA7,2018-08-01,15:40:06,3313071.0,High,ER,34.139878,-117.51705,Dropoff,G-18.2G,49
RouteID_00ca3fbf-8953-4fbb-9c59-96fce68e6504,DLA7,2018-08-01,15:40:06,3313071.0,High,JH,34.140076,-117.518821,Dropoff,G-18.2G,50
RouteID_00ca3fbf-8953-4fbb-9c59-96fce68e6504,DLA7,2018-08-01,15:40:06,3313071.0,High,BW,34.140111,-117.520612,Dropoff,G-18.2G,51
RouteID_00ca3fbf-8953-4fbb-9c59-96fce68e6504,DLA7,2018-08-01,15:40:06,3313071.0,High,IM,34.140737,-117.520515,Dropoff,G-18.2G,52
RouteID_00ca3fbf-8953-4fbb-9c59-96fce68e6504,DLA7,2018-08-01,15:40:06,3313071.0,High,EU,34.140414,-117.520538,Dropoff,G-18.2G,53
RouteID_00ca3fbf-8953-4fbb-9c59-96fce68e6504,DLA7,2018-08-01,15:40:06,3313071.0,High,OQ,34.140181,-117.520909,Dropoff,G-18.2G,54
RouteID_00ca3fbf-8953-4fbb-9c59-96fce68e6504,DLA7,2018-08-01,15:40:06,3313071.0,High,MA,34.142946,-117.518071,Dropoff,G-18.2G,55
RouteID_00ca3fbf-8953-4fbb-9c59-96fce68e6504,DLA7,2018-08-01,15:40:06,3313071.0,High,ZB,34.142384,-117.508974,Dropoff,G-18.3G,56
RouteID_00ca3fbf-8953-4fbb-9c59-96fce68e6504,DLA7,2018-08-01,15:40:06,3313071.0,High,PM,34.142388,-117.509302,Dropoff,G-18.3G,57
RouteID_00ca3fbf-8953-4fbb-9c59-96fce68e6504,DLA7,2018-08-01,15:40:06,3313071.0,High,KI,34.141022,-117.508794,Dropoff,G-18.3G,58
RouteID_00ca3fbf-8953-4fbb-9c59-96fce68e6504,DLA7,2018-08-01,15:40:06,3313071.0,High,OD,34.141014,-117.506554,Dropoff,G-18.3G,59
RouteID_00ca3fbf-8953-4fbb-9c59-96fce68e6504,DLA7,2018-08-01,15:40:06,3313071.0,High,HZ,34.142401,-117.506822,Dropoff,G-18.3G,60
RouteID_00ca3fbf-8953-4fbb-9c59-96fce68e6504,DLA7,2018-08-01,15:40:06,3313071.0,High,RH,34.142401,-117.507529,Dropoff,G-18.3G,61
RouteID_00ca3fbf-8953-4fbb-9c59-96fce68e6504,DLA7,2018-08-01,15:40:06,3313071.0,High,HK,34.1424,-117.506922,Dropoff,G-18.3G,62
RouteID_00ca3fbf-8953-4fbb-9c59-96fce68e6504,DLA7,2018-08-01,15:40:06,3313071.0,High,SM,34.143118,-117.500509,Dropoff,G-18.3E,63
RouteID_00ca3fbf-8953-4fbb-9c59-96fce68e6504,DLA7,2018-08-01,15:40:06,3313071.0,High,RS,34.142609,-117.501079,Dropoff,G-18.3E,64
RouteID_00ca3fbf-8953-4fbb-9c59-96fce68e6504,DLA7,2018-08-01,15:40:06,3313071.0,High,ZQ,34.14246,-117.500101,Dropoff,G-18.3E,65
RouteID_00ca3fbf-8953-4fbb-9c59-96fce68e6504,DLA7,2018-08-01,15:40:06,3313071.0,High,DB,34.142233,-117.499731,Dropoff,G-18.3E,66
RouteID_00ca3fbf-8953-4fbb-9c59-96fce68e6504,DLA7,2018-08-01,15:40:06,3313071.0,High,CB,34.142827,-117.499269,Dropoff,G-18.3E,67
RouteID_00ca3fbf-8953-4fbb-9c59-96fce68e6504,DLA7,2018-08-01,15:40:06,3313071.0,High,ZX,34.143009,-117.498341,Dropoff,G-18.3E,68
RouteID_00ca3fbf-8953-4fbb-9c59-96fce68e6504,DLA7,2018-08-01,15:40:06,3313071.0,High,NH,34.143502,-117.498735,Dropoff,G-18.3E,69
RouteID_00ca3fbf-8953-4fbb-9c59-96fce68e6504,DLA7,2018-08-01,15:40:06,3313071.0,High,DM,34.144359,-117.50078,Dropoff,G-18.2E,70
RouteID_00ca3fbf-8953-4fbb-9c59-96fce68e6504,DLA7,2018-08-01,15:40:06,3313071.0,High,LP,34.145534,-117.500123,Dropoff,G-18.2E,71
RouteID_00ca3fbf-8953-4fbb-9c59-96fce68e6504,DLA7,2018-08-01,15:40:06,3313071.0,High,XS,34.145761,-117.500441,Dropoff,G-18.2E,72
RouteID_00ca3fbf-8953-4fbb-9c59-96fce68e6504,DLA7,2018-08-01,15:40:06,3313071.0,High,AO,34.14608,-117.500855,Dropoff,G-18.2E,73
RouteID_00ca3fbf-8953-4fbb-9c59-96fce68e6504,DLA7,2018-08-01,15:40:06,3313071.0,High,JK,34.144394,-117.501983,Dropoff,G-18.2E,74
RouteID_00ca3fbf-8953-4fbb-9c59-96fce68e6504,DLA7,2018-08-01,15:40:06,3313071.0,High,VZ,34.143749,-117.502141,Dropoff,G-18.2E,75
RouteID_00ca3fbf-8953-4fbb-9c59-96fce68e6504,DLA7,2018-08-01,15:40:06,3313071.0,High,XN,34.144108,-117.503263,Dropoff,G-18.2E,76
RouteID_00ca3fbf-8953-4fbb-9c59-96fce68e6504,DLA7,2018-08-01,15:40:06,3313071.0,High,RC,34.14759,-117.502653,Dropoff,G-18.1E,77
RouteID_00ca3fbf-8953-4fbb-9c59-96fce68e6504,DLA7,2018-08-01,15:40:06,3313071.0,High,YN,34.148331,-117.502447,Dropoff,G-18.1E,78
RouteID_00ca3fbf-8953-4fbb-9c59-96fce68e6504,DLA7,2018-08-01,15:40:06,3313071.0,High,VP,34.149062,-117.502188,Dropoff,G-18.1E,79
RouteID_00ca3fbf-8953-4fbb-9c59-96fce68e6504,DLA7,2018-08-01,15:40:06,3313071.0,High,XU,34.14988,-117.498387,Dropoff,G-18.1D,80
RouteID_00ca3fbf-8953-4fbb-9c59-96fce68e6504,DLA7,2018-08-01,15:40:06,3313071.0,High,GD,34.149882,-117.49941,Dropoff,G-18.1D,81
RouteID_00ca3fbf-8953-4fbb-9c59-96fce68e6504,DLA7,2018-08-01,15:40:06,3313071.0,High,OS,34.149645,-117.500761,Dropoff,G-18.1D,82
RouteID_00ca3fbf-8953-4fbb-9c59-96fce68e6504,DLA7,2018-08-01,15:40:06,3313071.0,High,TW,34.148478,-117.49999,Dropoff,G-18.1D,83
RouteID_00ca3fbf-8953-4fbb-9c59-96fce68e6504,DLA7,2018-08-01,15:40:06,3313071.0,High,OF,34.149262,-117.497653,Dropoff,G-18.2D,84
RouteID_00ca3fbf-8953-4fbb-9c59-96fce68e6504,DLA7,2018-08-01,15:40:06,3313071.0,High,UL,34.148618,-117.49764,Dropoff,G-18.2D,85
RouteID_00ca3fbf-8953-4fbb-9c59-96fce68e6504,DLA7,2018-08-01,15:40:06,3313071.0,High,VL,34.146325,-117.498965,Dropoff,G-18.2D,86
RouteID_00ca3fbf-8953-4fbb-9c59-96fce68e6504,DLA7,2018-08-01,15:40:06,3313071.0,High,YC,34.145943,-117.498172,Dropoff,G-18.2D,87
RouteID_00ca3fbf-8953-4fbb-9c59-96fce68e6504,DLA7,2018-08-01,15:40:06,3313071.0,High,FD,34.146481,-117.497653,Dropoff,G-18.2D,88
RouteID_00ca3fbf-8953-4fbb-9c59-96fce68e6504,DLA7,2018-08-01,15:40:06,3313071.0,High,CW,34.146738,-117.497651,Dropoff,G-18.2D,89
RouteID_00ca3fbf-8953-4fbb-9c59-96fce68e6504,DLA7,2018-08-01,15:40:06,3313071.0,High,VO,34.144431,-117.496857,Dropoff,G-18.2D,90
RouteID_00ca3fbf-8953-4fbb-9c59-96fce68e6504,DLA7,2018-08-01,15:40:06,3313071.0,High,JX,34.144221,-117.496581,Dropoff,G-18.2D,91
RouteID_00ca3fbf-8953-4fbb-9c59-96fce68e6504,DLA7,2018-08-01,15:40:06,3313071.0,High,BT,34.145631,-117.495726,Dropoff,G-18.2D,92
RouteID_00ca3fbf-8953-4fbb-9c59-96fce68e6504,DLA7,2018-08-01,15:40:06,3313071.0,High,GE,34.145652,-117.496349,Dropoff,G-18.2D,93
RouteID_00ca3fbf-8953-4fbb-9c59-96fce68e6504,DLA7,2018-08-01,15:40:06,3313071.0,High,MV,34.145955,-117.496527,Dropoff,G-18.2D,94
RouteID_00ca3fbf-8953-4fbb-9c59-96fce68e6504,DLA7,2018-08-01,15:40:06,3313071.0,High,KJ,34.147185,-117.496458,Dropoff,G-18.2D,95
RouteID_00ca3fbf-8953-4fbb-9c59-96fce68e6504,DLA7,2018-08-01,15:40:06,3313071.0,High,EK,34.147811,-117.49662,Dropoff,G-18.2D,96
RouteID_00ca3fbf-8953-4fbb-9c59-96fce68e6504,DLA7,2018-08-01,15:40:06,3313071.0,High,IW,34.146537,-117.495928,Dropoff,G-18.2D,97
RouteID_00ca3fbf-8953-4fbb-9c59-96fce68e6504,DLA7,2018-08-01,15:40:06,3313071.0,High,JP,34.147821,-117.494883,Dropoff,G-18.3D,98
RouteID_00ca3fbf-8953-4fbb-9c59-96fce68e6504,DLA7,2018-08-01,15:40:06,3313071.0,High,YS,34.146496,-117.494579,Dropoff,G-18.3D,99
RouteID_00ca3fbf-8953-4fbb-9c59-96fce68e6504,DLA7,2018-08-01,15:40:06,3313071.0,High,WT,34.147164,-117.493433,Dropoff,G-18.3D,100
RouteID_00ca3fbf-8953-4fbb-9c59-96fce68e6504,DLA7,2018-08-01,15:40:06,3313071.0,High,MX,34.148498,-117.494879,Dropoff,,101
RouteID_00ca3fbf-8953-4fbb-9c59-96fce68e6504,DLA7,2018-08-01,15:40:06,3313071.0,High,WX,34.149761,-117.49654,Dropoff,G-18.3D,102
RouteID_00ca3fbf-8953-4fbb-9c59-96fce68e6504,DLA7,2018-08-01,15:40:06,3313071.0,High,LH,34.151047,-117.496148,Dropoff,G-18.3C,103
RouteID_00ca3fbf-8953-4fbb-9c59-96fce68e6504,DLA7,2018-08-01,15:40:06,3313071.0,High,HH,34.151658,-117.495861,Dropoff,G-18.3C,104
RouteID_00ca3fbf-8953-4fbb-9c59-96fce68e6504,DLA7,2018-08-01,15:40:06,3313071.0,High,SG,34.151108,-117.495102,Dropoff,G-18.3C,105
RouteID_00ca3fbf-8953-4fbb-9c59-96fce68e6504,DLA7,2018-08-01,15:40:06,3313071.0,High,GX,34.152842,-117.495935,Dropoff,G-18.3C,106
RouteID_00ca3fbf-8953-4fbb-9c59-96fce68e6504,DLA7,2018-08-01,15:40:06,3313071.0,High,WJ,34.152876,-117.495882,Dropoff,G-18.3C,107
RouteID_00ca3fbf-8953-4fbb-9c59-96fce68e6504,DLA7,2018-08-01,15:40:06,3313071.0,High,YG,34.154209,-117.496875,Dropoff,G-18.3C,108
RouteID_00ca3fbf-8953-4fbb-9c59-96fce68e6504,DLA7,2018-08-01,15:40:06,3313071.0,High,DL,34.155249,-117.49704,Dropoff,G-18.3C,109
RouteID_00ca3fbf-8953-4fbb-9c59-96fce68e6504,DLA7,2018-08-01,15:40:06,3313071.0,High,KZ,34.156402,-117.496574,Dropoff,G-18.3C,110
RouteID_00ca3fbf-8953-4fbb-9c59-96fce68e6504,DLA7,2018-08-01,15:40:06,3313071.0,High,LI,34.160464,-117.495134,Dropoff,G-18.2C,111
RouteID_00ca3fbf-8953-4fbb-9c59-96fce68e6504,DLA7,2018-08-01,15:40:06,3313071.0,High,KU,34.1603,-117.494267,Dropoff,G-18.2C,112
RouteID_00ca3fbf-8953-4fbb-9c59-96fce68e6504,DLA7,2018-08-01,15:40:06,3313071.0,High,GO,34.159152,-117.495035,Dropoff,G-18.2C,113
RouteID_00ca3fbf-8953-4fbb-9c59-96fce68e6504,DLA7,2018-08-01,15:40:06,3313071.0,High,PV,34.1606,-117.498504,Dropoff,G-18.2C,114
RouteID_00ca3fbf-8953-4fbb-9c59-96fce68e6504,DLA7,2018-08-01,15:40:06,3313071.0,High,XR,34.161543,-117.496645,Dropoff,G-18.2C,115
RouteID_00ca3fbf-8953-4fbb-9c59-96fce68e6504,DLA7,2018-08-01,15:40:06,3313071.0,High,TP,34.161517,-117.495129,Dropoff,G-18.2C,116
RouteID_00ca3fbf-8953-4fbb-9c59-96fce68e6504,DLA7,2018-08-01,15:40:06,3313071.0,High,BA,34.163018,-117.495226,Dropoff,G-18.2C,117
RouteID_00ca3fbf-8953-4fbb-9c59-96fce68e6504,DLA7,2018-08-01,15:40:06,3313071.0,High,UG,34.163515,-117.49639,Dropoff,G-18.2C,118
RouteID_00ca3fbf-8953-4fbb-9c59-96fce68e6504,DLA7,2018-08-01,15:40:06,3313071.0,High,OP,34.163247,-117.497631,Dropoff,G-18.2C,119
RouteID_00ca3fbf-8953-4fbb-9c59-96fce68e6504,DLA7,2018-08-01,15:40:06,3313071.0,High,KN,34.162482,-117.498587,Dropoff,G-18.2C,120
RouteID_00ca3fbf-8953-4fbb-9c59-96fce68e6504,DLA7,2018-08-01,15:40:06,3313071.0,High,UZ,34.161872,-117.500544,Dropoff,G-18.1C,121
RouteID_00ca3fbf-8953-4fbb-9c59-96fce68e6504,DLA7,2018-08-01,15:40:06,3313071.0,High,IP,34.163414,-117.500515,Dropoff,G-18.1C,122
RouteID_00ca3fbf-8953-4fbb-9c59-96fce68e6504,DLA7,2018-08-01,15:40:06,3313071.0,High,ON,34.15925,-117.500024,Dropoff,G-18.1C,123
RouteID_00ca3fbf-8953-4fbb-9c59-96fce68e6504,DLA7,2018-08-01,15:40:06,3313071.0,High,VH,34.159281,-117.498545,Dropoff,G-18.1C,124
RouteID_00ca3fbf-8953-4fbb-9c59-96fce68e6504,DLA7,2018-08-01,15:40:06,3313071.0,High,ST,34.161911,-117.504102,Dropoff,G-18.1C,125
RouteID_00ca3fbf-8953-4fbb-9c59-96fce68e6504,DLA7,2018-08-01,15:40:06,3313071.0,High,HW,34.162169,-117.504615,Dropoff,G-18.1C,126
RouteID_00ca3fbf-8953-4fbb-9c59-96fce68e6504,DLA7,2018-08-01,15:40:06,3313071.0,High,EA,34.162179,-117.505074,Dropoff,G-18.1B,127
RouteID_00ca3fbf-8953-4fbb-9c59-96fce68e6504,DLA7,2018-08-01,15:40:06,3313071.0,High,LY,34.162861,-117.505971,Dropoff,G-18.1B,128
RouteID_00ca3fbf-8953-4fbb-9c59-96fce68e6504,DLA7,2018-08-01,15:40:06,3313071.0,High,PP,34.163004,-117.506248,Dropoff,G-18.1B,129
RouteID_00ca3fbf-8953-4fbb-9c59-96fce68e6504,DLA7,2018-08-01,15:40:06,3313071.0,High,VV,34.163337,-117.50778,Dropoff,G-18.1B,130
RouteID_00ca3fbf-8953-4fbb-9c59-96fce68e6504,DLA7,2018-08-01,15:40:06,3313071.0,High,NA,34.163396,-117.509404,Dropoff,G-18.1B,131
RouteID_00ca3fbf-8953-4fbb-9c59-96fce68e6504,DLA7,2018-08-01,15:40:06,3313071.0,High,AS,34.162531,-117.50954,Dropoff,G-18.1B,132
RouteID_00ca3fbf-8953-4fbb-9c59-96fce68e6504,DLA7,2018-08-01,15:40:06,3313071.0,High,LG,34.160899,-117.505228,Dropoff,G-18.1B,133
RouteID_00ca3fbf-8953-4fbb-9c59-96fce68e6504,DLA7,2018-08-01,15:40:06,3313071.0,High,KC,34.160128,-117.504177,Dropoff,G-18.1B,134
RouteID_00ca3fbf-8953-4fbb-9c59-96fce68e6504,DLA7,2018-08-01,15:40:06,3313071.0,High,LV,34.160787,-117.50407,Dropoff,G-18.1B,135
RouteID_00ca3fbf-8953-4fbb-9c59-96fce68e6504,DLA7,2018-08-01,15:40:06,3313071.0,High,NQ,34.160131,-117.50286,Dropoff,G-18.1B,136
RouteID_00ca3fbf-8953-4fbb-9c59-96fce68e6504,DLA7,2018-08-01,15:40:06,3313071.0,High,EB,34.156535,-117.500784,Dropoff,G-18.2B,137
RouteID_00ca3fbf-8953-4fbb-9c59-96fce68e6504,DLA7,2018-08-01,15:40:06,3313071.0,High,AD,34.15688,-117.499774,Dropoff,G-18.2B,138
RouteID_00d421bf-f001-4fb0-923e-c343d3d369bc,DBO2,2018-08-04,13:43:34,3313071.0,High,UQ,42.233353,-71.141617,Station,,0
RouteID_00d421bf-f001-4fb0-923e-c343d3d369bc,DBO2,2018-08-04,13:43:34,3313071.0,High,WY,42.319733,-71.183414,Dropoff,A-29.2K,1
RouteID_00d421bf-f001-4fb0-923e-c343d3d369bc,DBO2,2018-08-04,13:43:34,3313071.0,High,VZ,42.320722,-71.183658,Dropoff,A-29.2K,2
RouteID_00d421bf-f001-4fb0-923e-c343d3d369bc,DBO2,2018-08-04,13:43:34,3313071.0,High,PI,42.320698,-71.183651,Dropoff,A-29.2K,3
RouteID_00d421bf-f001-4fb0-923e-c343d3d369bc,DBO2,2018-08-04,13:43:34,3313071.0,High,ZO,42.320181,-71.183491,Dropoff,A-29.2K,4
RouteID_00d421bf-f001-4fb0-923e-c343d3d369bc,DBO2,2018-08-04,13:43:34,3313071.0,High,OI,42.319496,-71.184041,Dropoff,A-29.2K,5
RouteID_00d421bf-f001-4fb0-923e-c343d3d369bc,DBO2,2018-08-04,13:43:34,3313071.0,High,NK,42.31938,-71.185275,Dropoff,A-29.2K,6
RouteID_00d421bf-f001-4fb0-923e-c343d3d369bc,DBO2,2018-08-04,13:43:34,3313071.0,High,MN,42.319697,-71.185544,Dropoff,A-29.2K,7
RouteID_00d421bf-f001-4fb0-923e-c343d3d369bc,DBO2,2018-08-04,13:43:34,3313071.0,High,DH,42.319862,-71.187323,Dropoff,A-29.3K,8
RouteID_00d421bf-f001-4fb0-923e-c343d3d369bc,DBO2,2018-08-04,13:43:34,3313071.0,High,UR,42.319404,-71.188002,Dropoff,A-29.3K,9
RouteID_00d421bf-f001-4fb0-923e-c343d3d369bc,DBO2,2018-08-04,13:43:34,3313071.0,High,QF,42.319569,-71.188649,Dropoff,A-29.3K,10
RouteID_00d421bf-f001-4fb0-923e-c343d3d369bc,DBO2,2018-08-04,13:43:34,3313071.0,High,KY,42.320146,-71.188138,Dropoff,A-29.3K,11
RouteID_00d421bf-f001-4fb0-923e-c343d3d369bc,DBO2,2018-08-04,13:43:34,3313071.0,High,HS,42.320869,-71.188236,Dropoff,A-29.3K,12
RouteID_00d421bf-f001-4fb0-923e-c343d3d369bc,DBO2,2018-08-04,13:43:34,3313071.0,High,BB,42.320642,-71.189777,Dropoff,A-29.3L,13
RouteID_00d421bf-f001-4fb0-923e-c343d3d369bc,DBO2,2018-08-04,13:43:34,3313071.0,High,EJ,42.320442,-71.190409,Dropoff,A-29.3L,14
RouteID_00d421bf-f001-4fb0-923e-c343d3d369bc,DBO2,2018-08-04,13:43:34,3313071.0,High,YQ,42.320291,-71.191446,Dropoff,A-29.3L,15
RouteID_00d421bf-f001-4fb0-923e-c343d3d369bc,DBO2,2018-08-04,13:43:34,3313071.0,High,FF,42.321566,-71.192263,Dropoff,A-29.3L,16
RouteID_00d421bf-f001-4fb0-923e-c343d3d369bc,DBO2,2018-08-04,13:43:34,3313071.0,High,ZU,42.321805,-71.192643,Dropoff,A-29.3L,17
RouteID_00d421bf-f001-4fb0-923e-c343d3d369bc,DBO2,2018-08-04,13:43:34,3313071.0,High,AA,42.320107,-71.194245,Dropoff,A-29.2L,18
RouteID_00d421bf-f001-4fb0-923e-c343d3d369bc,DBO2,2018-08-04,13:43:34,3313071.0,High,AR,42.321658,-71.195848,Dropoff,A-29.2L,19
RouteID_00d421bf-f001-4fb0-923e-c343d3d369bc,DBO2,2018-08-04,13:43:34,3313071.0,High,JH,42.321457,-71.196917,Dropoff,A-29.2L,20
RouteID_00d421bf-f001-4fb0-923e-c343d3d369bc,DBO2,2018-08-04,13:43:34,3313071.0,High,KL,42.32033,-71.197684,Dropoff,A-29.2L,21
RouteID_00d421bf-f001-4fb0-923e-c343d3d369bc,DBO2,2018-08-04,13:43:34,3313071.0,High,TC,42.31992,-71.197054,Dropoff,A-29.2L,22
RouteID_00d421bf-f001-4fb0-923e-c343d3d369bc,DBO2,2018-08-04,13:43:34,3313071.0,High,XK,42.319924,-71.200284,Dropoff,A-29.1L,23
RouteID_00d421bf-f001-4fb0-923e-c343d3d369bc,DBO2,2018-08-04,13:43:34,3313071.0,High,ZQ,42.320717,-71.200206,Dropoff,A-29.1L,24
RouteID_00d421bf-f001-4fb0-923e-c343d3d369bc,DBO2,2018-08-04,13:43:34,3313071.0,High,GE,42.322476,-71.200498,Dropoff,A-29.1L,25
RouteID_00d421bf-f001-4fb0-923e-c343d3d369bc,DBO2,2018-08-04,13:43:34,3313071.0,High,QE,42.323325,-71.202105,Dropoff,A-29.1L,26
RouteID_00d421bf-f001-4fb0-923e-c343d3d369bc,DBO2,2018-08-04,13:43:34,3313071.0,High,AL,42.324097,-71.200262,Dropoff,A-29.1L,27
RouteID_00d421bf-f001-4fb0-923e-c343d3d369bc,DBO2,2018-08-04,13:43:34,3313071.0,High,DZ,42.324663,-71.199858,Dropoff,A-29.1M,28
RouteID_00d421bf-f001-4fb0-923e-c343d3d369bc,DBO2,2018-08-04,13:43:34,3313071.0,High,OF,42.324583,-71.19809,Dropoff,A-29.1M,29
RouteID_00d421bf-f001-4fb0-923e-c343d3d369bc,DBO2,2018-08-04,13:43:34,3313071.0,High,NV,42.322724,-71.198728,Dropoff,A-29.2M,30
RouteID_00d421bf-f001-4fb0-923e-c343d3d369bc,DBO2,2018-08-04,13:43:34,3313071.0,High,SV,42.321956,-71.198474,Dropoff,A-29.2M,31
RouteID_00d421bf-f001-4fb0-923e-c343d3d369bc,DBO2,2018-08-04,13:43:34,3313071.0,High,YV,42.322163,-71.197486,Dropoff,A-29.2M,32
RouteID_00d421bf-f001-4fb0-923e-c343d3d369bc,DBO2,2018-08-04,13:43:34,3313071.0,High,IB,42.322299,-71.196761,Dropoff,A-29.2M,33
RouteID_00d421bf-f001-4fb0-923e-c343d3d369bc,DBO2,2018-08-04,13:43:34,3313071.0,High,ZL,42.323069,-71.195098,Dropoff,A-29.3M,34
RouteID_00d421bf-f001-4fb0-923e-c343d3d369bc,DBO2,2018-08-04,13:43:34,3313071.0,High,OH,42.323833,-71.195058,Dropoff,A-29.3M,35
RouteID_00d421bf-f001-4fb0-923e-c343d3d369bc,DBO2,2018-08-04,13:43:34,3313071.0,High,YN,42.32499,-71.195012,Dropoff,A-29.3M,36
RouteID_00d421bf-f001-4fb0-923e-c343d3d369bc,DBO2,2018-08-04,13:43:34,3313071.0,High,UN,42.325319,-71.195003,Dropoff,A-29.3M,37
RouteID_00d421bf-f001-4fb0-923e-c343d3d369bc,DBO2,2018-08-04,13:43:34,3313071.0,High,PN,42.323423,-71.194009,Dropoff,A-29.3P,38
RouteID_00d421bf-f001-4fb0-923e-c343d3d369bc,DBO2,2018-08-04,13:43:34,3313071.0,High,TE,42.322929,-71.194044,Dropoff,A-29.3P,39
RouteID_00d421bf-f001-4fb0-923e-c343d3d369bc,DBO2,2018-08-04,13:43:34,3313071.0,High,OB,42.322739,-71.192851,Dropoff,A-29.3P,40
RouteID_00d421bf-f001-4fb0-923e-c343d3d369bc,DBO2,2018-08-04,13:43:34,3313071.0,High,AY,42.324661,-71.193487,Dropoff,A-29.3P,41
RouteID_00d421bf-f001-4fb0-923e-c343d3d369bc,DBO2,2018-08-04,13:43:34,3313071.0,High,GB,42.322161,-71.188288,Dropoff,A-29.2P,42
RouteID_00d421bf-f001-4fb0-923e-c343d3d369bc,DBO2,2018-08-04,13:43:34,3313071.0,High,CC,42.324363,-71.190897,Dropoff,A-29.2P,43
RouteID_00d421bf-f001-4fb0-923e-c343d3d369bc,DBO2,2018-08-04,13:43:34,3313071.0,High,XJ,42.325759,-71.192659,Dropoff,A-29.2P,44
RouteID_00d421bf-f001-4fb0-923e-c343d3d369bc,DBO2,2018-08-04,13:43:34,3313071.0,High,RD,42.327187,-71.193838,Dropoff,A-29.2P,45
RouteID_00d421bf-f001-4fb0-923e-c343d3d369bc,DBO2,2018-08-04,13:43:34,3313071.0,High,CB,42.327698,-71.194146,Dropoff,A-29.1P,46
RouteID_00d421bf-f001-4fb0-923e-c343d3d369bc,DBO2,2018-08-04,13:43:34,3313071.0,High,RR,42.328263,-71.194357,Dropoff,A-29.1P,47
RouteID_00d421bf-f001-4fb0-923e-c343d3d369bc,DBO2,2018-08-04,13:43:34,3313071.0,High,SH,42.326833,-71.196355,Dropoff,A-29.1P,48
RouteID_00d421bf-f001-4fb0-923e-c343d3d369bc,DBO2,2018-08-04,13:43:34,3313071.0,High,VK,42.327544,-71.198183,Dropoff,A-29.1Q,49
RouteID_00d421bf-f001-4fb0-923e-c343d3d369bc,DBO2,2018-08-04,13:43:34,3313071.0,High,CE,42.328233,-71.19767,Dropoff,A-29.1Q,50
RouteID_00d421bf-f001-4fb0-923e-c343d3d369bc,DBO2,2018-08-04,13:43:34,3313071.0,High,JP,42.330889,-71.19808,Dropoff,A-29.2Q,51
RouteID_00d421bf-f001-4fb0-923e-c343d3d369bc,DBO2,2018-08-04,13:43:34,3313071.0,High,OY,42.331617,-71.19615,Dropoff,A-29.2Q,52
RouteID_00d421bf-f001-4fb0-923e-c343d3d369bc,DBO2,2018-08-04,13:43:34,3313071.0,High,SN,42.331559,-71.196778,Dropoff,A-29.2Q,53
RouteID_00d421bf-f001-4fb0-923e-c343d3d369bc,DBO2,2018-08-04,13:43:34,3313071.0,High,ZA,42.330959,-71.1975,Dropoff,A-29.2Q,54
RouteID_00d421bf-f001-4fb0-923e-c343d3d369bc,DBO2,2018-08-04,13:43:34,3313071.0,High,IJ,42.331038,-71.196298,Dropoff,A-29.2Q,55
RouteID_00d421bf-f001-4fb0-923e-c343d3d369bc,DBO2,2018-08-04,13:43:34,3313071.0,High,NI,42.330779,-71.190234,Dropoff,A-29.3Q,56
RouteID_00d421bf-f001-4fb0-923e-c343d3d369bc,DBO2,2018-08-04,13:43:34,3313071.0,High,EF,42.331052,-71.190906,Dropoff,A-29.3S,57
RouteID_00d421bf-f001-4fb0-923e-c343d3d369bc,DBO2,2018-08-04,13:43:34,3313071.0,High,RS,42.332549,-71.188802,Dropoff,,58
RouteID_00d421bf-f001-4fb0-923e-c343d3d369bc,DBO2,2018-08-04,13:43:34,3313071.0,High,RL,42.332565,-71.19116,Dropoff,A-29.3S,59
RouteID_00d421bf-f001-4fb0-923e-c343d3d369bc,DBO2,2018-08-04,13:43:34,3313071.0,High,HV,42.333535,-71.192876,Dropoff,A-29.3S,60
RouteID_00d421bf-f001-4fb0-923e-c343d3d369bc,DBO2,2018-08-04,13:43:34,3313071.0,High,PT,42.333238,-71.190276,Dropoff,A-29.3S,61
RouteID_00d421bf-f001-4fb0-923e-c343d3d369bc,DBO2,2018-08-04,13:43:34,3313071.0,High,XM,42.334095,-71.191472,Dropoff,A-29.3S,62
RouteID_00d421bf-f001-4fb0-923e-c343d3d369bc,DBO2,2018-08-04,13:43:34,3313071.0,High,MJ,42.33452,-71.191397,Dropoff,A-29.2S,63
RouteID_00d421bf-f001-4fb0-923e-c343d3d369bc,DBO2,2018-08-04,13:43:34,3313071.0,High,GA,42.33429,-71.190503,Dropoff,A-29.2S,64
RouteID_00d421bf-f001-4fb0-923e-c343d3d369bc,DBO2,2018-08-04,13:43:34,3313071.0,High,SX,42.333944,-71.188091,Dropoff,A-29.2S,65
RouteID_00d421bf-f001-4fb0-923e-c343d3d369bc,DBO2,2018-08-04,13:43:34,3313071.0,High,AN,42.334531,-71.187748,Dropoff,A-29.2S,66
RouteID_00d421bf-f001-4fb0-923e-c343d3d369bc,DBO2,2018-08-04,13:43:34,3313071.0,High,WF,42.336089,-71.186089,Dropoff,A-29.1S,67
RouteID_00d421bf-f001-4fb0-923e-c343d3d369bc,DBO2,2018-08-04,13:43:34,3313071.0,High,FH,42.338249,-71.184026,Dropoff,A-29.1S,68
RouteID_00d421bf-f001-4fb0-923e-c343d3d369bc,DBO2,2018-08-04,13:43:34,3313071.0,High,MF,42.337585,-71.184474,Dropoff,A-29.1S,69
RouteID_00d421bf-f001-4fb0-923e-c343d3d369bc,DBO2,2018-08-04,13:43:34,3313071.0,High,EW,42.336459,-71.188097,Dropoff,A-29.1S,70
RouteID_00d421bf-f001-4fb0-923e-c343d3d369bc,DBO2,2018-08-04,13:43:34,3313071.0,High,XO,42.336641,-71.189295,Dropoff,A-29.1S,71
RouteID_00d421bf-f001-4fb0-923e-c343d3d369bc,DBO2,2018-08-04,13:43:34,3313071.0,High,KH,42.337228,-71.186765,Dropoff,A-30.1S,72
RouteID_00d421bf-f001-4fb0-923e-c343d3d369bc,DBO2,2018-08-04,13:43:34,3313071.0,High,TM,42.337773,-71.186651,Dropoff,A-30.1S,73
RouteID_00d421bf-f001-4fb0-923e-c343d3d369bc,DBO2,2018-08-04,13:43:34,3313071.0,High,HX,42.339324,-71.186671,Dropoff,A-30.1S,74
RouteID_00d421bf-f001-4fb0-923e-c343d3d369bc,DBO2,2018-08-04,13:43:34,3313071.0,High,GV,42.337068,-71.188484,Dropoff,A-30.2S,75
RouteID_00d421bf-f001-4fb0-923e-c343d3d369bc,DBO2,2018-08-04,13:43:34,3313071.0,High,MX,42.338166,-71.189071,Dropoff,A-30.2S,76
RouteID_00d421bf-f001-4fb0-923e-c343d3d369bc,DBO2,2018-08-04,13:43:34,3313071.0,High,OL,42.338832,-71.189675,Dropoff,A-30.2S,77
RouteID_00d421bf-f001-4fb0-923e-c343d3d369bc,DBO2,2018-08-04,13:43:34,3313071.0,High,IQ,42.339362,-71.189607,Dropoff,A-30.2S,78
RouteID_00d421bf-f001-4fb0-923e-c343d3d369bc,DBO2,2018-08-04,13:43:34,3313071.0,High,OD,42.337838,-71.190292,Dropoff,A-30.2S,79
RouteID_00d421bf-f001-4fb0-923e-c343d3d369bc,DBO2,2018-08-04,13:43:34,3313071.0,High,LB,42.337261,-71.190354,Dropoff,A-30.2S,80
RouteID_00d421bf-f001-4fb0-923e-c343d3d369bc,DBO2,2018-08-04,13:43:34,3313071.0,High,NY,42.338204,-71.190721,Dropoff,A-30.2S,81
RouteID_00d421bf-f001-4fb0-923e-c343d3d369bc,DBO2,2018-08-04,13:43:34,3313071.0,High,RU,42.339505,-71.191674,Dropoff,A-30.3S,82
RouteID_00d421bf-f001-4fb0-923e-c343d3d369bc,DBO2,2018-08-04,13:43:34,3313071.0,High,QN,42.338958,-71.192893,Dropoff,A-30.3S,83
RouteID_00d421bf-f001-4fb0-923e-c343d3d369bc,DBO2,2018-08-04,13:43:34,3313071.0,High,JE,42.341266,-71.191209,Dropoff,A-30.3S,84
RouteID_00d421bf-f001-4fb0-923e-c343d3d369bc,DBO2,2018-08-04,13:43:34,3313071.0,High,MM,42.340284,-71.190217,Dropoff,A-30.3S,85
RouteID_00d421bf-f001-4fb0-923e-c343d3d369bc,DBO2,2018-08-04,13:43:34,3313071.0,High,OV,42.340158,-71.194392,Dropoff,A-30.3Q,86
RouteID_00d421bf-f001-4fb0-923e-c343d3d369bc,DBO2,2018-08-04,13:43:34,3313071.0,High,NZ,42.34066,-71.193729,Dropoff,A-30.3Q,87
RouteID_00d421bf-f001-4fb0-923e-c343d3d369bc,DBO2,2018-08-04,13:43:34,3313071.0,High,HN,42.339956,-71.19728,Dropoff,A-30.3Q,88
RouteID_00d421bf-f001-4fb0-923e-c343d3d369bc,DBO2,2018-08-04,13:43:34,3313071.0,High,BZ,42.339787,-71.19659,Dropoff,A-30.2Q,89
RouteID_00d421bf-f001-4fb0-923e-c343d3d369bc,DBO2,2018-08-04,13:43:34,3313071.0,High,IO,42.339781,-71.198495,Dropoff,A-30.2Q,90
RouteID_00d421bf-f001-4fb0-923e-c343d3d369bc,DBO2,2018-08-04,13:43:34,3313071.0,High,YE,42.339615,-71.197276,Dropoff,A-30.2Q,91
RouteID_00d421bf-f001-4fb0-923e-c343d3d369bc,DBO2,2018-08-04,13:43:34,3313071.0,High,ZW,42.339118,-71.197271,Dropoff,A-30.2Q,92
RouteID_00d421bf-f001-4fb0-923e-c343d3d369bc,DBO2,2018-08-04,13:43:34,3313071.0,High,DP,42.338623,-71.197276,Dropoff,A-30.2Q,93
RouteID_00d421bf-f001-4fb0-923e-c343d3d369bc,DBO2,2018-08-04,13:43:34,3313071.0,High,WK,42.338892,-71.19657,Dropoff,A-30.2Q,94
RouteID_00d421bf-f001-4fb0-923e-c343d3d369bc,DBO2,2018-08-04,13:43:34,3313071.0,High,ZN,42.336847,-71.193205,Dropoff,A-30.1Q,95
RouteID_00d421bf-f001-4fb0-923e-c343d3d369bc,DBO2,2018-08-04,13:43:34,3313071.0,High,BA,42.337102,-71.192358,Dropoff,A-30.1Q,96
RouteID_00d421bf-f001-4fb0-923e-c343d3d369bc,DBO2,2018-08-04,13:43:34,3313071.0,High,GL,42.337675,-71.193084,Dropoff,A-30.1Q,97
RouteID_00d421bf-f001-4fb0-923e-c343d3d369bc,DBO2,2018-08-04,13:43:34,3313071.0,High,EL,42.337353,-71.191392,Dropoff,A-30.1Q,98
RouteID_00d421bf-f001-4fb0-923e-c343d3d369bc,DBO2,2018-08-04,13:43:34,3313071.0,High,LP,42.336787,-71.191389,Dropoff,A-30.1Q,99
RouteID_00d421bf-f001-4fb0-923e-c343d3d369bc,DBO2,2018-08-04,13:43:34,3313071.0,High,ZP,42.336051,-71.194059,Dropoff,A-30.1Q,100
RouteID_00d421bf-f001-4fb0-923e-c343d3d369bc,DBO2,2018-08-04,13:43:34,3313071.0,High,LD,42.33545,-71.194998,Dropoff,A-30.1P,101
RouteID_00d421bf-f001-4fb0-923e-c343d3d369bc,DBO2,2018-08-04,13:43:34,3313071.0,High,II,42.334646,-71.194279,Dropoff,A-30.1P,102
RouteID_00d421bf-f001-4fb0-923e-c343d3d369bc,DBO2,2018-08-04,13:43:34,3313071.0,High,KQ,42.334575,-71.194886,Dropoff,A-30.1P,103
RouteID_00d421bf-f001-4fb0-923e-c343d3d369bc,DBO2,2018-08-04,13:43:34,3313071.0,High,DK,42.333599,-71.194701,Dropoff,A-30.1P,104
RouteID_00d421bf-f001-4fb0-923e-c343d3d369bc,DBO2,2018-08-04,13:43:34,3313071.0,High,KD,42.333638,-71.194209,Dropoff,A-30.1P,105
RouteID_00d421bf-f001-4fb0-923e-c343d3d369bc,DBO2,2018-08-04,13:43:34,3313071.0,High,GT,42.334409,-71.192511,Dropoff,A-30.1P,106
RouteID_00d421bf-f001-4fb0-923e-c343d3d369bc,DBO2,2018-08-04,13:43:34,3313071.0,High,VI,42.335271,-71.193363,Dropoff,A-30.1P,107
RouteID_00d421bf-f001-4fb0-923e-c343d3d369bc,DBO2,2018-08-04,13:43:34,3313071.0,High,KI,42.33576,-71.194223,Dropoff,A-30.1P,108
RouteID_00d421bf-f001-4fb0-923e-c343d3d369bc,DBO2,2018-08-04,13:43:34,3313071.0,High,ZB,42.33874,-71.198749,Dropoff,A-30.2P,109
RouteID_00d421bf-f001-4fb0-923e-c343d3d369bc,DBO2,2018-08-04,13:43:34,3313071.0,High,FN,42.336707,-71.198659,Dropoff,A-30.2P,110
RouteID_00d421bf-f001-4fb0-923e-c343d3d369bc,DBO2,2018-08-04,13:43:34,3313071.0,High,EP,42.336691,-71.198132,Dropoff,A-30.2P,111
RouteID_00d421bf-f001-4fb0-923e-c343d3d369bc,DBO2,2018-08-04,13:43:34,3313071.0,High,QH,42.335633,-71.196851,Dropoff,A-30.2P,112
RouteID_00d421bf-f001-4fb0-923e-c343d3d369bc,DBO2,2018-08-04,13:43:34,3313071.0,High,WE,42.334928,-71.201343,Dropoff,A-30.3P,113
RouteID_00d421bf-f001-4fb0-923e-c343d3d369bc,DBO2,2018-08-04,13:43:34,3313071.0,High,FD,42.334513,-71.2017,Dropoff,A-30.3P,114
RouteID_00d421bf-f001-4fb0-923e-c343d3d369bc,DBO2,2018-08-04,13:43:34,3313071.0,High,TN,42.335756,-71.201219,Dropoff,A-30.3P,115
RouteID_00d421bf-f001-4fb0-923e-c343d3d369bc,DBO2,2018-08-04,13:43:34,3313071.0,High,XH,42.339224,-71.198749,Dropoff,A-30.3M,116
RouteID_00d421bf-f001-4fb0-923e-c343d3d369bc,DBO2,2018-08-04,13:43:34,3313071.0,High,IH,42.340205,-71.198798,Dropoff,A-30.3M,117
RouteID_00d421bf-f001-4fb0-923e-c343d3d369bc,DBO2,2018-08-04,13:43:34,3313071.0,High,JC,42.339719,-71.199822,Dropoff,A-30.3M,118
RouteID_00d421bf-f001-4fb0-923e-c343d3d369bc,DBO2,2018-08-04,13:43:34,3313071.0,High,XS,42.33971,-71.200745,Dropoff,A-30.3M,119
RouteID_00d421bf-f001-4fb0-923e-c343d3d369bc,DBO2,2018-08-04,13:43:34,3313071.0,High,NQ,42.340902,-71.201582,Dropoff,A-30.3M,120
RouteID_00d421bf-f001-4fb0-923e-c343d3d369bc,DBO2,2018-08-04,13:43:34,3313071.0,High,CM,42.340475,-71.201696,Dropoff,A-30.3M,121
RouteID_00d421bf-f001-4fb0-923e-c343d3d369bc,DBO2,2018-08-04,13:43:34,3313071.0,High,DS,42.33998,-71.201556,Dropoff,A-30.3M,122
RouteID_00d421bf-f001-4fb0-923e-c343d3d369bc,DBO2,2018-08-04,13:43:34,3313071.0,High,MY,42.340001,-71.202674,Dropoff,A-30.3M,123
RouteID_00d421bf-f001-4fb0-923e-c343d3d369bc,DBO2,2018-08-04,13:43:34,3313071.0,High,PW,42.339321,-71.202121,Dropoff,A-30.3M,124
RouteID_00d421bf-f001-4fb0-923e-c343d3d369bc,DBO2,2018-08-04,13:43:34,3313071.0,High,YS,42.338656,-71.20217,Dropoff,A-30.2M,125
RouteID_00d421bf-f001-4fb0-923e-c343d3d369bc,DBO2,2018-08-04,13:43:34,3313071.0,High,OG,42.337423,-71.204177,Dropoff,A-30.2M,126
RouteID_00d421bf-f001-4fb0-923e-c343d3d369bc,DBO2,2018-08-04,13:43:34,3313071.0,High,GU,42.337364,-71.204549,Dropoff,A-30.2M,127
RouteID_00d421bf-f001-4fb0-923e-c343d3d369bc,DBO2,2018-08-04,13:43:34,3313071.0,High,XN,42.336518,-71.204702,Dropoff,A-30.2M,128
RouteID_00d421bf-f001-4fb0-923e-c343d3d369bc,DBO2,2018-08-04,13:43:34,3313071.0,High,PZ,42.336508,-71.206077,Dropoff,A-30.2M,129
RouteID_00d421bf-f001-4fb0-923e-c343d3d369bc,DBO2,2018-08-04,13:43:34,3313071.0,High,SP,42.336542,-71.203367,Dropoff,A-30.2M,130
RouteID_00d421bf-f001-4fb0-923e-c343d3d369bc,DBO2,2018-08-04,13:43:34,3313071.0,High,EA,42.339167,-71.204251,Dropoff,A-30.2M,131
RouteID_00d421bf-f001-4fb0-923e-c343d3d369bc,DBO2,2018-08-04,13:43:34,3313071.0,High,LY,42.338723,-71.205308,Dropoff,A-30.2M,132
RouteID_00d421bf-f001-4fb0-923e-c343d3d369bc,DBO2,2018-08-04,13:43:34,3313071.0,High,GD,42.337873,-71.206925,Dropoff,A-30.1M,133
RouteID_00d421bf-f001-4fb0-923e-c343d3d369bc,DBO2,2018-08-04,13:43:34,3313071.0,High,KV,42.338133,-71.206919,Dropoff,,134
RouteID_00d421bf-f001-4fb0-923e-c343d3d369bc,DBO2,2018-08-04,13:43:34,3313071.0,High,RE,42.338097,-71.210524,Dropoff,A-30.1M,135
RouteID_00d421bf-f001-4fb0-923e-c343d3d369bc,DBO2,2018-08-04,13:43:34,3313071.0,High,AE,42.337073,-71.215668,Dropoff,A-30.1M,136
RouteID_00d421bf-f001-4fb0-923e-c343d3d369bc,DBO2,2018-08-04,13:43:34,3313071.0,High,LL,42.337012,-71.21722,Dropoff,A-30.1M,137
RouteID_00d421bf-f001-4fb0-923e-c343d3d369bc,DBO2,2018-08-04,13:43:34,3313071.0,High,CR,42.336204,-71.21238,Dropoff,A-30.1M,138
RouteID_00d421bf-f001-4fb0-923e-c343d3d369bc,DBO2,2018-08-04,13:43:34,3313071.0,High,JV,42.335591,-71.212515,Dropoff,A-30.1M,139
RouteID_00d421bf-f001-4fb0-923e-c343d3d369bc,DBO2,2018-08-04,13:43:34,3313071.0,High,FA,42.335355,-71.211663,Dropoff,A-30.1M,140
RouteID_00d421bf-f001-4fb0-923e-c343d3d369bc,DBO2,2018-08-04,13:43:34,3313071.0,High,BL,42.336322,-71.211158,Dropoff,A-30.1M,141
RouteID_00d421bf-f001-4fb0-923e-c343d3d369bc,DBO2,2018-08-04,13:43:34,3313071.0,High,BM,42.336491,-71.211075,Dropoff,A-30.1M,142
RouteID_00d421bf-f001-4fb0-923e-c343d3d369bc,DBO2,2018-08-04,13:43:34,3313071.0,High,ND,42.3375,-71.211059,Dropoff,A-30.1M,143
RouteID_00d421bf-f001-4fb0-923e-c343d3d369bc,DBO2,2018-08-04,13:43:34,3313071.0,High,RK,42.336003,-71.206591,Dropoff,A-30.1L,144
RouteID_00d421bf-f001-4fb0-923e-c343d3d369bc,DBO2,2018-08-04,13:43:34,3313071.0,High,BF,42.335475,-71.203768,Dropoff,A-30.1L,145
RouteID_00d421bf-f001-4fb0-923e-c343d3d369bc,DBO2,2018-08-04,13:43:34,3313071.0,High,HW,42.333765,-71.205454,Dropoff,A-30.1L,146
RouteID_00d421bf-f001-4fb0-923e-c343d3d369bc,DBO2,2018-08-04,13:43:34,3313071.0,High,MZ,42.333015,-71.20557,Dropoff,A-30.1L,147
RouteID_00d421bf-f001-4fb0-923e-c343d3d369bc,DBO2,2018-08-04,13:43:34,3313071.0,High,NC,42.332682,-71.205611,Dropoff,A-30.1L,148
RouteID_00d421bf-f001-4fb0-923e-c343d3d369bc,DBO2,2018-08-04,13:43:34,3313071.0,High,DX,42.333274,-71.206712,Dropoff,A-30.2L,149
RouteID_00d421bf-f001-4fb0-923e-c343d3d369bc,DBO2,2018-08-04,13:43:34,3313071.0,High,TA,42.335,-71.207298,Dropoff,A-30.2L,150
RouteID_00d421bf-f001-4fb0-923e-c343d3d369bc,DBO2,2018-08-04,13:43:34,3313071.0,High,TP,42.333154,-71.207752,Dropoff,A-30.2L,151
RouteID_00d421bf-f001-4fb0-923e-c343d3d369bc,DBO2,2018-08-04,13:43:34,3313071.0,High,SC,42.329497,-71.206622,Dropoff,A-30.2L,152
RouteID_00d421bf-f001-4fb0-923e-c343d3d369bc,DBO2,2018-08-04,13:43:34,3313071.0,High,TU,42.32829,-71.206246,Dropoff,A-30.2L,153
RouteID_00d421bf-f001-4fb0-923e-c343d3d369bc,DBO2,2018-08-04,13:43:34,3313071.0,High,MD,42.330102,-71.207417,Dropoff,A-30.2L,154
RouteID_00d421bf-f001-4fb0-923e-c343d3d369bc,DBO2,2018-08-04,13:43:34,3313071.0,High,QP,42.329935,-71.207832,Dropoff,A-30.2L,155
RouteID_00d421bf-f001-4fb0-923e-c343d3d369bc,DBO2,2018-08-04,13:43:34,3313071.0,High,TB,42.330926,-71.2085,Dropoff,A-30.3L,156
RouteID_00d421bf-f001-4fb0-923e-c343d3d369bc,DBO2,2018-08-04,13:43:34,3313071.0,High,HL,42.329732,-71.209943,Dropoff,A-30.3L,157
RouteID_00d421bf-f001-4fb0-923e-c343d3d369bc,DBO2,2018-08-04,13:43:34,3313071.0,High,ZI,42.331065,-71.214083,Dropoff,A-30.3L,158
RouteID_00e4885d-4563-4790-bace-6c9e4261ce2a,DLA4,2018-07-21,13:58:17,3313071.0,High,ZG,34.23485,-118.58421,Station,,0
RouteID_00e4885d-4563-4790-bace-6c9e4261ce2a,DLA4,2018-07-21,13:58:17,3313071.0,High,ZD,34.147656,-118.421255,Dropoff,J-5.3C,1
RouteID_00e4885d-4563-4790-bace-6c9e4261ce2a,DLA4,2018-07-21,13:58:17,3313071.0,High,GV,34.147031,-118.421263,Dropoff,J-5.3C,2
RouteID_00e4885d-4563-4790-bace-6c9e4261ce2a,DLA4,2018-07-21,13:58:17,3313071.0,High,JM,34.145244,-118.421265,Dropoff,J-5.3C,3
RouteID_00e4885d-4563-4790-bace-6c9e4261ce2a,DLA4,2018-07-21,13:58:17,3313071.0,High,ZP,34.143651,-118.422854,Dropoff,J-5.3C,4
RouteID_00e4885d-4563-4790-bace-6c9e4261ce2a,DLA4,2018-07-21,13:58:17,3313071.0,High,KE,34.144508,-118.423672,Dropoff,J-5.3C,5
RouteID_00e4885d-4563-4790-bace-6c9e4261ce2a,DLA4,2018-07-21,13:58:17,3313071.0,High,JH,34.145504,-118.423679,Dropoff,J-5.3C,6
RouteID_00e4885d-4563-4790-bace-6c9e4261ce2a,DLA4,2018-07-21,13:58:17,3313071.0,High,VZ,34.130737,-118.417292,Dropoff,J-5.3D,7
RouteID_00e4885d-4563-4790-bace-6c9e4261ce2a,DLA4,2018-07-21,13:58:17,3313071.0,High,VJ,34.130498,-118.41726,Dropoff,J-5.3D,8
RouteID_00e4885d-4563-4790-bace-6c9e4261ce2a,DLA4,2018-07-21,13:58:17,3313071.0,High,MV,34.129361,-118.418649,Dropoff,J-5.3D,9
RouteID_00e4885d-4563-4790-bace-6c9e4261ce2a,DLA4,2018-07-21,13:58:17,3313071.0,High,GL,34.130091,-118.4172,Dropoff,J-5.3D,10
RouteID_00e4885d-4563-4790-bace-6c9e4261ce2a,DLA4,2018-07-21,13:58:17,3313071.0,High,QP,34.131641,-118.417402,Dropoff,J-5.3D,11
RouteID_00e4885d-4563-4790-bace-6c9e4261ce2a,DLA4,2018-07-21,13:58:17,3313071.0,High,ZN,34.132493,-118.4175,Dropoff,J-5.3D,12
RouteID_00e4885d-4563-4790-bace-6c9e4261ce2a,DLA4,2018-07-21,13:58:17,3313071.0,High,JD,34.133549,-118.417623,Dropoff,J-5.3D,13
RouteID_00e4885d-4563-4790-bace-6c9e4261ce2a,DLA4,2018-07-21,13:58:17,3313071.0,High,SN,34.135513,-118.418247,Dropoff,J-5.3D,14
RouteID_00e4885d-4563-4790-bace-6c9e4261ce2a,DLA4,2018-07-21,13:58:17,3313071.0,High,BT,34.136188,-118.418374,Dropoff,J-5.3D,15
RouteID_00e4885d-4563-4790-bace-6c9e4261ce2a,DLA4,2018-07-21,13:58:17,3313071.0,High,RV,34.14016,-118.415972,Dropoff,J-5.3D,16
RouteID_00e4885d-4563-4790-bace-6c9e4261ce2a,DLA4,2018-07-21,13:58:17,3313071.0,High,ZK,34.140145,-118.417299,Dropoff,J-5.3D,17
RouteID_00e4885d-4563-4790-bace-6c9e4261ce2a,DLA4,2018-07-21,13:58:17,3313071.0,High,AN,34.14003,-118.418373,Dropoff,J-5.2D,18
RouteID_00e4885d-4563-4790-bace-6c9e4261ce2a,DLA4,2018-07-21,13:58:17,3313071.0,High,SY,34.141912,-118.41874,Dropoff,J-5.2D,19
RouteID_00e4885d-4563-4790-bace-6c9e4261ce2a,DLA4,2018-07-21,13:58:17,3313071.0,High,JY,34.141181,-118.41571,Dropoff,J-5.2D,20
RouteID_00e4885d-4563-4790-bace-6c9e4261ce2a,DLA4,2018-07-21,13:58:17,3313071.0,High,GQ,34.144674,-118.417996,Dropoff,J-5.2D,21
RouteID_00e4885d-4563-4790-bace-6c9e4261ce2a,DLA4,2018-07-21,13:58:17,3313071.0,High,EK,34.144294,-118.415965,Dropoff,J-5.2D,22
RouteID_00e4885d-4563-4790-bace-6c9e4261ce2a,DLA4,2018-07-21,13:58:17,3313071.0,High,NR,34.145262,-118.41613,Dropoff,J-5.2D,23
RouteID_00e4885d-4563-4790-bace-6c9e4261ce2a,DLA4,2018-07-21,13:58:17,3313071.0,High,ZF,34.143063,-118.419656,Dropoff,J-5.2D,24
RouteID_00e4885d-4563-4790-bace-6c9e4261ce2a,DLA4,2018-07-21,13:58:17,3313071.0,High,ZJ,34.146835,-118.419808,Dropoff,J-5.1D,25
RouteID_00e4885d-4563-4790-bace-6c9e4261ce2a,DLA4,2018-07-21,13:58:17,3313071.0,High,YI,34.147203,-118.419811,Dropoff,J-5.1D,26
RouteID_00e4885d-4563-4790-bace-6c9e4261ce2a,DLA4,2018-07-21,13:58:17,3313071.0,High,NM,34.147848,-118.419154,Dropoff,J-5.1D,27
RouteID_00e4885d-4563-4790-bace-6c9e4261ce2a,DLA4,2018-07-21,13:58:17,3313071.0,High,MP,34.147728,-118.418819,Dropoff,J-5.1D,28
RouteID_00e4885d-4563-4790-bace-6c9e4261ce2a,DLA4,2018-07-21,13:58:17,3313071.0,High,YP,34.147019,-118.418337,Dropoff,J-5.1E,29
RouteID_00e4885d-4563-4790-bace-6c9e4261ce2a,DLA4,2018-07-21,13:58:17,3313071.0,High,WN,34.146884,-118.418341,Dropoff,J-5.1E,30
RouteID_00e4885d-4563-4790-bace-6c9e4261ce2a,DLA4,2018-07-21,13:58:17,3313071.0,High,HU,34.146509,-118.418346,Dropoff,J-5.1E,31
RouteID_00e4885d-4563-4790-bace-6c9e4261ce2a,DLA4,2018-07-21,13:58:17,3313071.0,High,IB,34.145531,-118.415166,Dropoff,J-5.1E,32
RouteID_00e4885d-4563-4790-bace-6c9e4261ce2a,DLA4,2018-07-21,13:58:17,3313071.0,High,IJ,34.143882,-118.418163,Dropoff,J-5.2E,33
RouteID_00e4885d-4563-4790-bace-6c9e4261ce2a,DLA4,2018-07-21,13:58:17,3313071.0,High,RP,34.143439,-118.416375,Dropoff,J-5.2E,34
RouteID_00e4885d-4563-4790-bace-6c9e4261ce2a,DLA4,2018-07-21,13:58:17,3313071.0,High,BE,34.142639,-118.41476,Dropoff,J-5.2E,35
RouteID_00e4885d-4563-4790-bace-6c9e4261ce2a,DLA4,2018-07-21,13:58:17,3313071.0,High,EC,34.14128,-118.414441,Dropoff,J-5.2E,36
RouteID_00e4885d-4563-4790-bace-6c9e4261ce2a,DLA4,2018-07-21,13:58:17,3313071.0,High,JB,34.143489,-118.414828,Dropoff,J-5.2E,37
RouteID_00e4885d-4563-4790-bace-6c9e4261ce2a,DLA4,2018-07-21,13:58:17,3313071.0,High,XD,34.144056,-118.414366,Dropoff,J-5.2E,38
RouteID_00e4885d-4563-4790-bace-6c9e4261ce2a,DLA4,2018-07-21,13:58:17,3313071.0,High,PR,34.143663,-118.413694,Dropoff,J-5.2E,39
RouteID_00e4885d-4563-4790-bace-6c9e4261ce2a,DLA4,2018-07-21,13:58:17,3313071.0,High,QN,34.143232,-118.413697,Dropoff,J-5.2E,40
RouteID_00e4885d-4563-4790-bace-6c9e4261ce2a,DLA4,2018-07-21,13:58:17,3313071.0,High,WG,34.142234,-118.413704,Dropoff,J-5.2E,41
RouteID_00e4885d-4563-4790-bace-6c9e4261ce2a,DLA4,2018-07-21,13:58:17,3313071.0,High,GP,34.141939,-118.412305,Dropoff,J-5.3E,42
RouteID_00e4885d-4563-4790-bace-6c9e4261ce2a,DLA4,2018-07-21,13:58:17,3313071.0,High,OS,34.14247,-118.411629,Dropoff,J-5.3E,43
RouteID_00e4885d-4563-4790-bace-6c9e4261ce2a,DLA4,2018-07-21,13:58:17,3313071.0,High,VM,34.136972,-118.405915,Dropoff,J-5.3E,44
RouteID_00e4885d-4563-4790-bace-6c9e4261ce2a,DLA4,2018-07-21,13:58:17,3313071.0,High,HK,34.138195,-118.407484,Dropoff,J-5.3E,45
RouteID_00e4885d-4563-4790-bace-6c9e4261ce2a,DLA4,2018-07-21,13:58:17,3313071.0,High,FM,34.141679,-118.410049,Dropoff,J-5.3E,46
RouteID_00e4885d-4563-4790-bace-6c9e4261ce2a,DLA4,2018-07-21,13:58:17,3313071.0,High,MS,34.142642,-118.41076,Dropoff,J-5.3E,47
RouteID_00e4885d-4563-4790-bace-6c9e4261ce2a,DLA4,2018-07-21,13:58:17,3313071.0,High,UH,34.144729,-118.411253,Dropoff,J-5.3G,48
RouteID_00e4885d-4563-4790-bace-6c9e4261ce2a,DLA4,2018-07-21,13:58:17,3313071.0,High,XF,34.140844,-118.408368,Dropoff,J-5.3G,49
RouteID_00e4885d-4563-4790-bace-6c9e4261ce2a,DLA4,2018-07-21,13:58:17,3313071.0,High,RU,34.140223,-118.405436,Dropoff,J-5.3G,50
RouteID_00e4885d-4563-4790-bace-6c9e4261ce2a,DLA4,2018-07-21,13:58:17,3313071.0,High,BX,34.141525,-118.406016,Dropoff,J-5.3G,51
RouteID_00e4885d-4563-4790-bace-6c9e4261ce2a,DLA4,2018-07-21,13:58:17,3313071.0,High,LC,34.142366,-118.405429,Dropoff,J-5.3G,52
RouteID_00e4885d-4563-4790-bace-6c9e4261ce2a,DLA4,2018-07-21,13:58:17,3313071.0,High,DW,34.142328,-118.404998,Dropoff,J-5.1G,53
RouteID_00e4885d-4563-4790-bace-6c9e4261ce2a,DLA4,2018-07-21,13:58:17,3313071.0,High,YD,34.14177,-118.40353,Dropoff,J-5.1G,54
RouteID_00e4885d-4563-4790-bace-6c9e4261ce2a,DLA4,2018-07-21,13:58:17,3313071.0,High,ZR,34.141489,-118.403174,Dropoff,J-5.1G,55
RouteID_00e4885d-4563-4790-bace-6c9e4261ce2a,DLA4,2018-07-21,13:58:17,3313071.0,High,LZ,34.139139,-118.403041,Dropoff,J-5.1G,56
RouteID_00e4885d-4563-4790-bace-6c9e4261ce2a,DLA4,2018-07-21,13:58:17,3313071.0,High,JZ,34.141375,-118.40254,Dropoff,J-5.1G,57
RouteID_00e4885d-4563-4790-bace-6c9e4261ce2a,DLA4,2018-07-21,13:58:17,3313071.0,High,OC,34.142127,-118.401324,Dropoff,J-5.1G,58
RouteID_00e4885d-4563-4790-bace-6c9e4261ce2a,DLA4,2018-07-21,13:58:17,3313071.0,High,QY,34.142226,-118.400255,Dropoff,J-5.1G,59
RouteID_00e4885d-4563-4790-bace-6c9e4261ce2a,DLA4,2018-07-21,13:58:17,3313071.0,High,VS,34.142324,-118.399229,Dropoff,J-5.1G,60
RouteID_00e4885d-4563-4790-bace-6c9e4261ce2a,DLA4,2018-07-21,13:58:17,3313071.0,High,RN,34.14241,-118.398387,Dropoff,J-5.1G,61
RouteID_00e4885d-4563-4790-bace-6c9e4261ce2a,DLA4,2018-07-21,13:58:17,3313071.0,High,QA,34.141751,-118.396956,Dropoff,J-5.1H,62
RouteID_00e4885d-4563-4790-bace-6c9e4261ce2a,DLA4,2018-07-21,13:58:17,3313071.0,High,TG,34.141426,-118.399416,Dropoff,J-5.1H,63
RouteID_00e4885d-4563-4790-bace-6c9e4261ce2a,DLA4,2018-07-21,13:58:17,3313071.0,High,XN,34.141333,-118.400437,Dropoff,J-5.1H,64
RouteID_00e4885d-4563-4790-bace-6c9e4261ce2a,DLA4,2018-07-21,13:58:17,3313071.0,High,RA,34.14128,-118.401104,Dropoff,J-5.1H,65
RouteID_00e4885d-4563-4790-bace-6c9e4261ce2a,DLA4,2018-07-21,13:58:17,3313071.0,High,NF,34.140616,-118.400137,Dropoff,J-5.1H,66
RouteID_00e4885d-4563-4790-bace-6c9e4261ce2a,DLA4,2018-07-21,13:58:17,3313071.0,High,WQ,34.140938,-118.396652,Dropoff,J-5.1H,67
RouteID_00e4885d-4563-4790-bace-6c9e4261ce2a,DLA4,2018-07-21,13:58:17,3313071.0,High,AX,34.140638,-118.397941,Dropoff,J-5.1H,68
RouteID_00e4885d-4563-4790-bace-6c9e4261ce2a,DLA4,2018-07-21,13:58:17,3313071.0,High,AS,34.140313,-118.398478,Dropoff,J-5.1H,69
RouteID_00e4885d-4563-4790-bace-6c9e4261ce2a,DLA4,2018-07-21,13:58:17,3313071.0,High,MI,34.13989,-118.398401,Dropoff,J-5.1H,70
RouteID_00e4885d-4563-4790-bace-6c9e4261ce2a,DLA4,2018-07-21,13:58:17,3313071.0,High,ZQ,34.139785,-118.397767,Dropoff,J-5.2H,71
RouteID_00e4885d-4563-4790-bace-6c9e4261ce2a,DLA4,2018-07-21,13:58:17,3313071.0,High,NQ,34.139845,-118.397119,Dropoff,J-5.2H,72
RouteID_00e4885d-4563-4790-bace-6c9e4261ce2a,DLA4,2018-07-21,13:58:17,3313071.0,High,PM,34.139735,-118.396208,Dropoff,J-5.2H,73
RouteID_00e4885d-4563-4790-bace-6c9e4261ce2a,DLA4,2018-07-21,13:58:17,3313071.0,High,KD,34.138984,-118.396692,Dropoff,J-5.2H,74
RouteID_00e4885d-4563-4790-bace-6c9e4261ce2a,DLA4,2018-07-21,13:58:17,3313071.0,High,OK,34.138776,-118.395849,Dropoff,J-5.3H,75
RouteID_00e4885d-4563-4790-bace-6c9e4261ce2a,DLA4,2018-07-21,13:58:17,3313071.0,High,XJ,34.138369,-118.398093,Dropoff,J-5.3H,76
RouteID_00e4885d-4563-4790-bace-6c9e4261ce2a,DLA4,2018-07-21,13:58:17,3313071.0,High,YY,34.13807,-118.399934,Dropoff,J-5.3H,77
RouteID_00e4885d-4563-4790-bace-6c9e4261ce2a,DLA4,2018-07-21,13:58:17,3313071.0,High,ZC,34.137148,-118.400922,Dropoff,J-5.3H,78
RouteID_00e4885d-4563-4790-bace-6c9e4261ce2a,DLA4,2018-07-21,13:58:17,3313071.0,High,HH,34.138665,-118.402391,Dropoff,J-5.3H,79
RouteID_00e4885d-4563-4790-bace-6c9e4261ce2a,DLA4,2018-07-21,13:58:17,3313071.0,High,ZH,34.137686,-118.39722,Dropoff,J-5.3H,80
RouteID_00e4885d-4563-4790-bace-6c9e4261ce2a,DLA4,2018-07-21,13:58:17,3313071.0,High,YU,34.136384,-118.39595,Dropoff,J-5.3H,81
RouteID_00e4885d-4563-4790-bace-6c9e4261ce2a,DLA4,2018-07-21,13:58:17,3313071.0,High,WI,34.135655,-118.397679,Dropoff,J-5.3H,82
RouteID_00e4885d-4563-4790-bace-6c9e4261ce2a,DLA4,2018-07-21,13:58:17,3313071.0,High,VC,34.13717,-118.39474,Dropoff,J-5.3H,83
RouteID_00e4885d-4563-4790-bace-6c9e4261ce2a,DLA4,2018-07-21,13:58:17,3313071.0,High,RF,34.135195,-118.39418,Dropoff,J-5.3J,84
RouteID_00e4885d-4563-4790-bace-6c9e4261ce2a,DLA4,2018-07-21,13:58:17,3313071.0,High,CS,34.135846,-118.394935,Dropoff,J-5.3J,85
RouteID_00e4885d-4563-4790-bace-6c9e4261ce2a,DLA4,2018-07-21,13:58:17,3313071.0,High,TR,34.137113,-118.393303,Dropoff,J-5.3J,86
RouteID_00e4885d-4563-4790-bace-6c9e4261ce2a,DLA4,2018-07-21,13:58:17,3313071.0,High,RC,34.137639,-118.39424,Dropoff,J-5.3J,87
RouteID_00e4885d-4563-4790-bace-6c9e4261ce2a,DLA4,2018-07-21,13:58:17,3313071.0,High,YX,34.138009,-118.394374,Dropoff,J-5.3J,88
RouteID_00e4885d-4563-4790-bace-6c9e4261ce2a,DLA4,2018-07-21,13:58:17,3313071.0,High,VT,34.138982,-118.394738,Dropoff,J-5.3J,89
RouteID_00e4885d-4563-4790-bace-6c9e4261ce2a,DLA4,2018-07-21,13:58:17,3313071.0,High,IL,34.13968,-118.394965,Dropoff,J-5.3J,90
RouteID_00e4885d-4563-4790-bace-6c9e4261ce2a,DLA4,2018-07-21,13:58:17,3313071.0,High,EL,34.140371,-118.395245,Dropoff,J-5.3J,91
RouteID_00e4885d-4563-4790-bace-6c9e4261ce2a,DLA4,2018-07-21,13:58:17,3313071.0,High,EZ,34.141392,-118.394448,Dropoff,J-5.3J,92
RouteID_00e4885d-4563-4790-bace-6c9e4261ce2a,DLA4,2018-07-21,13:58:17,3313071.0,High,FH,34.140024,-118.393947,Dropoff,J-5.3J,93
RouteID_00e4885d-4563-4790-bace-6c9e4261ce2a,DLA4,2018-07-21,13:58:17,3313071.0,High,MF,34.139214,-118.393652,Dropoff,J-5.1J,94
RouteID_00e4885d-4563-4790-bace-6c9e4261ce2a,DLA4,2018-07-21,13:58:17,3313071.0,High,LX,34.138681,-118.393446,Dropoff,J-5.1J,95
RouteID_00e4885d-4563-4790-bace-6c9e4261ce2a,DLA4,2018-07-21,13:58:17,3313071.0,High,VY,34.137647,-118.391222,Dropoff,J-5.1J,96
RouteID_00e4885d-4563-4790-bace-6c9e4261ce2a,DLA4,2018-07-21,13:58:17,3313071.0,High,TZ,34.138119,-118.393227,Dropoff,J-5.1J,97
RouteID_00e4885d-4563-4790-bace-6c9e4261ce2a,DLA4,2018-07-21,13:58:17,3313071.0,High,MZ,34.138747,-118.393172,Dropoff,J-5.1J,98
RouteID_00e4885d-4563-4790-bace-6c9e4261ce2a,DLA4,2018-07-21,13:58:17,3313071.0,High,LW,34.137603,-118.393029,Dropoff,J-5.1J,99
RouteID_00e4885d-4563-4790-bace-6c9e4261ce2a,DLA4,2018-07-21,13:58:17,3313071.0,High,MO,34.136179,-118.392522,Dropoff,J-5.1J,100
RouteID_00e4885d-4563-4790-bace-6c9e4261ce2a,DLA4,2018-07-21,13:58:17,3313071.0,High,OE,34.135852,-118.391561,Dropoff,J-5.1J,101
RouteID_00e4885d-4563-4790-bace-6c9e4261ce2a,DLA4,2018-07-21,13:58:17,3313071.0,High,UU,34.133849,-118.391597,Dropoff,J-5.1J,102
RouteID_00e4885d-4563-4790-bace-6c9e4261ce2a,DLA4,2018-07-21,13:58:17,3313071.0,High,LI,34.132126,-118.38989,Dropoff,J-6.1J,103
RouteID_00e4885d-4563-4790-bace-6c9e4261ce2a,DLA4,2018-07-21,13:58:17,3313071.0,High,AQ,34.131452,-118.38816,Dropoff,J-6.1J,104
RouteID_00e4885d-4563-4790-bace-6c9e4261ce2a,DLA4,2018-07-21,13:58:17,3313071.0,High,FD,34.13123,-118.390359,Dropoff,J-6.1J,105
RouteID_00e4885d-4563-4790-bace-6c9e4261ce2a,DLA4,2018-07-21,13:58:17,3313071.0,High,BP,34.129723,-118.389508,Dropoff,J-6.1J,106
RouteID_00e4885d-4563-4790-bace-6c9e4261ce2a,DLA4,2018-07-21,13:58:17,3313071.0,High,SD,34.129642,-118.388753,Dropoff,J-6.1J,107
RouteID_00e4885d-4563-4790-bace-6c9e4261ce2a,DLA4,2018-07-21,13:58:17,3313071.0,High,KF,34.128907,-118.3882,Dropoff,J-6.1J,108
RouteID_00e4885d-4563-4790-bace-6c9e4261ce2a,DLA4,2018-07-21,13:58:17,3313071.0,High,ZW,34.12961,-118.388052,Dropoff,J-6.1J,109
RouteID_00e4885d-4563-4790-bace-6c9e4261ce2a,DLA4,2018-07-21,13:58:17,3313071.0,High,OG,34.128744,-118.38485,Dropoff,J-6.1J,110
RouteID_00e4885d-4563-4790-bace-6c9e4261ce2a,DLA4,2018-07-21,13:58:17,3313071.0,High,EX,34.128655,-118.385546,Dropoff,J-6.1J,111
RouteID_00e4885d-4563-4790-bace-6c9e4261ce2a,DLA4,2018-07-21,13:58:17,3313071.0,High,QJ,34.129283,-118.385892,Dropoff,J-6.1J,112
RouteID_00e4885d-4563-4790-bace-6c9e4261ce2a,DLA4,2018-07-21,13:58:17,3313071.0,High,SK,34.130566,-118.388199,Dropoff,J-6.2J,113
RouteID_00e4885d-4563-4790-bace-6c9e4261ce2a,DLA4,2018-07-21,13:58:17,3313071.0,High,XT,34.130489,-118.385748,Dropoff,J-6.2J,114
RouteID_00e4885d-4563-4790-bace-6c9e4261ce2a,DLA4,2018-07-21,13:58:17,3313071.0,High,IE,34.130974,-118.386062,Dropoff,J-6.2J,115
RouteID_00e4885d-4563-4790-bace-6c9e4261ce2a,DLA4,2018-07-21,13:58:17,3313071.0,High,JV,34.130308,-118.383482,Dropoff,J-6.2J,116
RouteID_00e4885d-4563-4790-bace-6c9e4261ce2a,DLA4,2018-07-21,13:58:17,3313071.0,High,AF,34.129494,-118.381603,Dropoff,J-6.2J,117
RouteID_00e4885d-4563-4790-bace-6c9e4261ce2a,DLA4,2018-07-21,13:58:17,3313071.0,High,RW,34.129422,-118.383512,Dropoff,J-6.2J,118
RouteID_00e4885d-4563-4790-bace-6c9e4261ce2a,DLA4,2018-07-21,13:58:17,3313071.0,High,SJ,34.128732,-118.382447,Dropoff,J-6.2J,119
RouteID_00e4885d-4563-4790-bace-6c9e4261ce2a,DLA4,2018-07-21,13:58:17,3313071.0,High,ZV,34.127275,-118.381291,Dropoff,J-6.2J,120
RouteID_00e4885d-4563-4790-bace-6c9e4261ce2a,DLA4,2018-07-21,13:58:17,3313071.0,High,JU,34.128311,-118.379731,Dropoff,J-6.2J,121
RouteID_00e4885d-4563-4790-bace-6c9e4261ce2a,DLA4,2018-07-21,13:58:17,3313071.0,High,TE,34.127135,-118.381817,Dropoff,J-6.2J,122
RouteID_00e4885d-4563-4790-bace-6c9e4261ce2a,DLA4,2018-07-21,13:58:17,3313071.0,High,MJ,34.127701,-118.382094,Dropoff,J-6.2J,123
RouteID_00e4885d-4563-4790-bace-6c9e4261ce2a,DLA4,2018-07-21,13:58:17,3313071.0,High,II,34.127271,-118.38289,Dropoff,J-6.3J,124
RouteID_00e4885d-4563-4790-bace-6c9e4261ce2a,DLA4,2018-07-21,13:58:17,3313071.0,High,LV,34.127243,-118.383829,Dropoff,J-6.3J,125
RouteID_00e4885d-4563-4790-bace-6c9e4261ce2a,DLA4,2018-07-21,13:58:17,3313071.0,High,FC,34.12699,-118.384229,Dropoff,J-6.3J,126
RouteID_00e4885d-4563-4790-bace-6c9e4261ce2a,DLA4,2018-07-21,13:58:17,3313071.0,High,NT,34.126705,-118.385511,Dropoff,J-6.3J,127
RouteID_00e4885d-4563-4790-bace-6c9e4261ce2a,DLA4,2018-07-21,13:58:17,3313071.0,High,UF,34.128264,-118.386539,Dropoff,J-6.3J,128
RouteID_00e4885d-4563-4790-bace-6c9e4261ce2a,DLA4,2018-07-21,13:58:17,3313071.0,High,ZM,34.127433,-118.387237,Dropoff,J-6.3J,129
RouteID_00e4885d-4563-4790-bace-6c9e4261ce2a,DLA4,2018-07-21,13:58:17,3313071.0,High,CL,34.126812,-118.386758,Dropoff,J-6.3J,130
RouteID_00e4885d-4563-4790-bace-6c9e4261ce2a,DLA4,2018-07-21,13:58:17,3313071.0,High,FZ,34.126261,-118.386175,Dropoff,J-6.3J,131
RouteID_00e4885d-4563-4790-bace-6c9e4261ce2a,DLA4,2018-07-21,13:58:17,3313071.0,High,HI,34.126614,-118.387383,Dropoff,J-6.3J,132
RouteID_00e4885d-4563-4790-bace-6c9e4261ce2a,DLA4,2018-07-21,13:58:17,3313071.0,High,HO,34.127103,-118.388615,Dropoff,J-6.3J,133
RouteID_00e4885d-4563-4790-bace-6c9e4261ce2a,DLA4,2018-07-21,13:58:17,3313071.0,High,DM,34.12765,-118.390165,Dropoff,J-6.3J,134
RouteID_00e4885d-4563-4790-bace-6c9e4261ce2a,DLA4,2018-07-21,13:58:17,3313071.0,High,DP,34.126445,-118.390358,Dropoff,J-6.3J,135
RouteID_00e7fcc6-2f6d-4054-b9ca-e190fa4ecdce,DLA7,2018-07-26,15:13:11,3313071.0,Medium,OH,33.965477,-117.653303,Station,,0
RouteID_00e7fcc6-2f6d-4054-b9ca-e190fa4ecdce,DLA7,2018-07-26,15:13:11,3313071.0,Medium,PL,33.888419,-117.759679,Dropoff,B-6.1A,1
RouteID_00e7fcc6-2f6d-4054-b9ca-e190fa4ecdce,DLA7,2018-07-26,15:13:11,3313071.0,Medium,XW,33.891155,-117.758356,Dropoff,B-6.1A,2
RouteID_00e7fcc6-2f6d-4054-b9ca-e190fa4ecdce,DLA7,2018-07-26,15:13:11,3313071.0,Medium,EH,33.890809,-117.759177,Dropoff,B-6.1A,3
RouteID_00e7fcc6-2f6d-4054-b9ca-e190fa4ecdce,DLA7,2018-07-26,15:13:11,3313071.0,Medium,OG,33.885639,-117.762886,Dropoff,B-6.1A,4
RouteID_00e7fcc6-2f6d-4054-b9ca-e190fa4ecdce,DLA7,2018-07-26,15:13:11,3313071.0,Medium,HK,33.886299,-117.762149,Dropoff,B-5.1A,5
RouteID_00e7fcc6-2f6d-4054-b9ca-e190fa4ecdce,DLA7,2018-07-26,15:13:11,3313071.0,Medium,HP,33.887082,-117.762441,Dropoff,B-5.1A,6
RouteID_00e7fcc6-2f6d-4054-b9ca-e190fa4ecdce,DLA7,2018-07-26,15:13:11,3313071.0,Medium,GG,33.888588,-117.761413,Dropoff,B-5.1A,7
RouteID_00e7fcc6-2f6d-4054-b9ca-e190fa4ecdce,DLA7,2018-07-26,15:13:11,3313071.0,Medium,GC,33.888974,-117.761724,Dropoff,B-5.1A,8
RouteID_00e7fcc6-2f6d-4054-b9ca-e190fa4ecdce,DLA7,2018-07-26,15:13:11,3313071.0,Medium,FT,33.88996,-117.76307,Dropoff,B-5.1A,9
RouteID_00e7fcc6-2f6d-4054-b9ca-e190fa4ecdce,DLA7,2018-07-26,15:13:11,3313071.0,Medium,IJ,33.88979,-117.763203,Dropoff,B-5.1A,10
RouteID_00e7fcc6-2f6d-4054-b9ca-e190fa4ecdce,DLA7,2018-07-26,15:13:11,3313071.0,Medium,UO,33.888702,-117.763743,Dropoff,B-5.1A,11
RouteID_00e7fcc6-2f6d-4054-b9ca-e190fa4ecdce,DLA7,2018-07-26,15:13:11,3313071.0,Medium,EO,33.892415,-117.762102,Dropoff,B-5.1A,12
RouteID_00e7fcc6-2f6d-4054-b9ca-e190fa4ecdce,DLA7,2018-07-26,15:13:11,3313071.0,Medium,CT,33.892865,-117.762466,Dropoff,B-5.1A,13
RouteID_00e7fcc6-2f6d-4054-b9ca-e190fa4ecdce,DLA7,2018-07-26,15:13:11,3313071.0,Medium,WE,33.893056,-117.763055,Dropoff,B-5.1A,14
RouteID_00e7fcc6-2f6d-4054-b9ca-e190fa4ecdce,DLA7,2018-07-26,15:13:11,3313071.0,Medium,TV,33.893372,-117.762146,Dropoff,B-5.1A,15
RouteID_00e7fcc6-2f6d-4054-b9ca-e190fa4ecdce,DLA7,2018-07-26,15:13:11,3313071.0,Medium,IF,33.894793,-117.762564,Dropoff,B-5.1A,16
RouteID_00e7fcc6-2f6d-4054-b9ca-e190fa4ecdce,DLA7,2018-07-26,15:13:11,3313071.0,Medium,BM,33.887806,-117.765384,Dropoff,B-5.2A,17
RouteID_00e7fcc6-2f6d-4054-b9ca-e190fa4ecdce,DLA7,2018-07-26,15:13:11,3313071.0,Medium,QJ,33.886403,-117.765229,Dropoff,B-5.2A,18
RouteID_00e7fcc6-2f6d-4054-b9ca-e190fa4ecdce,DLA7,2018-07-26,15:13:11,3313071.0,Medium,OV,33.887034,-117.767626,Dropoff,B-5.2A,19
RouteID_00e7fcc6-2f6d-4054-b9ca-e190fa4ecdce,DLA7,2018-07-26,15:13:11,3313071.0,Medium,XX,33.887772,-117.767227,Dropoff,B-5.2A,20
RouteID_00e7fcc6-2f6d-4054-b9ca-e190fa4ecdce,DLA7,2018-07-26,15:13:11,3313071.0,Medium,YU,33.884696,-117.767136,Dropoff,,21
RouteID_00e7fcc6-2f6d-4054-b9ca-e190fa4ecdce,DLA7,2018-07-26,15:13:11,3313071.0,Medium,TL,33.883904,-117.766969,Dropoff,,22
RouteID_00e7fcc6-2f6d-4054-b9ca-e190fa4ecdce,DLA7,2018-07-26,15:13:11,3313071.0,Medium,HD,33.883571,-117.767452,Dropoff,B-5.2A,23
RouteID_00e7fcc6-2f6d-4054-b9ca-e190fa4ecdce,DLA7,2018-07-26,15:13:11,3313071.0,Medium,EM,33.881501,-117.767214,Dropoff,B-5.2A,24
RouteID_00e7fcc6-2f6d-4054-b9ca-e190fa4ecdce,DLA7,2018-07-26,15:13:11,3313071.0,Medium,OS,33.88051,-117.767401,Dropoff,B-5.2A,25
RouteID_00e7fcc6-2f6d-4054-b9ca-e190fa4ecdce,DLA7,2018-07-26,15:13:11,3313071.0,Medium,YQ,33.880653,-117.763518,Dropoff,B-5.3A,26
RouteID_00e7fcc6-2f6d-4054-b9ca-e190fa4ecdce,DLA7,2018-07-26,15:13:11,3313071.0,Medium,EU,33.88043,-117.758361,Dropoff,B-5.3A,27
RouteID_00e7fcc6-2f6d-4054-b9ca-e190fa4ecdce,DLA7,2018-07-26,15:13:11,3313071.0,Medium,RP,33.882415,-117.762891,Dropoff,B-5.3A,28
RouteID_00e7fcc6-2f6d-4054-b9ca-e190fa4ecdce,DLA7,2018-07-26,15:13:11,3313071.0,Medium,MV,33.88334,-117.76225,Dropoff,B-5.3A,29
RouteID_00e7fcc6-2f6d-4054-b9ca-e190fa4ecdce,DLA7,2018-07-26,15:13:11,3313071.0,Medium,EE,33.884908,-117.765409,Dropoff,B-5.3A,30
RouteID_00e7fcc6-2f6d-4054-b9ca-e190fa4ecdce,DLA7,2018-07-26,15:13:11,3313071.0,Medium,PT,33.883741,-117.765133,Dropoff,,31
RouteID_00e7fcc6-2f6d-4054-b9ca-e190fa4ecdce,DLA7,2018-07-26,15:13:11,3313071.0,Medium,GQ,33.881291,-117.76521,Dropoff,B-5.3A,32
RouteID_00e7fcc6-2f6d-4054-b9ca-e190fa4ecdce,DLA7,2018-07-26,15:13:11,3313071.0,Medium,QW,33.880811,-117.769394,Dropoff,B-5.3B,33
RouteID_00e7fcc6-2f6d-4054-b9ca-e190fa4ecdce,DLA7,2018-07-26,15:13:11,3313071.0,Medium,JL,33.88209,-117.769165,Dropoff,B-5.3B,34
RouteID_00e7fcc6-2f6d-4054-b9ca-e190fa4ecdce,DLA7,2018-07-26,15:13:11,3313071.0,Medium,TJ,33.882178,-117.77208,Dropoff,B-5.3B,35
RouteID_00e7fcc6-2f6d-4054-b9ca-e190fa4ecdce,DLA7,2018-07-26,15:13:11,3313071.0,Medium,OW,33.881361,-117.7724,Dropoff,B-5.3B,36
RouteID_00e7fcc6-2f6d-4054-b9ca-e190fa4ecdce,DLA7,2018-07-26,15:13:11,3313071.0,Medium,CS,33.882525,-117.772041,Dropoff,B-5.3B,37
RouteID_00e7fcc6-2f6d-4054-b9ca-e190fa4ecdce,DLA7,2018-07-26,15:13:11,3313071.0,Medium,WP,33.884904,-117.768895,Dropoff,B-5.2B,38
RouteID_00e7fcc6-2f6d-4054-b9ca-e190fa4ecdce,DLA7,2018-07-26,15:13:11,3313071.0,Medium,MN,33.886188,-117.768997,Dropoff,B-5.2B,39
RouteID_00e7fcc6-2f6d-4054-b9ca-e190fa4ecdce,DLA7,2018-07-26,15:13:11,3313071.0,Medium,TQ,33.888845,-117.769069,Dropoff,B-5.2B,40
RouteID_00e7fcc6-2f6d-4054-b9ca-e190fa4ecdce,DLA7,2018-07-26,15:13:11,3313071.0,Medium,VM,33.885393,-117.771612,Dropoff,B-5.1B,41
RouteID_00e7fcc6-2f6d-4054-b9ca-e190fa4ecdce,DLA7,2018-07-26,15:13:11,3313071.0,Medium,AR,33.884338,-117.771987,Dropoff,B-5.1B,42
RouteID_00e7fcc6-2f6d-4054-b9ca-e190fa4ecdce,DLA7,2018-07-26,15:13:11,3313071.0,Medium,LQ,33.884593,-117.771324,Dropoff,B-5.1B,43
RouteID_00e7fcc6-2f6d-4054-b9ca-e190fa4ecdce,DLA7,2018-07-26,15:13:11,3313071.0,Medium,UW,33.887054,-117.772498,Dropoff,B-5.1B,44
RouteID_00e7fcc6-2f6d-4054-b9ca-e190fa4ecdce,DLA7,2018-07-26,15:13:11,3313071.0,Medium,NJ,33.886885,-117.770279,Dropoff,B-5.1B,45
RouteID_00e7fcc6-2f6d-4054-b9ca-e190fa4ecdce,DLA7,2018-07-26,15:13:11,3313071.0,Medium,IU,33.882605,-117.778817,Dropoff,B-5.1C,46
RouteID_00e7fcc6-2f6d-4054-b9ca-e190fa4ecdce,DLA7,2018-07-26,15:13:11,3313071.0,Medium,HG,33.883443,-117.776986,Dropoff,B-5.1C,47
RouteID_00e7fcc6-2f6d-4054-b9ca-e190fa4ecdce,DLA7,2018-07-26,15:13:11,3313071.0,Medium,FJ,33.882649,-117.777091,Dropoff,B-5.1C,48
RouteID_00e7fcc6-2f6d-4054-b9ca-e190fa4ecdce,DLA7,2018-07-26,15:13:11,3313071.0,Medium,EW,33.883427,-117.775898,Dropoff,B-5.1C,49
RouteID_00e7fcc6-2f6d-4054-b9ca-e190fa4ecdce,DLA7,2018-07-26,15:13:11,3313071.0,Medium,HF,33.88549,-117.775465,Dropoff,B-5.1C,50
RouteID_00e7fcc6-2f6d-4054-b9ca-e190fa4ecdce,DLA7,2018-07-26,15:13:11,3313071.0,Medium,NF,33.885003,-117.776318,Dropoff,B-5.1C,51
RouteID_00e7fcc6-2f6d-4054-b9ca-e190fa4ecdce,DLA7,2018-07-26,15:13:11,3313071.0,Medium,CJ,33.884951,-117.777291,Dropoff,B-5.1C,52
RouteID_00e7fcc6-2f6d-4054-b9ca-e190fa4ecdce,DLA7,2018-07-26,15:13:11,3313071.0,Medium,PW,33.88498,-117.777792,Dropoff,B-5.1C,53
RouteID_00e7fcc6-2f6d-4054-b9ca-e190fa4ecdce,DLA7,2018-07-26,15:13:11,3313071.0,Medium,ZY,33.884269,-117.77693,Dropoff,B-5.1C,54
RouteID_00e7fcc6-2f6d-4054-b9ca-e190fa4ecdce,DLA7,2018-07-26,15:13:11,3313071.0,Medium,YV,33.887642,-117.779834,Dropoff,B-5.2C,55
RouteID_00e7fcc6-2f6d-4054-b9ca-e190fa4ecdce,DLA7,2018-07-26,15:13:11,3313071.0,Medium,FC,33.886311,-117.779764,Dropoff,B-5.2C,56
RouteID_00e7fcc6-2f6d-4054-b9ca-e190fa4ecdce,DLA7,2018-07-26,15:13:11,3313071.0,Medium,XH,33.885314,-117.781174,Dropoff,B-5.2C,57
RouteID_00e7fcc6-2f6d-4054-b9ca-e190fa4ecdce,DLA7,2018-07-26,15:13:11,3313071.0,Medium,BH,33.883831,-117.780499,Dropoff,B-5.2C,58
RouteID_00e7fcc6-2f6d-4054-b9ca-e190fa4ecdce,DLA7,2018-07-26,15:13:11,3313071.0,Medium,GT,33.883874,-117.782241,Dropoff,B-5.2C,59
RouteID_00e7fcc6-2f6d-4054-b9ca-e190fa4ecdce,DLA7,2018-07-26,15:13:11,3313071.0,Medium,BV,33.885188,-117.783987,Dropoff,,60
RouteID_00e7fcc6-2f6d-4054-b9ca-e190fa4ecdce,DLA7,2018-07-26,15:13:11,3313071.0,Medium,JS,33.884705,-117.783926,Dropoff,B-5.3C,61
RouteID_00e7fcc6-2f6d-4054-b9ca-e190fa4ecdce,DLA7,2018-07-26,15:13:11,3313071.0,Medium,ZF,33.886463,-117.784157,Dropoff,B-5.3C,62
RouteID_00e7fcc6-2f6d-4054-b9ca-e190fa4ecdce,DLA7,2018-07-26,15:13:11,3313071.0,Medium,MW,33.887324,-117.78284,Dropoff,B-5.3C,63
RouteID_00e7fcc6-2f6d-4054-b9ca-e190fa4ecdce,DLA7,2018-07-26,15:13:11,3313071.0,Medium,LL,33.887228,-117.781649,Dropoff,B-5.3C,64
RouteID_00e7fcc6-2f6d-4054-b9ca-e190fa4ecdce,DLA7,2018-07-26,15:13:11,3313071.0,Medium,NO,33.886934,-117.781941,Dropoff,B-5.3C,65
RouteID_00e7fcc6-2f6d-4054-b9ca-e190fa4ecdce,DLA7,2018-07-26,15:13:11,3313071.0,Medium,VN,33.88662,-117.782401,Dropoff,B-5.3C,66
RouteID_00e7fcc6-2f6d-4054-b9ca-e190fa4ecdce,DLA7,2018-07-26,15:13:11,3313071.0,Medium,KI,33.888225,-117.782274,Dropoff,B-5.3C,67
RouteID_00e7fcc6-2f6d-4054-b9ca-e190fa4ecdce,DLA7,2018-07-26,15:13:11,3313071.0,Medium,YE,33.883459,-117.783952,Dropoff,B-5.3D,68
RouteID_00e7fcc6-2f6d-4054-b9ca-e190fa4ecdce,DLA7,2018-07-26,15:13:11,3313071.0,Medium,PE,33.883525,-117.784057,Dropoff,B-5.3D,69
RouteID_00e7fcc6-2f6d-4054-b9ca-e190fa4ecdce,DLA7,2018-07-26,15:13:11,3313071.0,Medium,LK,33.882744,-117.784475,Dropoff,B-5.3D,70
RouteID_00e7fcc6-2f6d-4054-b9ca-e190fa4ecdce,DLA7,2018-07-26,15:13:11,3313071.0,Medium,OO,33.882533,-117.783859,Dropoff,B-5.3D,71
RouteID_00e7fcc6-2f6d-4054-b9ca-e190fa4ecdce,DLA7,2018-07-26,15:13:11,3313071.0,Medium,WX,33.881034,-117.786153,Dropoff,B-5.3D,72
RouteID_00e7fcc6-2f6d-4054-b9ca-e190fa4ecdce,DLA7,2018-07-26,15:13:11,3313071.0,Medium,ST,33.881535,-117.785131,Dropoff,B-5.3D,73
RouteID_00e7fcc6-2f6d-4054-b9ca-e190fa4ecdce,DLA7,2018-07-26,15:13:11,3313071.0,Medium,UQ,33.881713,-117.782883,Dropoff,B-5.3D,74
RouteID_00e7fcc6-2f6d-4054-b9ca-e190fa4ecdce,DLA7,2018-07-26,15:13:11,3313071.0,Medium,XA,33.88263,-117.782218,Dropoff,B-5.3D,75
RouteID_00e7fcc6-2f6d-4054-b9ca-e190fa4ecdce,DLA7,2018-07-26,15:13:11,3313071.0,Medium,YZ,33.882024,-117.781444,Dropoff,B-5.3D,76
RouteID_00e7fcc6-2f6d-4054-b9ca-e190fa4ecdce,DLA7,2018-07-26,15:13:11,3313071.0,Medium,DQ,33.882171,-117.78116,Dropoff,B-5.3D,77
RouteID_00e7fcc6-2f6d-4054-b9ca-e190fa4ecdce,DLA7,2018-07-26,15:13:11,3313071.0,Medium,IE,33.881042,-117.77857,Dropoff,B-5.2D,78
RouteID_00e7fcc6-2f6d-4054-b9ca-e190fa4ecdce,DLA7,2018-07-26,15:13:11,3313071.0,Medium,YP,33.880173,-117.77669,Dropoff,B-5.2D,79
RouteID_00e7fcc6-2f6d-4054-b9ca-e190fa4ecdce,DLA7,2018-07-26,15:13:11,3313071.0,Medium,MC,33.880181,-117.779609,Dropoff,B-5.2D,80
RouteID_00e7fcc6-2f6d-4054-b9ca-e190fa4ecdce,DLA7,2018-07-26,15:13:11,3313071.0,Medium,FV,33.878341,-117.783717,Dropoff,B-5.2D,81
RouteID_00e7fcc6-2f6d-4054-b9ca-e190fa4ecdce,DLA7,2018-07-26,15:13:11,3313071.0,Medium,YM,33.87812,-117.783992,Dropoff,B-5.2D,82
RouteID_00e7fcc6-2f6d-4054-b9ca-e190fa4ecdce,DLA7,2018-07-26,15:13:11,3313071.0,Medium,UF,33.878431,-117.783558,Dropoff,B-5.2D,83
RouteID_00e7fcc6-2f6d-4054-b9ca-e190fa4ecdce,DLA7,2018-07-26,15:13:11,3313071.0,Medium,NP,33.879964,-117.782279,Dropoff,B-5.2D,84
RouteID_00e7fcc6-2f6d-4054-b9ca-e190fa4ecdce,DLA7,2018-07-26,15:13:11,3313071.0,Medium,DS,33.880431,-117.782603,Dropoff,B-5.2D,85
RouteID_00e7fcc6-2f6d-4054-b9ca-e190fa4ecdce,DLA7,2018-07-26,15:13:11,3313071.0,Medium,TN,33.878401,-117.780821,Dropoff,B-5.2D,86
RouteID_00e7fcc6-2f6d-4054-b9ca-e190fa4ecdce,DLA7,2018-07-26,15:13:11,3313071.0,Medium,KD,33.877342,-117.783085,Dropoff,B-5.1D,87
RouteID_00e7fcc6-2f6d-4054-b9ca-e190fa4ecdce,DLA7,2018-07-26,15:13:11,3313071.0,Medium,LE,33.876811,-117.782014,Dropoff,B-5.1D,88
RouteID_00e7fcc6-2f6d-4054-b9ca-e190fa4ecdce,DLA7,2018-07-26,15:13:11,3313071.0,Medium,EI,33.876754,-117.782333,Dropoff,B-5.1D,89
RouteID_00e7fcc6-2f6d-4054-b9ca-e190fa4ecdce,DLA7,2018-07-26,15:13:11,3313071.0,Medium,XJ,33.877049,-117.783238,Dropoff,B-5.1D,90
RouteID_00e7fcc6-2f6d-4054-b9ca-e190fa4ecdce,DLA7,2018-07-26,15:13:11,3313071.0,Medium,LN,33.877789,-117.781984,Dropoff,B-5.1D,91
RouteID_00e7fcc6-2f6d-4054-b9ca-e190fa4ecdce,DLA7,2018-07-26,15:13:11,3313071.0,Medium,NC,33.877751,-117.781223,Dropoff,B-5.1D,92
RouteID_00e7fcc6-2f6d-4054-b9ca-e190fa4ecdce,DLA7,2018-07-26,15:13:11,3313071.0,Medium,ZL,33.873855,-117.781204,Dropoff,B-5.1E,93
RouteID_00e7fcc6-2f6d-4054-b9ca-e190fa4ecdce,DLA7,2018-07-26,15:13:11,3313071.0,Medium,CB,33.873408,-117.778277,Dropoff,B-5.1E,94
RouteID_00e7fcc6-2f6d-4054-b9ca-e190fa4ecdce,DLA7,2018-07-26,15:13:11,3313071.0,Medium,SZ,33.873309,-117.774706,Dropoff,B-5.2E,95
RouteID_00e7fcc6-2f6d-4054-b9ca-e190fa4ecdce,DLA7,2018-07-26,15:13:11,3313071.0,Medium,LP,33.872961,-117.773451,Dropoff,B-5.2E,96
RouteID_00e7fcc6-2f6d-4054-b9ca-e190fa4ecdce,DLA7,2018-07-26,15:13:11,3313071.0,Medium,XE,33.874297,-117.778525,Dropoff,B-5.2E,97
RouteID_00e7fcc6-2f6d-4054-b9ca-e190fa4ecdce,DLA7,2018-07-26,15:13:11,3313071.0,Medium,PM,33.874588,-117.776744,Dropoff,B-5.2E,98
RouteID_00e7fcc6-2f6d-4054-b9ca-e190fa4ecdce,DLA7,2018-07-26,15:13:11,3313071.0,Medium,BY,33.874212,-117.77591,Dropoff,,99
RouteID_00e7fcc6-2f6d-4054-b9ca-e190fa4ecdce,DLA7,2018-07-26,15:13:11,3313071.0,Medium,DT,33.875191,-117.779218,Dropoff,B-5.2E,100
RouteID_00e7fcc6-2f6d-4054-b9ca-e190fa4ecdce,DLA7,2018-07-26,15:13:11,3313071.0,Medium,MD,33.875071,-117.775784,Dropoff,B-5.3E,101
RouteID_00e7fcc6-2f6d-4054-b9ca-e190fa4ecdce,DLA7,2018-07-26,15:13:11,3313071.0,Medium,EN,33.875734,-117.777961,Dropoff,B-5.3E,102
RouteID_00e7fcc6-2f6d-4054-b9ca-e190fa4ecdce,DLA7,2018-07-26,15:13:11,3313071.0,Medium,PU,33.875896,-117.778877,Dropoff,B-5.3E,103
RouteID_00e7fcc6-2f6d-4054-b9ca-e190fa4ecdce,DLA7,2018-07-26,15:13:11,3313071.0,Medium,QP,33.876027,-117.779385,Dropoff,B-5.3E,104
RouteID_00e7fcc6-2f6d-4054-b9ca-e190fa4ecdce,DLA7,2018-07-26,15:13:11,3313071.0,Medium,BK,33.875867,-117.775759,Dropoff,B-5.3E,105
RouteID_00e7fcc6-2f6d-4054-b9ca-e190fa4ecdce,DLA7,2018-07-26,15:13:11,3313071.0,Medium,IK,33.876432,-117.777177,Dropoff,B-5.3E,106
RouteID_00e7fcc6-2f6d-4054-b9ca-e190fa4ecdce,DLA7,2018-07-26,15:13:11,3313071.0,Medium,TH,33.877256,-117.777867,Dropoff,B-5.3E,107
RouteID_00e7fcc6-2f6d-4054-b9ca-e190fa4ecdce,DLA7,2018-07-26,15:13:11,3313071.0,Medium,AF,33.877582,-117.776634,Dropoff,B-5.3E,108
RouteID_00e7fcc6-2f6d-4054-b9ca-e190fa4ecdce,DLA7,2018-07-26,15:13:11,3313071.0,Medium,PA,33.878234,-117.775725,Dropoff,B-5.3E,109
RouteID_00e7fcc6-2f6d-4054-b9ca-e190fa4ecdce,DLA7,2018-07-26,15:13:11,3313071.0,Medium,TC,33.87454,-117.773905,Dropoff,B-5.3G,110
RouteID_00e7fcc6-2f6d-4054-b9ca-e190fa4ecdce,DLA7,2018-07-26,15:13:11,3313071.0,Medium,WK,33.874724,-117.773769,Dropoff,B-5.3G,111
RouteID_00e7fcc6-2f6d-4054-b9ca-e190fa4ecdce,DLA7,2018-07-26,15:13:11,3313071.0,Medium,OF,33.875318,-117.774017,Dropoff,B-5.3G,112
RouteID_00e7fcc6-2f6d-4054-b9ca-e190fa4ecdce,DLA7,2018-07-26,15:13:11,3313071.0,Medium,ZE,33.877821,-117.774237,Dropoff,B-5.3G,113
RouteID_00e7fcc6-2f6d-4054-b9ca-e190fa4ecdce,DLA7,2018-07-26,15:13:11,3313071.0,Medium,FK,33.88013,-117.7752,Dropoff,B-5.3G,114
RouteID_00e7fcc6-2f6d-4054-b9ca-e190fa4ecdce,DLA7,2018-07-26,15:13:11,3313071.0,Medium,BS,33.880292,-117.773213,Dropoff,B-5.2G,115
RouteID_00e7fcc6-2f6d-4054-b9ca-e190fa4ecdce,DLA7,2018-07-26,15:13:11,3313071.0,Medium,VU,33.881494,-117.773439,Dropoff,B-5.2G,116
RouteID_00e7fcc6-2f6d-4054-b9ca-e190fa4ecdce,DLA7,2018-07-26,15:13:11,3313071.0,Medium,KC,33.88097,-117.774235,Dropoff,B-5.2G,117
RouteID_00e7fcc6-2f6d-4054-b9ca-e190fa4ecdce,DLA7,2018-07-26,15:13:11,3313071.0,Medium,OM,33.881474,-117.776299,Dropoff,B-5.2G,118
RouteID_00e7fcc6-2f6d-4054-b9ca-e190fa4ecdce,DLA7,2018-07-26,15:13:11,3313071.0,Medium,OX,33.881686,-117.775435,Dropoff,B-5.2G,119
RouteID_00e7fcc6-2f6d-4054-b9ca-e190fa4ecdce,DLA7,2018-07-26,15:13:11,3313071.0,Medium,FW,33.881795,-117.774504,Dropoff,B-5.2G,120
RouteID_00e7fcc6-2f6d-4054-b9ca-e190fa4ecdce,DLA7,2018-07-26,15:13:11,3313071.0,Medium,SW,33.883203,-117.774509,Dropoff,B-5.1G,121
RouteID_00e7fcc6-2f6d-4054-b9ca-e190fa4ecdce,DLA7,2018-07-26,15:13:11,3313071.0,Medium,YO,33.885537,-117.773801,Dropoff,B-5.1G,122
RouteID_00e7fcc6-2f6d-4054-b9ca-e190fa4ecdce,DLA7,2018-07-26,15:13:11,3313071.0,Medium,RX,33.886385,-117.774617,Dropoff,B-5.1G,123
RouteID_00e7fcc6-2f6d-4054-b9ca-e190fa4ecdce,DLA7,2018-07-26,15:13:11,3313071.0,Medium,XZ,33.886879,-117.77617,Dropoff,B-5.1G,124
RouteID_00e7fcc6-2f6d-4054-b9ca-e190fa4ecdce,DLA7,2018-07-26,15:13:11,3313071.0,Medium,TY,33.888693,-117.77388,Dropoff,B-5.1G,125
RouteID_00e7fcc6-2f6d-4054-b9ca-e190fa4ecdce,DLA7,2018-07-26,15:13:11,3313071.0,Medium,UX,33.888436,-117.77531,Dropoff,B-5.1H,126
RouteID_00e7fcc6-2f6d-4054-b9ca-e190fa4ecdce,DLA7,2018-07-26,15:13:11,3313071.0,Medium,QU,33.888025,-117.776462,Dropoff,B-5.1H,127
RouteID_00e7fcc6-2f6d-4054-b9ca-e190fa4ecdce,DLA7,2018-07-26,15:13:11,3313071.0,Medium,CR,33.887214,-117.776952,Dropoff,B-5.1H,128
RouteID_00e7fcc6-2f6d-4054-b9ca-e190fa4ecdce,DLA7,2018-07-26,15:13:11,3313071.0,Medium,XI,33.889249,-117.77859,Dropoff,B-5.2H,129
RouteID_00e7fcc6-2f6d-4054-b9ca-e190fa4ecdce,DLA7,2018-07-26,15:13:11,3313071.0,Medium,NZ,33.888955,-117.780332,Dropoff,B-5.2H,130
RouteID_00e7fcc6-2f6d-4054-b9ca-e190fa4ecdce,DLA7,2018-07-26,15:13:11,3313071.0,Medium,GI,33.889888,-117.778514,Dropoff,B-5.2H,131
RouteID_00e7fcc6-2f6d-4054-b9ca-e190fa4ecdce,DLA7,2018-07-26,15:13:11,3313071.0,Medium,EK,33.890257,-117.773817,Dropoff,B-5.2H,132
RouteID_00e7fcc6-2f6d-4054-b9ca-e190fa4ecdce,DLA7,2018-07-26,15:13:11,3313071.0,Medium,LT,33.890218,-117.775302,Dropoff,B-5.2H,133
RouteID_00e7fcc6-2f6d-4054-b9ca-e190fa4ecdce,DLA7,2018-07-26,15:13:11,3313071.0,Medium,EX,33.892595,-117.774039,Dropoff,B-5.2J,134
RouteID_00e7fcc6-2f6d-4054-b9ca-e190fa4ecdce,DLA7,2018-07-26,15:13:11,3313071.0,Medium,ZX,33.895486,-117.772956,Dropoff,B-5.2J,135
RouteID_00e7fcc6-2f6d-4054-b9ca-e190fa4ecdce,DLA7,2018-07-26,15:13:11,3313071.0,Medium,IT,33.894182,-117.772933,Dropoff,B-5.2J,136
RouteID_00e7fcc6-2f6d-4054-b9ca-e190fa4ecdce,DLA7,2018-07-26,15:13:11,3313071.0,Medium,SS,33.893762,-117.771888,Dropoff,B-5.2J,137
RouteID_00e7fcc6-2f6d-4054-b9ca-e190fa4ecdce,DLA7,2018-07-26,15:13:11,3313071.0,Medium,BR,33.893265,-117.771331,Dropoff,B-5.1J,138
RouteID_00e7fcc6-2f6d-4054-b9ca-e190fa4ecdce,DLA7,2018-07-26,15:13:11,3313071.0,Medium,ZH,33.895595,-117.769365,Dropoff,B-5.1J,139
RouteID_00e7fcc6-2f6d-4054-b9ca-e190fa4ecdce,DLA7,2018-07-26,15:13:11,3313071.0,Medium,FA,33.894114,-117.770103,Dropoff,B-5.1J,140
RouteID_00e7fcc6-2f6d-4054-b9ca-e190fa4ecdce,DLA7,2018-07-26,15:13:11,3313071.0,Medium,LX,33.894075,-117.77063,Dropoff,B-5.1J,141
RouteID_00e7fcc6-2f6d-4054-b9ca-e190fa4ecdce,DLA7,2018-07-26,15:13:11,3313071.0,Medium,AY,33.893269,-117.77033,Dropoff,B-5.1J,142
RouteID_00e7fcc6-2f6d-4054-b9ca-e190fa4ecdce,DLA7,2018-07-26,15:13:11,3313071.0,Medium,BN,33.89251,-117.77022,Dropoff,B-5.1J,143
RouteID_00e7fcc6-2f6d-4054-b9ca-e190fa4ecdce,DLA7,2018-07-26,15:13:11,3313071.0,Medium,GB,33.892111,-117.770214,Dropoff,B-5.1J,144
RouteID_00e7fcc6-2f6d-4054-b9ca-e190fa4ecdce,DLA7,2018-07-26,15:13:11,3313071.0,Medium,FF,33.892334,-117.768958,Dropoff,B-5.1J,145
RouteID_00e7fcc6-2f6d-4054-b9ca-e190fa4ecdce,DLA7,2018-07-26,15:13:11,3313071.0,Medium,UI,33.889161,-117.770098,Dropoff,B-4.1J,146
RouteID_00e7fcc6-2f6d-4054-b9ca-e190fa4ecdce,DLA7,2018-07-26,15:13:11,3313071.0,Medium,BC,33.888519,-117.772128,Dropoff,B-4.1J,147
RouteID_00e7fcc6-2f6d-4054-b9ca-e190fa4ecdce,DLA7,2018-07-26,15:13:11,3313071.0,Medium,TT,33.889635,-117.772801,Dropoff,B-4.1J,148
RouteID_00e7fcc6-2f6d-4054-b9ca-e190fa4ecdce,DLA7,2018-07-26,15:13:11,3313071.0,Medium,SI,33.890213,-117.772797,Dropoff,B-4.1J,149
RouteID_00e7fcc6-2f6d-4054-b9ca-e190fa4ecdce,DLA7,2018-07-26,15:13:11,3313071.0,Medium,UR,33.889797,-117.772206,Dropoff,B-4.1J,150
RouteID_00e7fcc6-2f6d-4054-b9ca-e190fa4ecdce,DLA7,2018-07-26,15:13:11,3313071.0,Medium,BE,33.894178,-117.776324,Dropoff,B-5.3H,151
RouteID_00e7fcc6-2f6d-4054-b9ca-e190fa4ecdce,DLA7,2018-07-26,15:13:11,3313071.0,Medium,CW,33.894189,-117.775656,Dropoff,B-5.3H,152
RouteID_00e7fcc6-2f6d-4054-b9ca-e190fa4ecdce,DLA7,2018-07-26,15:13:11,3313071.0,Medium,OB,33.894219,-117.774469,Dropoff,B-5.3H,153
RouteID_00e7fcc6-2f6d-4054-b9ca-e190fa4ecdce,DLA7,2018-07-26,15:13:11,3313071.0,Medium,NW,33.894915,-117.773917,Dropoff,B-5.3H,154
RouteID_00e7fcc6-2f6d-4054-b9ca-e190fa4ecdce,DLA7,2018-07-26,15:13:11,3313071.0,Medium,HR,33.895004,-117.775965,Dropoff,B-5.3H,155
RouteID_00e7fcc6-2f6d-4054-b9ca-e190fa4ecdce,DLA7,2018-07-26,15:13:11,3313071.0,Medium,DB,33.89577,-117.77485,Dropoff,B-5.3H,156
RouteID_00e7fcc6-2f6d-4054-b9ca-e190fa4ecdce,DLA7,2018-07-26,15:13:11,3313071.0,Medium,AC,33.895832,-117.775624,Dropoff,B-5.3H,157
RouteID_00e7fcc6-2f6d-4054-b9ca-e190fa4ecdce,DLA7,2018-07-26,15:13:11,3313071.0,Medium,FI,33.896359,-117.778163,Dropoff,B-5.3H,158
RouteID_00e7fcc6-2f6d-4054-b9ca-e190fa4ecdce,DLA7,2018-07-26,15:13:11,3313071.0,Medium,UP,33.895611,-117.778666,Dropoff,B-5.3J,159
RouteID_00e7fcc6-2f6d-4054-b9ca-e190fa4ecdce,DLA7,2018-07-26,15:13:11,3313071.0,Medium,YF,33.894031,-117.778226,Dropoff,B-5.3J,160
RouteID_00e7fcc6-2f6d-4054-b9ca-e190fa4ecdce,DLA7,2018-07-26,15:13:11,3313071.0,Medium,SF,33.893687,-117.779055,Dropoff,B-5.3J,161
RouteID_00e7fcc6-2f6d-4054-b9ca-e190fa4ecdce,DLA7,2018-07-26,15:13:11,3313071.0,Medium,AG,33.89309,-117.778639,Dropoff,B-5.3J,162
RouteID_00e7fcc6-2f6d-4054-b9ca-e190fa4ecdce,DLA7,2018-07-26,15:13:11,3313071.0,Medium,HS,33.892868,-117.779193,Dropoff,B-5.3J,163
RouteID_00e7fcc6-2f6d-4054-b9ca-e190fa4ecdce,DLA7,2018-07-26,15:13:11,3313071.0,Medium,HE,33.891588,-117.77847,Dropoff,B-5.3J,164
RouteID_00e7fcc6-2f6d-4054-b9ca-e190fa4ecdce,DLA7,2018-07-26,15:13:11,3313071.0,Medium,WB,33.892403,-117.778591,Dropoff,B-5.3J,165
RouteID_00e7fcc6-2f6d-4054-b9ca-e190fa4ecdce,DLA7,2018-07-26,15:13:11,3313071.0,Medium,TU,33.892648,-117.777693,Dropoff,B-5.3J,166
RouteID_00ead793-e8f0-4ac6-a2d7-d988f05cc715,DLA7,2018-07-28,15:50:45,3313071.0,High,RF,33.965477,-117.653303,Station,,0
RouteID_00ead793-e8f0-4ac6-a2d7-d988f05cc715,DLA7,2018-07-28,15:50:45,3313071.0,High,TM,33.958763,-117.613869,Dropoff,A-30.1B,1
RouteID_00ead793-e8f0-4ac6-a2d7-d988f05cc715,DLA7,2018-07-28,15:50:45,3313071.0,High,FW,33.963358,-117.609901,Dropoff,A-30.1B,2
RouteID_00ead793-e8f0-4ac6-a2d7-d988f05cc715,DLA7,2018-07-28,15:50:45,3313071.0,High,AH,33.961584,-117.610354,Dropoff,A-30.1B,3
RouteID_00ead793-e8f0-4ac6-a2d7-d988f05cc715,DLA7,2018-07-28,15:50:45,3313071.0,High,YY,33.960883,-117.61027,Dropoff,A-30.1B,4
RouteID_00ead793-e8f0-4ac6-a2d7-d988f05cc715,DLA7,2018-07-28,15:50:45,3313071.0,High,KX,33.960939,-117.609515,Dropoff,A-30.1B,5
RouteID_00ead793-e8f0-4ac6-a2d7-d988f05cc715,DLA7,2018-07-28,15:50:45,3313071.0,High,MP,33.961187,-117.608521,Dropoff,A-30.1B,6
RouteID_00ead793-e8f0-4ac6-a2d7-d988f05cc715,DLA7,2018-07-28,15:50:45,3313071.0,High,UZ,33.961769,-117.606819,Dropoff,A-30.1B,7
RouteID_00ead793-e8f0-4ac6-a2d7-d988f05cc715,DLA7,2018-07-28,15:50:45,3313071.0,High,HQ,33.962421,-117.606813,Dropoff,A-30.1B,8
RouteID_00ead793-e8f0-4ac6-a2d7-d988f05cc715,DLA7,2018-07-28,15:50:45,3313071.0,High,XE,33.962539,-117.608046,Dropoff,A-30.1B,9
RouteID_00ead793-e8f0-4ac6-a2d7-d988f05cc715,DLA7,2018-07-28,15:50:45,3313071.0,High,FD,33.963261,-117.608304,Dropoff,A-30.1B,10
RouteID_00ead793-e8f0-4ac6-a2d7-d988f05cc715,DLA7,2018-07-28,15:50:45,3313071.0,High,ZA,33.960569,-117.61367,Dropoff,A-30.1B,11
RouteID_00ead793-e8f0-4ac6-a2d7-d988f05cc715,DLA7,2018-07-28,15:50:45,3313071.0,High,GW,33.963168,-117.602928,Dropoff,A-30.2B,12
RouteID_00ead793-e8f0-4ac6-a2d7-d988f05cc715,DLA7,2018-07-28,15:50:45,3313071.0,High,BX,33.962673,-117.603856,Dropoff,A-30.2B,13
RouteID_00ead793-e8f0-4ac6-a2d7-d988f05cc715,DLA7,2018-07-28,15:50:45,3313071.0,High,MC,33.962305,-117.603858,Dropoff,A-30.2B,14
RouteID_00ead793-e8f0-4ac6-a2d7-d988f05cc715,DLA7,2018-07-28,15:50:45,3313071.0,High,NV,33.962172,-117.604022,Dropoff,A-30.2B,15
RouteID_00ead793-e8f0-4ac6-a2d7-d988f05cc715,DLA7,2018-07-28,15:50:45,3313071.0,High,RT,33.965546,-117.605804,Dropoff,A-30.3B,16
RouteID_00ead793-e8f0-4ac6-a2d7-d988f05cc715,DLA7,2018-07-28,15:50:45,3313071.0,High,WR,33.966551,-117.605668,Dropoff,A-30.3B,17
RouteID_00ead793-e8f0-4ac6-a2d7-d988f05cc715,DLA7,2018-07-28,15:50:45,3313071.0,High,LW,33.965644,-117.605313,Dropoff,A-30.3B,18
RouteID_00ead793-e8f0-4ac6-a2d7-d988f05cc715,DLA7,2018-07-28,15:50:45,3313071.0,High,DZ,33.966808,-117.604716,Dropoff,A-30.3B,19
RouteID_00ead793-e8f0-4ac6-a2d7-d988f05cc715,DLA7,2018-07-28,15:50:45,3313071.0,High,EM,33.966296,-117.604734,Dropoff,,20
RouteID_00ead793-e8f0-4ac6-a2d7-d988f05cc715,DLA7,2018-07-28,15:50:45,3313071.0,High,GK,33.965799,-117.604451,Dropoff,A-30.3B,21
RouteID_00ead793-e8f0-4ac6-a2d7-d988f05cc715,DLA7,2018-07-28,15:50:45,3313071.0,High,OX,33.967137,-117.603682,Dropoff,A-30.3B,22
RouteID_00ead793-e8f0-4ac6-a2d7-d988f05cc715,DLA7,2018-07-28,15:50:45,3313071.0,High,RD,33.967481,-117.603708,Dropoff,A-30.3B,23
RouteID_00ead793-e8f0-4ac6-a2d7-d988f05cc715,DLA7,2018-07-28,15:50:45,3313071.0,High,EO,33.965822,-117.603552,Dropoff,A-30.3B,24
RouteID_00ead793-e8f0-4ac6-a2d7-d988f05cc715,DLA7,2018-07-28,15:50:45,3313071.0,High,CF,33.967071,-117.602646,Dropoff,A-30.3A,25
RouteID_00ead793-e8f0-4ac6-a2d7-d988f05cc715,DLA7,2018-07-28,15:50:45,3313071.0,High,RK,33.965183,-117.602727,Dropoff,A-30.3A,26
RouteID_00ead793-e8f0-4ac6-a2d7-d988f05cc715,DLA7,2018-07-28,15:50:45,3313071.0,High,TP,33.96392,-117.602681,Dropoff,A-30.3A,27
RouteID_00ead793-e8f0-4ac6-a2d7-d988f05cc715,DLA7,2018-07-28,15:50:45,3313071.0,High,GS,33.964344,-117.605641,Dropoff,A-30.3A,28
RouteID_00ead793-e8f0-4ac6-a2d7-d988f05cc715,DLA7,2018-07-28,15:50:45,3313071.0,High,UG,33.963886,-117.605645,Dropoff,A-30.3A,29
RouteID_00ead793-e8f0-4ac6-a2d7-d988f05cc715,DLA7,2018-07-28,15:50:45,3313071.0,High,EY,33.963281,-117.605655,Dropoff,A-30.3A,30
RouteID_00ead793-e8f0-4ac6-a2d7-d988f05cc715,DLA7,2018-07-28,15:50:45,3313071.0,High,SP,33.960087,-117.607708,Dropoff,A-30.3A,31
RouteID_00ead793-e8f0-4ac6-a2d7-d988f05cc715,DLA7,2018-07-28,15:50:45,3313071.0,High,MQ,33.957614,-117.608637,Dropoff,A-30.2A,32
RouteID_00ead793-e8f0-4ac6-a2d7-d988f05cc715,DLA7,2018-07-28,15:50:45,3313071.0,High,UN,33.957601,-117.609204,Dropoff,A-30.2A,33
RouteID_00ead793-e8f0-4ac6-a2d7-d988f05cc715,DLA7,2018-07-28,15:50:45,3313071.0,High,VN,33.957631,-117.610301,Dropoff,A-30.2A,34
RouteID_00ead793-e8f0-4ac6-a2d7-d988f05cc715,DLA7,2018-07-28,15:50:45,3313071.0,High,ZX,33.956554,-117.608884,Dropoff,A-30.1A,35
RouteID_00ead793-e8f0-4ac6-a2d7-d988f05cc715,DLA7,2018-07-28,15:50:45,3313071.0,High,JO,33.956008,-117.610329,Dropoff,A-30.1A,36
RouteID_00ead793-e8f0-4ac6-a2d7-d988f05cc715,DLA7,2018-07-28,15:50:45,3313071.0,High,GE,33.954988,-117.606935,Dropoff,A-30.1A,37
RouteID_00ead793-e8f0-4ac6-a2d7-d988f05cc715,DLA7,2018-07-28,15:50:45,3313071.0,High,HH,33.954983,-117.608426,Dropoff,A-30.1A,38
RouteID_00ead793-e8f0-4ac6-a2d7-d988f05cc715,DLA7,2018-07-28,15:50:45,3313071.0,High,YM,33.954242,-117.60943,Dropoff,A-30.1A,39
RouteID_00ead793-e8f0-4ac6-a2d7-d988f05cc715,DLA7,2018-07-28,15:50:45,3313071.0,High,KY,33.954051,-117.60822,Dropoff,A-30.1A,40
RouteID_00ead793-e8f0-4ac6-a2d7-d988f05cc715,DLA7,2018-07-28,15:50:45,3313071.0,High,IJ,33.953081,-117.609079,Dropoff,A-31.1A,41
RouteID_00ead793-e8f0-4ac6-a2d7-d988f05cc715,DLA7,2018-07-28,15:50:45,3313071.0,High,AW,33.953169,-117.60908,Dropoff,A-31.1A,42
RouteID_00ead793-e8f0-4ac6-a2d7-d988f05cc715,DLA7,2018-07-28,15:50:45,3313071.0,High,WX,33.952719,-117.609074,Dropoff,A-31.1A,43
RouteID_00ead793-e8f0-4ac6-a2d7-d988f05cc715,DLA7,2018-07-28,15:50:45,3313071.0,High,TK,33.953181,-117.608161,Dropoff,A-31.1A,44
RouteID_00ead793-e8f0-4ac6-a2d7-d988f05cc715,DLA7,2018-07-28,15:50:45,3313071.0,High,HP,33.952701,-117.60816,Dropoff,A-31.1A,45
RouteID_00ead793-e8f0-4ac6-a2d7-d988f05cc715,DLA7,2018-07-28,15:50:45,3313071.0,High,EK,33.954052,-117.607142,Dropoff,A-31.1A,46
RouteID_00ead793-e8f0-4ac6-a2d7-d988f05cc715,DLA7,2018-07-28,15:50:45,3313071.0,High,HD,33.95405,-117.606669,Dropoff,A-31.1A,47
RouteID_00ead793-e8f0-4ac6-a2d7-d988f05cc715,DLA7,2018-07-28,15:50:45,3313071.0,High,IG,33.955133,-117.604702,Dropoff,A-31.1A,48
RouteID_00ead793-e8f0-4ac6-a2d7-d988f05cc715,DLA7,2018-07-28,15:50:45,3313071.0,High,NM,33.955781,-117.605107,Dropoff,A-31.2A,49
RouteID_00ead793-e8f0-4ac6-a2d7-d988f05cc715,DLA7,2018-07-28,15:50:45,3313071.0,High,QE,33.956439,-117.603952,Dropoff,A-31.2A,50
RouteID_00ead793-e8f0-4ac6-a2d7-d988f05cc715,DLA7,2018-07-28,15:50:45,3313071.0,High,SI,33.956592,-117.603852,Dropoff,A-31.2A,51
RouteID_00ead793-e8f0-4ac6-a2d7-d988f05cc715,DLA7,2018-07-28,15:50:45,3313071.0,High,LQ,33.95733,-117.603531,Dropoff,A-31.2A,52
RouteID_00ead793-e8f0-4ac6-a2d7-d988f05cc715,DLA7,2018-07-28,15:50:45,3313071.0,High,PF,33.958509,-117.603381,Dropoff,A-31.2A,53
RouteID_00ead793-e8f0-4ac6-a2d7-d988f05cc715,DLA7,2018-07-28,15:50:45,3313071.0,High,VK,33.959794,-117.603728,Dropoff,A-31.2A,54
RouteID_00ead793-e8f0-4ac6-a2d7-d988f05cc715,DLA7,2018-07-28,15:50:45,3313071.0,High,ZF,33.96018,-117.604128,Dropoff,A-31.2A,55
RouteID_00ead793-e8f0-4ac6-a2d7-d988f05cc715,DLA7,2018-07-28,15:50:45,3313071.0,High,VE,33.9602,-117.604606,Dropoff,A-31.2A,56
RouteID_00ead793-e8f0-4ac6-a2d7-d988f05cc715,DLA7,2018-07-28,15:50:45,3313071.0,High,LG,33.956618,-117.607205,Dropoff,A-31.3A,57
RouteID_00ead793-e8f0-4ac6-a2d7-d988f05cc715,DLA7,2018-07-28,15:50:45,3313071.0,High,CP,33.956562,-117.606595,Dropoff,A-31.3A,58
RouteID_00ead793-e8f0-4ac6-a2d7-d988f05cc715,DLA7,2018-07-28,15:50:45,3313071.0,High,EP,33.956686,-117.605009,Dropoff,A-31.3A,59
RouteID_00ead793-e8f0-4ac6-a2d7-d988f05cc715,DLA7,2018-07-28,15:50:45,3313071.0,High,WY,33.957179,-117.604601,Dropoff,A-31.3A,60
RouteID_00ead793-e8f0-4ac6-a2d7-d988f05cc715,DLA7,2018-07-28,15:50:45,3313071.0,High,AV,33.958241,-117.60426,Dropoff,A-31.3A,61
RouteID_00ead793-e8f0-4ac6-a2d7-d988f05cc715,DLA7,2018-07-28,15:50:45,3313071.0,High,DB,33.958554,-117.604402,Dropoff,A-31.3A,62
RouteID_00ead793-e8f0-4ac6-a2d7-d988f05cc715,DLA7,2018-07-28,15:50:45,3313071.0,High,OL,33.95971,-117.605621,Dropoff,A-31.3A,63
RouteID_00ead793-e8f0-4ac6-a2d7-d988f05cc715,DLA7,2018-07-28,15:50:45,3313071.0,High,MZ,33.958964,-117.606033,Dropoff,A-31.3A,64
RouteID_00ead793-e8f0-4ac6-a2d7-d988f05cc715,DLA7,2018-07-28,15:50:45,3313071.0,High,FV,33.960849,-117.600238,Dropoff,A-31.3B,65
RouteID_00ead793-e8f0-4ac6-a2d7-d988f05cc715,DLA7,2018-07-28,15:50:45,3313071.0,High,WJ,33.9614,-117.598078,Dropoff,A-31.3B,66
RouteID_00ead793-e8f0-4ac6-a2d7-d988f05cc715,DLA7,2018-07-28,15:50:45,3313071.0,High,RZ,33.963109,-117.599054,Dropoff,A-31.3B,67
RouteID_00ead793-e8f0-4ac6-a2d7-d988f05cc715,DLA7,2018-07-28,15:50:45,3313071.0,High,WW,33.963058,-117.600212,Dropoff,A-31.3B,68
RouteID_00ead793-e8f0-4ac6-a2d7-d988f05cc715,DLA7,2018-07-28,15:50:45,3313071.0,High,CC,33.962926,-117.600591,Dropoff,A-31.3B,69
RouteID_00ead793-e8f0-4ac6-a2d7-d988f05cc715,DLA7,2018-07-28,15:50:45,3313071.0,High,PJ,33.963913,-117.600734,Dropoff,A-31.3B,70
RouteID_00ead793-e8f0-4ac6-a2d7-d988f05cc715,DLA7,2018-07-28,15:50:45,3313071.0,High,CT,33.965263,-117.600954,Dropoff,A-31.2B,71
RouteID_00ead793-e8f0-4ac6-a2d7-d988f05cc715,DLA7,2018-07-28,15:50:45,3313071.0,High,OE,33.965854,-117.600336,Dropoff,A-31.2B,72
RouteID_00ead793-e8f0-4ac6-a2d7-d988f05cc715,DLA7,2018-07-28,15:50:45,3313071.0,High,ZV,33.967467,-117.59804,Dropoff,A-31.2B,73
RouteID_00ead793-e8f0-4ac6-a2d7-d988f05cc715,DLA7,2018-07-28,15:50:45,3313071.0,High,JX,33.967473,-117.596828,Dropoff,A-31.2B,74
RouteID_00ead793-e8f0-4ac6-a2d7-d988f05cc715,DLA7,2018-07-28,15:50:45,3313071.0,High,JF,33.967048,-117.596214,Dropoff,A-31.2B,75
RouteID_00ead793-e8f0-4ac6-a2d7-d988f05cc715,DLA7,2018-07-28,15:50:45,3313071.0,High,PO,33.967194,-117.599035,Dropoff,A-31.2B,76
RouteID_00ead793-e8f0-4ac6-a2d7-d988f05cc715,DLA7,2018-07-28,15:50:45,3313071.0,High,ML,33.966814,-117.599024,Dropoff,A-31.2B,77
RouteID_00ead793-e8f0-4ac6-a2d7-d988f05cc715,DLA7,2018-07-28,15:50:45,3313071.0,High,DW,33.96664,-117.599494,Dropoff,A-31.2B,78
RouteID_00ead793-e8f0-4ac6-a2d7-d988f05cc715,DLA7,2018-07-28,15:50:45,3313071.0,High,GI,33.966641,-117.601,Dropoff,A-31.1B,79
RouteID_00ead793-e8f0-4ac6-a2d7-d988f05cc715,DLA7,2018-07-28,15:50:45,3313071.0,High,CA,33.967177,-117.600999,Dropoff,A-31.1B,80
RouteID_00ead793-e8f0-4ac6-a2d7-d988f05cc715,DLA7,2018-07-28,15:50:45,3313071.0,High,VM,33.967747,-117.601001,Dropoff,A-31.1B,81
RouteID_00ead793-e8f0-4ac6-a2d7-d988f05cc715,DLA7,2018-07-28,15:50:45,3313071.0,High,IH,33.96838,-117.601095,Dropoff,A-31.1B,82
RouteID_00ead793-e8f0-4ac6-a2d7-d988f05cc715,DLA7,2018-07-28,15:50:45,3313071.0,High,KR,33.969052,-117.600585,Dropoff,A-31.1B,83
RouteID_00ead793-e8f0-4ac6-a2d7-d988f05cc715,DLA7,2018-07-28,15:50:45,3313071.0,High,CS,33.968673,-117.600229,Dropoff,A-31.1B,84
RouteID_00ead793-e8f0-4ac6-a2d7-d988f05cc715,DLA7,2018-07-28,15:50:45,3313071.0,High,VZ,33.968877,-117.599943,Dropoff,A-31.1B,85
RouteID_00ead793-e8f0-4ac6-a2d7-d988f05cc715,DLA7,2018-07-28,15:50:45,3313071.0,High,VF,33.968175,-117.597581,Dropoff,A-31.1C,86
RouteID_00ead793-e8f0-4ac6-a2d7-d988f05cc715,DLA7,2018-07-28,15:50:45,3313071.0,High,AD,33.969276,-117.597519,Dropoff,A-31.1C,87
RouteID_00ead793-e8f0-4ac6-a2d7-d988f05cc715,DLA7,2018-07-28,15:50:45,3313071.0,High,KD,33.9696,-117.596029,Dropoff,A-31.1C,88
RouteID_00ead793-e8f0-4ac6-a2d7-d988f05cc715,DLA7,2018-07-28,15:50:45,3313071.0,High,XF,33.969178,-117.596031,Dropoff,A-31.1C,89
RouteID_00ead793-e8f0-4ac6-a2d7-d988f05cc715,DLA7,2018-07-28,15:50:45,3313071.0,High,DH,33.96862,-117.59592,Dropoff,A-31.1C,90
RouteID_00ead793-e8f0-4ac6-a2d7-d988f05cc715,DLA7,2018-07-28,15:50:45,3313071.0,High,TL,33.968621,-117.594291,Dropoff,A-31.1C,91
RouteID_00ead793-e8f0-4ac6-a2d7-d988f05cc715,DLA7,2018-07-28,15:50:45,3313071.0,High,TW,33.969229,-117.594143,Dropoff,A-31.1C,92
RouteID_00ead793-e8f0-4ac6-a2d7-d988f05cc715,DLA7,2018-07-28,15:50:45,3313071.0,High,IO,33.969207,-117.59527,Dropoff,A-31.1C,93
RouteID_00ead793-e8f0-4ac6-a2d7-d988f05cc715,DLA7,2018-07-28,15:50:45,3313071.0,High,EA,33.96932,-117.595269,Dropoff,A-31.1C,94
RouteID_00ead793-e8f0-4ac6-a2d7-d988f05cc715,DLA7,2018-07-28,15:50:45,3313071.0,High,HT,33.970071,-117.593751,Dropoff,A-31.1C,95
RouteID_00ead793-e8f0-4ac6-a2d7-d988f05cc715,DLA7,2018-07-28,15:50:45,3313071.0,High,NX,33.969299,-117.59244,Dropoff,A-31.2C,96
RouteID_00ead793-e8f0-4ac6-a2d7-d988f05cc715,DLA7,2018-07-28,15:50:45,3313071.0,High,XB,33.97004,-117.592383,Dropoff,A-31.2C,97
RouteID_00ead793-e8f0-4ac6-a2d7-d988f05cc715,DLA7,2018-07-28,15:50:45,3313071.0,High,DE,33.970284,-117.590973,Dropoff,A-31.2C,98
RouteID_00ead793-e8f0-4ac6-a2d7-d988f05cc715,DLA7,2018-07-28,15:50:45,3313071.0,High,MG,33.969111,-117.590171,Dropoff,A-31.2C,99
RouteID_00ead793-e8f0-4ac6-a2d7-d988f05cc715,DLA7,2018-07-28,15:50:45,3313071.0,High,KN,33.968885,-117.591016,Dropoff,A-31.2C,100
RouteID_00ead793-e8f0-4ac6-a2d7-d988f05cc715,DLA7,2018-07-28,15:50:45,3313071.0,High,HM,33.968761,-117.589325,Dropoff,A-31.2C,101
RouteID_00ead793-e8f0-4ac6-a2d7-d988f05cc715,DLA7,2018-07-28,15:50:45,3313071.0,High,DN,33.96958,-117.58924,Dropoff,A-31.2C,102
RouteID_00ead793-e8f0-4ac6-a2d7-d988f05cc715,DLA7,2018-07-28,15:50:45,3313071.0,High,LD,33.971025,-117.588708,Dropoff,A-31.3C,103
RouteID_00ead793-e8f0-4ac6-a2d7-d988f05cc715,DLA7,2018-07-28,15:50:45,3313071.0,High,XA,33.970777,-117.586084,Dropoff,A-31.3C,104
RouteID_00ead793-e8f0-4ac6-a2d7-d988f05cc715,DLA7,2018-07-28,15:50:45,3313071.0,High,JV,33.970744,-117.585426,Dropoff,A-31.3C,105
RouteID_00ead793-e8f0-4ac6-a2d7-d988f05cc715,DLA7,2018-07-28,15:50:45,3313071.0,High,TO,33.970026,-117.585413,Dropoff,A-31.3C,106
RouteID_00ead793-e8f0-4ac6-a2d7-d988f05cc715,DLA7,2018-07-28,15:50:45,3313071.0,High,FA,33.969301,-117.585082,Dropoff,A-31.3C,107
RouteID_00ead793-e8f0-4ac6-a2d7-d988f05cc715,DLA7,2018-07-28,15:50:45,3313071.0,High,ID,33.96857,-117.586123,Dropoff,A-31.3C,108
RouteID_00ead793-e8f0-4ac6-a2d7-d988f05cc715,DLA7,2018-07-28,15:50:45,3313071.0,High,LM,33.969427,-117.586737,Dropoff,A-31.3C,109
RouteID_00ead793-e8f0-4ac6-a2d7-d988f05cc715,DLA7,2018-07-28,15:50:45,3313071.0,High,BN,33.970433,-117.587568,Dropoff,A-31.3C,110
RouteID_00ead793-e8f0-4ac6-a2d7-d988f05cc715,DLA7,2018-07-28,15:50:45,3313071.0,High,IZ,33.970125,-117.587758,Dropoff,A-31.3C,111
RouteID_00ead793-e8f0-4ac6-a2d7-d988f05cc715,DLA7,2018-07-28,15:50:45,3313071.0,High,KF,33.96755,-117.589177,Dropoff,A-31.3D,112
RouteID_00ead793-e8f0-4ac6-a2d7-d988f05cc715,DLA7,2018-07-28,15:50:45,3313071.0,High,OG,33.967549,-117.588574,Dropoff,A-31.3D,113
RouteID_00ead793-e8f0-4ac6-a2d7-d988f05cc715,DLA7,2018-07-28,15:50:45,3313071.0,High,CB,33.967548,-117.587921,Dropoff,A-31.3D,114
RouteID_00ead793-e8f0-4ac6-a2d7-d988f05cc715,DLA7,2018-07-28,15:50:45,3313071.0,High,TF,33.967551,-117.587107,Dropoff,A-31.3D,115
RouteID_00ead793-e8f0-4ac6-a2d7-d988f05cc715,DLA7,2018-07-28,15:50:45,3313071.0,High,DL,33.967561,-117.585698,Dropoff,A-31.3D,116
RouteID_00ead793-e8f0-4ac6-a2d7-d988f05cc715,DLA7,2018-07-28,15:50:45,3313071.0,High,HV,33.966815,-117.584761,Dropoff,A-31.3D,117
RouteID_00ead793-e8f0-4ac6-a2d7-d988f05cc715,DLA7,2018-07-28,15:50:45,3313071.0,High,DS,33.966808,-117.586041,Dropoff,A-31.3D,118
RouteID_00ead793-e8f0-4ac6-a2d7-d988f05cc715,DLA7,2018-07-28,15:50:45,3313071.0,High,PQ,33.966698,-117.588064,Dropoff,A-31.2D,119
RouteID_00ead793-e8f0-4ac6-a2d7-d988f05cc715,DLA7,2018-07-28,15:50:45,3313071.0,High,ZN,33.965608,-117.58966,Dropoff,A-31.1D,120
RouteID_00ead793-e8f0-4ac6-a2d7-d988f05cc715,DLA7,2018-07-28,15:50:45,3313071.0,High,DM,33.966263,-117.589811,Dropoff,A-31.1D,121
RouteID_00ead793-e8f0-4ac6-a2d7-d988f05cc715,DLA7,2018-07-28,15:50:45,3313071.0,High,PD,33.966788,-117.591038,Dropoff,A-31.1D,122
RouteID_00ead793-e8f0-4ac6-a2d7-d988f05cc715,DLA7,2018-07-28,15:50:45,3313071.0,High,JE,33.96754,-117.592411,Dropoff,A-31.1D,123
RouteID_00ead793-e8f0-4ac6-a2d7-d988f05cc715,DLA7,2018-07-28,15:50:45,3313071.0,High,XM,33.966725,-117.592418,Dropoff,A-31.1D,124
RouteID_00ead793-e8f0-4ac6-a2d7-d988f05cc715,DLA7,2018-07-28,15:50:45,3313071.0,High,XQ,33.965248,-117.592403,Dropoff,,125
RouteID_00ead793-e8f0-4ac6-a2d7-d988f05cc715,DLA7,2018-07-28,15:50:45,3313071.0,High,GR,33.96491,-117.591679,Dropoff,A-31.1D,126
RouteID_00ead793-e8f0-4ac6-a2d7-d988f05cc715,DLA7,2018-07-28,15:50:45,3313071.0,High,QO,33.965075,-117.591489,Dropoff,A-31.1D,127
RouteID_00ead793-e8f0-4ac6-a2d7-d988f05cc715,DLA7,2018-07-28,15:50:45,3313071.0,High,OM,33.96511,-117.590581,Dropoff,A-31.1D,128
RouteID_00ead793-e8f0-4ac6-a2d7-d988f05cc715,DLA7,2018-07-28,15:50:45,3313071.0,High,ZB,33.963951,-117.590358,Dropoff,A-31.1D,129
RouteID_00ead793-e8f0-4ac6-a2d7-d988f05cc715,DLA7,2018-07-28,15:50:45,3313071.0,High,YW,33.962773,-117.590118,Dropoff,A-31.1D,130
RouteID_00ead793-e8f0-4ac6-a2d7-d988f05cc715,DLA7,2018-07-28,15:50:45,3313071.0,High,KU,33.962634,-117.588177,Dropoff,A-31.1D,131
RouteID_00ead793-e8f0-4ac6-a2d7-d988f05cc715,DLA7,2018-07-28,15:50:45,3313071.0,High,ME,33.962173,-117.589018,Dropoff,A-31.1E,132
RouteID_00ead793-e8f0-4ac6-a2d7-d988f05cc715,DLA7,2018-07-28,15:50:45,3313071.0,High,HK,33.963113,-117.589141,Dropoff,A-31.1E,133
RouteID_00ead793-e8f0-4ac6-a2d7-d988f05cc715,DLA7,2018-07-28,15:50:45,3313071.0,High,EL,33.961451,-117.590139,Dropoff,A-31.1E,134
RouteID_00ead793-e8f0-4ac6-a2d7-d988f05cc715,DLA7,2018-07-28,15:50:45,3313071.0,High,YB,33.962218,-117.591045,Dropoff,A-31.1E,135
RouteID_00ead793-e8f0-4ac6-a2d7-d988f05cc715,DLA7,2018-07-28,15:50:45,3313071.0,High,VX,33.962306,-117.592392,Dropoff,A-31.1E,136
RouteID_00ead793-e8f0-4ac6-a2d7-d988f05cc715,DLA7,2018-07-28,15:50:45,3313071.0,High,TS,33.961799,-117.592073,Dropoff,A-31.1E,137
RouteID_00ead793-e8f0-4ac6-a2d7-d988f05cc715,DLA7,2018-07-28,15:50:45,3313071.0,High,QK,33.962565,-117.5924,Dropoff,A-31.1E,138
RouteID_00ead793-e8f0-4ac6-a2d7-d988f05cc715,DLA7,2018-07-28,15:50:45,3313071.0,High,BY,33.963853,-117.592376,Dropoff,A-31.1E,139
RouteID_00ead793-e8f0-4ac6-a2d7-d988f05cc715,DLA7,2018-07-28,15:50:45,3313071.0,High,WZ,33.963123,-117.591539,Dropoff,A-31.1E,140
RouteID_00ead793-e8f0-4ac6-a2d7-d988f05cc715,DLA7,2018-07-28,15:50:45,3313071.0,High,LT,33.967548,-117.593939,Dropoff,A-31.2E,141
RouteID_00ead793-e8f0-4ac6-a2d7-d988f05cc715,DLA7,2018-07-28,15:50:45,3313071.0,High,UQ,33.967273,-117.595829,Dropoff,A-31.2E,142
RouteID_00ead793-e8f0-4ac6-a2d7-d988f05cc715,DLA7,2018-07-28,15:50:45,3313071.0,High,VU,33.964857,-117.596141,Dropoff,A-31.2E,143
RouteID_00ead793-e8f0-4ac6-a2d7-d988f05cc715,DLA7,2018-07-28,15:50:45,3313071.0,High,TU,33.964838,-117.595099,Dropoff,A-31.2E,144
RouteID_00ead793-e8f0-4ac6-a2d7-d988f05cc715,DLA7,2018-07-28,15:50:45,3313071.0,High,PY,33.965045,-117.594515,Dropoff,A-31.2E,145
RouteID_00ead793-e8f0-4ac6-a2d7-d988f05cc715,DLA7,2018-07-28,15:50:45,3313071.0,High,HS,33.965944,-117.594378,Dropoff,A-31.2E,146
RouteID_00ead793-e8f0-4ac6-a2d7-d988f05cc715,DLA7,2018-07-28,15:50:45,3313071.0,High,LJ,33.966615,-117.59383,Dropoff,A-31.2E,147
RouteID_00ead793-e8f0-4ac6-a2d7-d988f05cc715,DLA7,2018-07-28,15:50:45,3313071.0,High,EG,33.965756,-117.59383,Dropoff,A-31.2E,148
RouteID_00ead793-e8f0-4ac6-a2d7-d988f05cc715,DLA7,2018-07-28,15:50:45,3313071.0,High,FZ,33.959051,-117.592609,Dropoff,A-31.3E,149
RouteID_00ead793-e8f0-4ac6-a2d7-d988f05cc715,DLA7,2018-07-28,15:50:45,3313071.0,High,YI,33.964,-117.593811,Dropoff,A-31.3E,150
RouteID_00ead793-e8f0-4ac6-a2d7-d988f05cc715,DLA7,2018-07-28,15:50:45,3313071.0,High,VI,33.963659,-117.593778,Dropoff,A-31.3E,151
RouteID_00ead793-e8f0-4ac6-a2d7-d988f05cc715,DLA7,2018-07-28,15:50:45,3313071.0,High,FG,33.963299,-117.595679,Dropoff,A-31.3E,152
RouteID_00ead793-e8f0-4ac6-a2d7-d988f05cc715,DLA7,2018-07-28,15:50:45,3313071.0,High,AX,33.963779,-117.59679,Dropoff,A-31.3G,153
RouteID_00ead793-e8f0-4ac6-a2d7-d988f05cc715,DLA7,2018-07-28,15:50:45,3313071.0,High,BV,33.964051,-117.595196,Dropoff,A-31.3G,154
RouteID_00ead793-e8f0-4ac6-a2d7-d988f05cc715,DLA7,2018-07-28,15:50:45,3313071.0,High,OJ,33.961754,-117.593798,Dropoff,A-31.3G,155
RouteID_00ead793-e8f0-4ac6-a2d7-d988f05cc715,DLA7,2018-07-28,15:50:45,3313071.0,High,AC,33.962116,-117.595206,Dropoff,A-31.3G,156
RouteID_00ead793-e8f0-4ac6-a2d7-d988f05cc715,DLA7,2018-07-28,15:50:45,3313071.0,High,GB,33.961799,-117.595826,Dropoff,A-31.3G,157
RouteID_00ead793-e8f0-4ac6-a2d7-d988f05cc715,DLA7,2018-07-28,15:50:45,3313071.0,High,XO,33.961514,-117.596983,Dropoff,A-31.3G,158
RouteID_00ead793-e8f0-4ac6-a2d7-d988f05cc715,DLA7,2018-07-28,15:50:45,3313071.0,High,OY,33.959209,-117.597205,Dropoff,A-31.2G,159
RouteID_00ead793-e8f0-4ac6-a2d7-d988f05cc715,DLA7,2018-07-28,15:50:45,3313071.0,High,JD,33.96022,-117.596294,Dropoff,A-31.2G,160
RouteID_00ead793-e8f0-4ac6-a2d7-d988f05cc715,DLA7,2018-07-28,15:50:45,3313071.0,High,YZ,33.960218,-117.596827,Dropoff,A-31.2G,161
RouteID_00ead793-e8f0-4ac6-a2d7-d988f05cc715,DLA7,2018-07-28,15:50:45,3313071.0,High,XK,33.959798,-117.596807,Dropoff,A-31.2G,162
RouteID_00ead793-e8f0-4ac6-a2d7-d988f05cc715,DLA7,2018-07-28,15:50:45,3313071.0,High,NJ,33.95779,-117.594657,Dropoff,A-31.2G,163
RouteID_00ead793-e8f0-4ac6-a2d7-d988f05cc715,DLA7,2018-07-28,15:50:45,3313071.0,High,OS,33.958165,-117.595575,Dropoff,A-31.2G,164
RouteID_00ead793-e8f0-4ac6-a2d7-d988f05cc715,DLA7,2018-07-28,15:50:45,3313071.0,High,AA,33.958702,-117.597371,Dropoff,A-31.2G,165
RouteID_00ead793-e8f0-4ac6-a2d7-d988f05cc715,DLA7,2018-07-28,15:50:45,3313071.0,High,LA,33.960282,-117.598197,Dropoff,A-31.1G,166
RouteID_00ead793-e8f0-4ac6-a2d7-d988f05cc715,DLA7,2018-07-28,15:50:45,3313071.0,High,YO,33.959874,-117.599036,Dropoff,A-31.1G,167
RouteID_00ead793-e8f0-4ac6-a2d7-d988f05cc715,DLA7,2018-07-28,15:50:45,3313071.0,High,UA,33.9592,-117.599144,Dropoff,A-31.1G,168
RouteID_00ead793-e8f0-4ac6-a2d7-d988f05cc715,DLA7,2018-07-28,15:50:45,3313071.0,High,JP,33.959199,-117.598938,Dropoff,A-31.1G,169
RouteID_00ead793-e8f0-4ac6-a2d7-d988f05cc715,DLA7,2018-07-28,15:50:45,3313071.0,High,DQ,33.957589,-117.598109,Dropoff,A-31.1G,170
RouteID_00ead793-e8f0-4ac6-a2d7-d988f05cc715,DLA7,2018-07-28,15:50:45,3313071.0,High,JW,33.95729,-117.59917,Dropoff,A-31.1G,171
RouteID_00ead793-e8f0-4ac6-a2d7-d988f05cc715,DLA7,2018-07-28,15:50:45,3313071.0,High,GT,33.956719,-117.600518,Dropoff,A-31.1G,172
RouteID_00ead793-e8f0-4ac6-a2d7-d988f05cc715,DLA7,2018-07-28,15:50:45,3313071.0,High,RJ,33.956506,-117.598708,Dropoff,A-31.1H,173
RouteID_00ead793-e8f0-4ac6-a2d7-d988f05cc715,DLA7,2018-07-28,15:50:45,3313071.0,High,SL,33.957244,-117.598238,Dropoff,A-31.1H,174
RouteID_00ead793-e8f0-4ac6-a2d7-d988f05cc715,DLA7,2018-07-28,15:50:45,3313071.0,High,LR,33.956721,-117.601446,Dropoff,A-31.2H,175
RouteID_00ead793-e8f0-4ac6-a2d7-d988f05cc715,DLA7,2018-07-28,15:50:45,3313071.0,High,WB,33.956736,-117.602062,Dropoff,A-31.2H,176
RouteID_00ead793-e8f0-4ac6-a2d7-d988f05cc715,DLA7,2018-07-28,15:50:45,3313071.0,High,HY,33.95544,-117.602691,Dropoff,A-31.2H,177
RouteID_00ead793-e8f0-4ac6-a2d7-d988f05cc715,DLA7,2018-07-28,15:50:45,3313071.0,High,GU,33.956079,-117.602047,Dropoff,A-31.2H,178
RouteID_00ead793-e8f0-4ac6-a2d7-d988f05cc715,DLA7,2018-07-28,15:50:45,3313071.0,High,QU,33.95608,-117.601751,Dropoff,A-31.2H,179
RouteID_00ead793-e8f0-4ac6-a2d7-d988f05cc715,DLA7,2018-07-28,15:50:45,3313071.0,High,BW,33.956079,-117.601366,Dropoff,A-31.2H,180
RouteID_00ead793-e8f0-4ac6-a2d7-d988f05cc715,DLA7,2018-07-28,15:50:45,3313071.0,High,XN,33.955439,-117.600439,Dropoff,A-31.2H,181
RouteID_00ead793-e8f0-4ac6-a2d7-d988f05cc715,DLA7,2018-07-28,15:50:45,3313071.0,High,UI,33.954735,-117.601669,Dropoff,A-31.3H,182
RouteID_00ead793-e8f0-4ac6-a2d7-d988f05cc715,DLA7,2018-07-28,15:50:45,3313071.0,High,CQ,33.95403,-117.602795,Dropoff,A-31.3H,183
RouteID_00ead793-e8f0-4ac6-a2d7-d988f05cc715,DLA7,2018-07-28,15:50:45,3313071.0,High,SJ,33.954028,-117.602242,Dropoff,A-31.3H,184
RouteID_00ead793-e8f0-4ac6-a2d7-d988f05cc715,DLA7,2018-07-28,15:50:45,3313071.0,High,LV,33.95403,-117.601719,Dropoff,A-31.3H,185
RouteID_00ead793-e8f0-4ac6-a2d7-d988f05cc715,DLA7,2018-07-28,15:50:45,3313071.0,High,YR,33.954028,-117.600594,Dropoff,A-31.3H,186
RouteID_00ead793-e8f0-4ac6-a2d7-d988f05cc715,DLA7,2018-07-28,15:50:45,3313071.0,High,VP,33.955732,-117.595582,Dropoff,A-31.3J,187
RouteID_00ead793-e8f0-4ac6-a2d7-d988f05cc715,DLA7,2018-07-28,15:50:45,3313071.0,High,TI,33.955721,-117.594338,Dropoff,A-31.3J,188
RouteID_00ead793-e8f0-4ac6-a2d7-d988f05cc715,DLA7,2018-07-28,15:50:45,3313071.0,High,ZC,33.955752,-117.59375,Dropoff,A-31.3J,189
RouteID_00ead793-e8f0-4ac6-a2d7-d988f05cc715,DLA7,2018-07-28,15:50:45,3313071.0,High,CU,33.956838,-117.594258,Dropoff,A-31.3J,190
RouteID_00ead793-e8f0-4ac6-a2d7-d988f05cc715,DLA7,2018-07-28,15:50:45,3313071.0,High,BH,33.956637,-117.596093,Dropoff,A-31.3J,191
RouteID_00ead793-e8f0-4ac6-a2d7-d988f05cc715,DLA7,2018-07-28,15:50:45,3313071.0,High,SM,33.956804,-117.597026,Dropoff,A-31.3J,192
RouteID_00ead793-e8f0-4ac6-a2d7-d988f05cc715,DLA7,2018-07-28,15:50:45,3313071.0,High,RL,33.954744,-117.595997,Dropoff,A-31.2J,193
RouteID_00ead793-e8f0-4ac6-a2d7-d988f05cc715,DLA7,2018-07-28,15:50:45,3313071.0,High,UH,33.954029,-117.595734,Dropoff,A-31.2J,194
RouteID_00ead793-e8f0-4ac6-a2d7-d988f05cc715,DLA7,2018-07-28,15:50:45,3313071.0,High,BC,33.95188,-117.596656,Dropoff,A-31.2J,195
RouteID_00ead793-e8f0-4ac6-a2d7-d988f05cc715,DLA7,2018-07-28,15:50:45,3313071.0,High,IY,33.95235,-117.596947,Dropoff,A-31.2J,196
RouteID_00ead793-e8f0-4ac6-a2d7-d988f05cc715,DLA7,2018-07-28,15:50:45,3313071.0,High,LO,33.961561,-117.612516,Dropoff,A-30.1B,197
RouteID_00f414f8-ff9a-4d98-aca2-a6b991a2037d,DLA7,2018-07-21,16:35:48,3313071.0,High,SX,33.965477,-117.653303,Station,,0
RouteID_00f414f8-ff9a-4d98-aca2-a6b991a2037d,DLA7,2018-07-21,16:35:48,3313071.0,High,XV,34.137177,-117.57125,Dropoff,G-22.2B,1
RouteID_00f414f8-ff9a-4d98-aca2-a6b991a2037d,DLA7,2018-07-21,16:35:48,3313071.0,High,IF,34.137494,-117.57716,Dropoff,G-22.2B,2
RouteID_00f414f8-ff9a-4d98-aca2-a6b991a2037d,DLA7,2018-07-21,16:35:48,3313071.0,High,AF,34.137468,-117.571963,Dropoff,G-22.2B,3
RouteID_00f414f8-ff9a-4d98-aca2-a6b991a2037d,DLA7,2018-07-21,16:35:48,3313071.0,High,BX,34.137468,-117.571963,Dropoff,G-22.2B,4
RouteID_00f414f8-ff9a-4d98-aca2-a6b991a2037d,DLA7,2018-07-21,16:35:48,3313071.0,High,MW,34.137913,-117.573047,Dropoff,G-22.2B,5
RouteID_00f414f8-ff9a-4d98-aca2-a6b991a2037d,DLA7,2018-07-21,16:35:48,3313071.0,High,FS,34.138241,-117.574511,Dropoff,G-22.2B,6
RouteID_00f414f8-ff9a-4d98-aca2-a6b991a2037d,DLA7,2018-07-21,16:35:48,3313071.0,High,YB,34.138301,-117.57937,Dropoff,G-22.2B,7
RouteID_00f414f8-ff9a-4d98-aca2-a6b991a2037d,DLA7,2018-07-21,16:35:48,3313071.0,High,XJ,34.139145,-117.579803,Dropoff,G-22.2B,8
RouteID_00f414f8-ff9a-4d98-aca2-a6b991a2037d,DLA7,2018-07-21,16:35:48,3313071.0,High,UG,34.138249,-117.581291,Dropoff,G-22.2B,9
RouteID_00f414f8-ff9a-4d98-aca2-a6b991a2037d,DLA7,2018-07-21,16:35:48,3313071.0,High,SM,34.13916,-117.5813,Dropoff,G-22.2B,10
RouteID_00f414f8-ff9a-4d98-aca2-a6b991a2037d,DLA7,2018-07-21,16:35:48,3313071.0,High,ID,34.138482,-117.582178,Dropoff,G-22.2B,11
RouteID_00f414f8-ff9a-4d98-aca2-a6b991a2037d,DLA7,2018-07-21,16:35:48,3313071.0,High,FX,34.138897,-117.58307,Dropoff,G-22.3B,12
RouteID_00f414f8-ff9a-4d98-aca2-a6b991a2037d,DLA7,2018-07-21,16:35:48,3313071.0,High,ML,34.14112,-117.58393,Dropoff,G-22.3B,13
RouteID_00f414f8-ff9a-4d98-aca2-a6b991a2037d,DLA7,2018-07-21,16:35:48,3313071.0,High,TB,34.142118,-117.584122,Dropoff,G-22.3B,14
RouteID_00f414f8-ff9a-4d98-aca2-a6b991a2037d,DLA7,2018-07-21,16:35:48,3313071.0,High,TU,34.142254,-117.583101,Dropoff,G-22.3B,15
RouteID_00f414f8-ff9a-4d98-aca2-a6b991a2037d,DLA7,2018-07-21,16:35:48,3313071.0,High,YJ,34.142613,-117.581434,Dropoff,G-22.3B,16
RouteID_00f414f8-ff9a-4d98-aca2-a6b991a2037d,DLA7,2018-07-21,16:35:48,3313071.0,High,XE,34.141399,-117.581322,Dropoff,G-22.3B,17
RouteID_00f414f8-ff9a-4d98-aca2-a6b991a2037d,DLA7,2018-07-21,16:35:48,3313071.0,High,HX,34.140836,-117.581327,Dropoff,G-22.3B,18
RouteID_00f414f8-ff9a-4d98-aca2-a6b991a2037d,DLA7,2018-07-21,16:35:48,3313071.0,High,WI,34.140191,-117.582204,Dropoff,G-22.3B,19
RouteID_00f414f8-ff9a-4d98-aca2-a6b991a2037d,DLA7,2018-07-21,16:35:48,3313071.0,High,PT,34.140724,-117.582191,Dropoff,G-22.3B,20
RouteID_00f414f8-ff9a-4d98-aca2-a6b991a2037d,DLA7,2018-07-21,16:35:48,3313071.0,High,BB,34.14111,-117.582441,Dropoff,G-22.3B,21
RouteID_00f414f8-ff9a-4d98-aca2-a6b991a2037d,DLA7,2018-07-21,16:35:48,3313071.0,High,YG,34.142581,-117.584514,Dropoff,G-22.3B,22
RouteID_00f414f8-ff9a-4d98-aca2-a6b991a2037d,DLA7,2018-07-21,16:35:48,3313071.0,High,UQ,34.152077,-117.582619,Dropoff,G-21.1J,23
RouteID_00f414f8-ff9a-4d98-aca2-a6b991a2037d,DLA7,2018-07-21,16:35:48,3313071.0,High,TK,34.153109,-117.582918,Dropoff,G-21.1J,24
RouteID_00f414f8-ff9a-4d98-aca2-a6b991a2037d,DLA7,2018-07-21,16:35:48,3313071.0,High,DV,34.152158,-117.581111,Dropoff,G-21.1J,25
RouteID_00f414f8-ff9a-4d98-aca2-a6b991a2037d,DLA7,2018-07-21,16:35:48,3313071.0,High,EK,34.153639,-117.579732,Dropoff,G-21.1J,26
RouteID_00f414f8-ff9a-4d98-aca2-a6b991a2037d,DLA7,2018-07-21,16:35:48,3313071.0,High,XM,34.155231,-117.5815,Dropoff,G-21.1J,27
RouteID_00f414f8-ff9a-4d98-aca2-a6b991a2037d,DLA7,2018-07-21,16:35:48,3313071.0,High,IP,34.154176,-117.582624,Dropoff,G-21.1J,28
RouteID_00f414f8-ff9a-4d98-aca2-a6b991a2037d,DLA7,2018-07-21,16:35:48,3313071.0,High,SR,34.154178,-117.586121,Dropoff,G-21.1J,29
RouteID_00f414f8-ff9a-4d98-aca2-a6b991a2037d,DLA7,2018-07-21,16:35:48,3313071.0,High,AH,34.157072,-117.587242,Dropoff,G-21.1J,30
RouteID_00f414f8-ff9a-4d98-aca2-a6b991a2037d,DLA7,2018-07-21,16:35:48,3313071.0,High,AY,34.155085,-117.588229,Dropoff,G-21.1J,31
RouteID_00f414f8-ff9a-4d98-aca2-a6b991a2037d,DLA7,2018-07-21,16:35:48,3313071.0,High,AJ,34.159736,-117.585238,Dropoff,G-22.1J,32
RouteID_00f414f8-ff9a-4d98-aca2-a6b991a2037d,DLA7,2018-07-21,16:35:48,3313071.0,High,IQ,34.158458,-117.583328,Dropoff,G-22.1J,33
RouteID_00f414f8-ff9a-4d98-aca2-a6b991a2037d,DLA7,2018-07-21,16:35:48,3313071.0,High,MA,34.159211,-117.582994,Dropoff,G-22.1J,34
RouteID_00f414f8-ff9a-4d98-aca2-a6b991a2037d,DLA7,2018-07-21,16:35:48,3313071.0,High,GI,34.160149,-117.582575,Dropoff,G-22.1J,35
RouteID_00f414f8-ff9a-4d98-aca2-a6b991a2037d,DLA7,2018-07-21,16:35:48,3313071.0,High,FC,34.160208,-117.583667,Dropoff,G-22.1J,36
RouteID_00f414f8-ff9a-4d98-aca2-a6b991a2037d,DLA7,2018-07-21,16:35:48,3313071.0,High,DW,34.161488,-117.581493,Dropoff,G-22.1J,37
RouteID_00f414f8-ff9a-4d98-aca2-a6b991a2037d,DLA7,2018-07-21,16:35:48,3313071.0,High,FF,34.162798,-117.581327,Dropoff,G-22.1J,38
RouteID_00f414f8-ff9a-4d98-aca2-a6b991a2037d,DLA7,2018-07-21,16:35:48,3313071.0,High,PR,34.16414,-117.582446,Dropoff,G-22.1J,39
RouteID_00f414f8-ff9a-4d98-aca2-a6b991a2037d,DLA7,2018-07-21,16:35:48,3313071.0,High,RT,34.163631,-117.587575,Dropoff,G-22.2J,40
RouteID_00f414f8-ff9a-4d98-aca2-a6b991a2037d,DLA7,2018-07-21,16:35:48,3313071.0,High,LU,34.16363,-117.588751,Dropoff,G-22.2J,41
RouteID_00f414f8-ff9a-4d98-aca2-a6b991a2037d,DLA7,2018-07-21,16:35:48,3313071.0,High,VO,34.163074,-117.586511,Dropoff,G-22.2J,42
RouteID_00f414f8-ff9a-4d98-aca2-a6b991a2037d,DLA7,2018-07-21,16:35:48,3313071.0,High,NW,34.162851,-117.586508,Dropoff,G-22.2J,43
RouteID_00f414f8-ff9a-4d98-aca2-a6b991a2037d,DLA7,2018-07-21,16:35:48,3313071.0,High,OP,34.160866,-117.587757,Dropoff,G-22.2J,44
RouteID_00f414f8-ff9a-4d98-aca2-a6b991a2037d,DLA7,2018-07-21,16:35:48,3313071.0,High,NP,34.15997,-117.588101,Dropoff,G-22.2J,45
RouteID_00f414f8-ff9a-4d98-aca2-a6b991a2037d,DLA7,2018-07-21,16:35:48,3313071.0,High,WD,34.15951,-117.588088,Dropoff,G-22.2J,46
RouteID_00f414f8-ff9a-4d98-aca2-a6b991a2037d,DLA7,2018-07-21,16:35:48,3313071.0,High,KY,34.160419,-117.589275,Dropoff,G-22.2J,47
RouteID_00f414f8-ff9a-4d98-aca2-a6b991a2037d,DLA7,2018-07-21,16:35:48,3313071.0,High,CB,34.160346,-117.590728,Dropoff,G-22.2J,48
RouteID_00f414f8-ff9a-4d98-aca2-a6b991a2037d,DLA7,2018-07-21,16:35:48,3313071.0,High,JO,34.16044,-117.592777,Dropoff,G-22.2J,49
RouteID_00f414f8-ff9a-4d98-aca2-a6b991a2037d,DLA7,2018-07-21,16:35:48,3313071.0,High,DK,34.162879,-117.58788,Dropoff,G-22.2J,50
RouteID_00f414f8-ff9a-4d98-aca2-a6b991a2037d,DLA7,2018-07-21,16:35:48,3313071.0,High,MT,34.162358,-117.588327,Dropoff,G-22.3J,51
RouteID_00f414f8-ff9a-4d98-aca2-a6b991a2037d,DLA7,2018-07-21,16:35:48,3313071.0,High,YX,34.163496,-117.593959,Dropoff,G-22.3J,52
RouteID_00f414f8-ff9a-4d98-aca2-a6b991a2037d,DLA7,2018-07-21,16:35:48,3313071.0,High,EP,34.163244,-117.595353,Dropoff,G-22.3J,53
RouteID_00f414f8-ff9a-4d98-aca2-a6b991a2037d,DLA7,2018-07-21,16:35:48,3313071.0,High,HI,34.161748,-117.593806,Dropoff,G-22.3J,54
RouteID_00f414f8-ff9a-4d98-aca2-a6b991a2037d,DLA7,2018-07-21,16:35:48,3313071.0,High,BM,34.158495,-117.590438,Dropoff,G-22.3H,55
RouteID_00f414f8-ff9a-4d98-aca2-a6b991a2037d,DLA7,2018-07-21,16:35:48,3313071.0,High,LZ,34.159532,-117.592482,Dropoff,G-22.3H,56
RouteID_00f414f8-ff9a-4d98-aca2-a6b991a2037d,DLA7,2018-07-21,16:35:48,3313071.0,High,GW,34.159143,-117.595009,Dropoff,G-22.3H,57
RouteID_00f414f8-ff9a-4d98-aca2-a6b991a2037d,DLA7,2018-07-21,16:35:48,3313071.0,High,BT,34.157835,-117.595552,Dropoff,G-22.3H,58
RouteID_00f414f8-ff9a-4d98-aca2-a6b991a2037d,DLA7,2018-07-21,16:35:48,3313071.0,High,ZF,34.157838,-117.595912,Dropoff,G-22.3H,59
RouteID_00f414f8-ff9a-4d98-aca2-a6b991a2037d,DLA7,2018-07-21,16:35:48,3313071.0,High,CA,34.156557,-117.595262,Dropoff,G-22.3H,60
RouteID_00f414f8-ff9a-4d98-aca2-a6b991a2037d,DLA7,2018-07-21,16:35:48,3313071.0,High,YH,34.155051,-117.59235,Dropoff,G-22.2H,61
RouteID_00f414f8-ff9a-4d98-aca2-a6b991a2037d,DLA7,2018-07-21,16:35:48,3313071.0,High,GF,34.151942,-117.596309,Dropoff,G-22.2H,62
RouteID_00f414f8-ff9a-4d98-aca2-a6b991a2037d,DLA7,2018-07-21,16:35:48,3313071.0,High,LO,34.152397,-117.596912,Dropoff,G-22.2H,63
RouteID_00f414f8-ff9a-4d98-aca2-a6b991a2037d,DLA7,2018-07-21,16:35:48,3313071.0,High,FQ,34.153658,-117.596925,Dropoff,G-22.2H,64
RouteID_00f414f8-ff9a-4d98-aca2-a6b991a2037d,DLA7,2018-07-21,16:35:48,3313071.0,High,JV,34.154155,-117.594547,Dropoff,G-22.2H,65
RouteID_00f414f8-ff9a-4d98-aca2-a6b991a2037d,DLA7,2018-07-21,16:35:48,3313071.0,High,WQ,34.150878,-117.589374,Dropoff,G-22.1G,66
RouteID_00f414f8-ff9a-4d98-aca2-a6b991a2037d,DLA7,2018-07-21,16:35:48,3313071.0,High,BV,34.151331,-117.589202,Dropoff,G-22.1G,67
RouteID_00f414f8-ff9a-4d98-aca2-a6b991a2037d,DLA7,2018-07-21,16:35:48,3313071.0,High,WN,34.151758,-117.589039,Dropoff,G-22.1G,68
RouteID_00f414f8-ff9a-4d98-aca2-a6b991a2037d,DLA7,2018-07-21,16:35:48,3313071.0,High,JC,34.152949,-117.591843,Dropoff,G-22.1H,69
RouteID_00f414f8-ff9a-4d98-aca2-a6b991a2037d,DLA7,2018-07-21,16:35:48,3313071.0,High,NQ,34.152946,-117.59221,Dropoff,G-22.1H,70
RouteID_00f414f8-ff9a-4d98-aca2-a6b991a2037d,DLA7,2018-07-21,16:35:48,3313071.0,High,IV,34.152942,-117.592888,Dropoff,G-22.1H,71
RouteID_00f414f8-ff9a-4d98-aca2-a6b991a2037d,DLA7,2018-07-21,16:35:48,3313071.0,High,EV,34.152729,-117.593689,Dropoff,G-22.1H,72
RouteID_00f414f8-ff9a-4d98-aca2-a6b991a2037d,DLA7,2018-07-21,16:35:48,3313071.0,High,VC,34.151352,-117.59402,Dropoff,G-22.1H,73
RouteID_00f414f8-ff9a-4d98-aca2-a6b991a2037d,DLA7,2018-07-21,16:35:48,3313071.0,High,IY,34.151345,-117.593694,Dropoff,G-22.1H,74
RouteID_00f414f8-ff9a-4d98-aca2-a6b991a2037d,DLA7,2018-07-21,16:35:48,3313071.0,High,SY,34.149839,-117.592279,Dropoff,G-22.1H,75
RouteID_00f414f8-ff9a-4d98-aca2-a6b991a2037d,DLA7,2018-07-21,16:35:48,3313071.0,High,XZ,34.149841,-117.591978,Dropoff,G-22.1H,76
RouteID_00f414f8-ff9a-4d98-aca2-a6b991a2037d,DLA7,2018-07-21,16:35:48,3313071.0,High,BD,34.147598,-117.591929,Dropoff,G-22.1H,77
RouteID_00f414f8-ff9a-4d98-aca2-a6b991a2037d,DLA7,2018-07-21,16:35:48,3313071.0,High,HC,34.147827,-117.591924,Dropoff,G-22.1H,78
RouteID_00f414f8-ff9a-4d98-aca2-a6b991a2037d,DLA7,2018-07-21,16:35:48,3313071.0,High,UE,34.150836,-117.587901,Dropoff,G-22.1G,79
RouteID_00f414f8-ff9a-4d98-aca2-a6b991a2037d,DLA7,2018-07-21,16:35:48,3313071.0,High,IZ,34.151337,-117.587506,Dropoff,G-22.1G,80
RouteID_00f414f8-ff9a-4d98-aca2-a6b991a2037d,DLA7,2018-07-21,16:35:48,3313071.0,High,GP,34.1513,-117.587204,Dropoff,G-22.1G,81
RouteID_00f414f8-ff9a-4d98-aca2-a6b991a2037d,DLA7,2018-07-21,16:35:48,3313071.0,High,EL,34.152426,-117.58732,Dropoff,G-22.1G,82
RouteID_00f414f8-ff9a-4d98-aca2-a6b991a2037d,DLA7,2018-07-21,16:35:48,3313071.0,High,TR,34.152376,-117.587555,Dropoff,G-22.1G,83
RouteID_00f414f8-ff9a-4d98-aca2-a6b991a2037d,DLA7,2018-07-21,16:35:48,3313071.0,High,SL,34.153399,-117.588233,Dropoff,G-22.1G,84
RouteID_00f414f8-ff9a-4d98-aca2-a6b991a2037d,DLA7,2018-07-21,16:35:48,3313071.0,High,XY,34.149957,-117.581619,Dropoff,G-22.1G,85
RouteID_00f414f8-ff9a-4d98-aca2-a6b991a2037d,DLA7,2018-07-21,16:35:48,3313071.0,High,SQ,34.149234,-117.585323,Dropoff,G-22.1G,86
RouteID_00f414f8-ff9a-4d98-aca2-a6b991a2037d,DLA7,2018-07-21,16:35:48,3313071.0,High,UJ,34.148184,-117.586887,Dropoff,G-22.1G,87
RouteID_00f414f8-ff9a-4d98-aca2-a6b991a2037d,DLA7,2018-07-21,16:35:48,3313071.0,High,KG,34.149678,-117.588458,Dropoff,G-22.2G,88
RouteID_00f414f8-ff9a-4d98-aca2-a6b991a2037d,DLA7,2018-07-21,16:35:48,3313071.0,High,KT,34.15173,-117.590361,Dropoff,G-22.2G,89
RouteID_00f414f8-ff9a-4d98-aca2-a6b991a2037d,DLA7,2018-07-21,16:35:48,3313071.0,High,NV,34.148346,-117.590077,Dropoff,G-22.2G,90
RouteID_00f414f8-ff9a-4d98-aca2-a6b991a2037d,DLA7,2018-07-21,16:35:48,3313071.0,High,RP,34.148065,-117.590078,Dropoff,G-22.2G,91
RouteID_00f414f8-ff9a-4d98-aca2-a6b991a2037d,DLA7,2018-07-21,16:35:48,3313071.0,High,ZH,34.147297,-117.590088,Dropoff,G-22.2G,92
RouteID_00f414f8-ff9a-4d98-aca2-a6b991a2037d,DLA7,2018-07-21,16:35:48,3313071.0,High,IE,34.146513,-117.590084,Dropoff,G-22.2G,93
RouteID_00f414f8-ff9a-4d98-aca2-a6b991a2037d,DLA7,2018-07-21,16:35:48,3313071.0,High,ZB,34.147005,-117.5892,Dropoff,G-22.2G,94
RouteID_00f414f8-ff9a-4d98-aca2-a6b991a2037d,DLA7,2018-07-21,16:35:48,3313071.0,High,RC,34.146999,-117.588386,Dropoff,G-22.2G,95
RouteID_00f414f8-ff9a-4d98-aca2-a6b991a2037d,DLA7,2018-07-21,16:35:48,3313071.0,High,CC,34.146992,-117.587874,Dropoff,G-22.2G,96
RouteID_00f414f8-ff9a-4d98-aca2-a6b991a2037d,DLA7,2018-07-21,16:35:48,3313071.0,High,OT,34.146974,-117.586263,Dropoff,G-22.2G,97
RouteID_00f414f8-ff9a-4d98-aca2-a6b991a2037d,DLA7,2018-07-21,16:35:48,3313071.0,High,LE,34.146626,-117.585554,Dropoff,G-22.2G,98
RouteID_00f414f8-ff9a-4d98-aca2-a6b991a2037d,DLA7,2018-07-21,16:35:48,3313071.0,High,VQ,34.145342,-117.585427,Dropoff,G-22.2G,99
RouteID_00f414f8-ff9a-4d98-aca2-a6b991a2037d,DLA7,2018-07-21,16:35:48,3313071.0,High,XD,34.145747,-117.588512,Dropoff,G-22.2G,100
RouteID_00f414f8-ff9a-4d98-aca2-a6b991a2037d,DLA7,2018-07-21,16:35:48,3313071.0,High,PA,34.145613,-117.586941,Dropoff,G-22.2G,101
RouteID_00f414f8-ff9a-4d98-aca2-a6b991a2037d,DLA7,2018-07-21,16:35:48,3313071.0,High,WS,34.146985,-117.5849,Dropoff,G-22.2G,102
RouteID_00f414f8-ff9a-4d98-aca2-a6b991a2037d,DLA7,2018-07-21,16:35:48,3313071.0,High,XK,34.145481,-117.579857,Dropoff,G-22.3G,103
RouteID_00f414f8-ff9a-4d98-aca2-a6b991a2037d,DLA7,2018-07-21,16:35:48,3313071.0,High,CF,34.145434,-117.581142,Dropoff,G-22.3G,104
RouteID_00f414f8-ff9a-4d98-aca2-a6b991a2037d,DLA7,2018-07-21,16:35:48,3313071.0,High,GY,34.145461,-117.58207,Dropoff,G-22.3G,105
RouteID_00f414f8-ff9a-4d98-aca2-a6b991a2037d,DLA7,2018-07-21,16:35:48,3313071.0,High,FK,34.145671,-117.582527,Dropoff,G-22.3G,106
RouteID_00f414f8-ff9a-4d98-aca2-a6b991a2037d,DLA7,2018-07-21,16:35:48,3313071.0,High,OC,34.14558,-117.584181,Dropoff,G-22.3G,107
RouteID_00f414f8-ff9a-4d98-aca2-a6b991a2037d,DLA7,2018-07-21,16:35:48,3313071.0,High,QU,34.145581,-117.583588,Dropoff,G-22.3G,108
RouteID_00f414f8-ff9a-4d98-aca2-a6b991a2037d,DLA7,2018-07-21,16:35:48,3313071.0,High,LD,34.146093,-117.581954,Dropoff,G-22.3G,109
RouteID_00f414f8-ff9a-4d98-aca2-a6b991a2037d,DLA7,2018-07-21,16:35:48,3313071.0,High,JW,34.147599,-117.58273,Dropoff,G-22.3E,110
RouteID_00f414f8-ff9a-4d98-aca2-a6b991a2037d,DLA7,2018-07-21,16:35:48,3313071.0,High,IH,34.148367,-117.583621,Dropoff,G-22.3E,111
RouteID_00f414f8-ff9a-4d98-aca2-a6b991a2037d,DLA7,2018-07-21,16:35:48,3313071.0,High,KQ,34.148367,-117.58401,Dropoff,G-22.3E,112
RouteID_00f414f8-ff9a-4d98-aca2-a6b991a2037d,DLA7,2018-07-21,16:35:48,3313071.0,High,IS,34.148372,-117.582774,Dropoff,G-22.3E,113
RouteID_00f414f8-ff9a-4d98-aca2-a6b991a2037d,DLA7,2018-07-21,16:35:48,3313071.0,High,GB,34.148394,-117.582111,Dropoff,G-22.3E,114
RouteID_00f414f8-ff9a-4d98-aca2-a6b991a2037d,DLA7,2018-07-21,16:35:48,3313071.0,High,KC,34.147661,-117.581021,Dropoff,G-22.3E,115
RouteID_00f414f8-ff9a-4d98-aca2-a6b991a2037d,DLA7,2018-07-21,16:35:48,3313071.0,High,PD,34.147171,-117.578566,Dropoff,G-22.3E,116
RouteID_00f414f8-ff9a-4d98-aca2-a6b991a2037d,DLA7,2018-07-21,16:35:48,3313071.0,High,CR,34.147143,-117.578898,Dropoff,G-22.3E,117
RouteID_00f414f8-ff9a-4d98-aca2-a6b991a2037d,DLA7,2018-07-21,16:35:48,3313071.0,High,BR,34.148634,-117.577743,Dropoff,G-22.3E,118
RouteID_00f414f8-ff9a-4d98-aca2-a6b991a2037d,DLA7,2018-07-21,16:35:48,3313071.0,High,LL,34.148,-117.57652,Dropoff,G-22.3E,119
RouteID_00f414f8-ff9a-4d98-aca2-a6b991a2037d,DLA7,2018-07-21,16:35:48,3313071.0,High,TA,34.146072,-117.579517,Dropoff,G-22.2E,120
RouteID_00f414f8-ff9a-4d98-aca2-a6b991a2037d,DLA7,2018-07-21,16:35:48,3313071.0,High,XT,34.14609,-117.579109,Dropoff,G-22.2E,121
RouteID_00f414f8-ff9a-4d98-aca2-a6b991a2037d,DLA7,2018-07-21,16:35:48,3313071.0,High,WK,34.14577,-117.578226,Dropoff,G-22.2E,122
RouteID_00f414f8-ff9a-4d98-aca2-a6b991a2037d,DLA7,2018-07-21,16:35:48,3313071.0,High,HV,34.14644,-117.577488,Dropoff,G-22.2E,123
RouteID_00f414f8-ff9a-4d98-aca2-a6b991a2037d,DLA7,2018-07-21,16:35:48,3313071.0,High,OL,34.142813,-117.569925,Dropoff,G-22.1E,124
RouteID_00f414f8-ff9a-4d98-aca2-a6b991a2037d,DLA7,2018-07-21,16:35:48,3313071.0,High,NS,34.142539,-117.57163,Dropoff,G-22.1E,125
RouteID_00f414f8-ff9a-4d98-aca2-a6b991a2037d,DLA7,2018-07-21,16:35:48,3313071.0,High,NI,34.142426,-117.570749,Dropoff,G-22.1E,126
RouteID_00f414f8-ff9a-4d98-aca2-a6b991a2037d,DLA7,2018-07-21,16:35:48,3313071.0,High,NB,34.140171,-117.569649,Dropoff,G-22.1D,127
RouteID_00f414f8-ff9a-4d98-aca2-a6b991a2037d,DLA7,2018-07-21,16:35:48,3313071.0,High,DH,34.140545,-117.570586,Dropoff,G-22.1D,128
RouteID_00f414f8-ff9a-4d98-aca2-a6b991a2037d,DLA7,2018-07-21,16:35:48,3313071.0,High,QW,34.1409,-117.568652,Dropoff,G-22.1D,129
RouteID_00f414f8-ff9a-4d98-aca2-a6b991a2037d,DLA7,2018-07-21,16:35:48,3313071.0,High,WZ,34.140376,-117.568575,Dropoff,G-22.1D,130
RouteID_00f414f8-ff9a-4d98-aca2-a6b991a2037d,DLA7,2018-07-21,16:35:48,3313071.0,High,GX,34.140665,-117.567728,Dropoff,G-22.1D,131
RouteID_00f414f8-ff9a-4d98-aca2-a6b991a2037d,DLA7,2018-07-21,16:35:48,3313071.0,High,NU,34.141979,-117.568159,Dropoff,G-22.2D,132
RouteID_00f414f8-ff9a-4d98-aca2-a6b991a2037d,DLA7,2018-07-21,16:35:48,3313071.0,High,PY,34.142874,-117.568153,Dropoff,G-22.2D,133
RouteID_00f414f8-ff9a-4d98-aca2-a6b991a2037d,DLA7,2018-07-21,16:35:48,3313071.0,High,ZM,34.141753,-117.565882,Dropoff,G-22.2D,134
RouteID_00f414f8-ff9a-4d98-aca2-a6b991a2037d,DLA7,2018-07-21,16:35:48,3313071.0,High,TO,34.13957,-117.565679,Dropoff,G-22.2D,135
RouteID_00f414f8-ff9a-4d98-aca2-a6b991a2037d,DLA7,2018-07-21,16:35:48,3313071.0,High,MF,34.14088,-117.566769,Dropoff,G-22.2D,136
RouteID_00f414f8-ff9a-4d98-aca2-a6b991a2037d,DLA7,2018-07-21,16:35:48,3313071.0,High,VR,34.139821,-117.566664,Dropoff,G-22.2D,137
RouteID_00f414f8-ff9a-4d98-aca2-a6b991a2037d,DLA7,2018-07-21,16:35:48,3313071.0,High,HM,34.13807,-117.565744,Dropoff,G-22.2D,138
RouteID_00f414f8-ff9a-4d98-aca2-a6b991a2037d,DLA7,2018-07-21,16:35:48,3313071.0,High,KU,34.137468,-117.566706,Dropoff,G-22.2D,139
RouteID_00f414f8-ff9a-4d98-aca2-a6b991a2037d,DLA7,2018-07-21,16:35:48,3313071.0,High,KR,34.138326,-117.566772,Dropoff,G-22.2D,140
RouteID_00f414f8-ff9a-4d98-aca2-a6b991a2037d,DLA7,2018-07-21,16:35:48,3313071.0,High,MZ,34.139299,-117.568059,Dropoff,G-22.3D,141
RouteID_00f414f8-ff9a-4d98-aca2-a6b991a2037d,DLA7,2018-07-21,16:35:48,3313071.0,High,UF,34.139108,-117.568943,Dropoff,G-22.3D,142
RouteID_00f414f8-ff9a-4d98-aca2-a6b991a2037d,DLA7,2018-07-21,16:35:48,3313071.0,High,VX,34.138289,-117.569767,Dropoff,G-22.3D,143
RouteID_00f414f8-ff9a-4d98-aca2-a6b991a2037d,DLA7,2018-07-21,16:35:48,3313071.0,High,BA,34.138289,-117.569828,Dropoff,G-22.3D,144
RouteID_00f414f8-ff9a-4d98-aca2-a6b991a2037d,DLA7,2018-07-21,16:35:48,3313071.0,High,JJ,34.138395,-117.570794,Dropoff,G-22.3C,145
RouteID_00f414f8-ff9a-4d98-aca2-a6b991a2037d,DLA7,2018-07-21,16:35:48,3313071.0,High,GS,34.139191,-117.570077,Dropoff,G-22.3C,146
RouteID_00f414f8-ff9a-4d98-aca2-a6b991a2037d,DLA7,2018-07-21,16:35:48,3313071.0,High,DT,34.138858,-117.570197,Dropoff,G-22.3C,147
RouteID_00f414f8-ff9a-4d98-aca2-a6b991a2037d,DLA7,2018-07-21,16:35:48,3313071.0,High,EJ,34.13913,-117.571142,Dropoff,G-22.3C,148
RouteID_00f414f8-ff9a-4d98-aca2-a6b991a2037d,DLA7,2018-07-21,16:35:48,3313071.0,High,PU,34.139087,-117.573557,Dropoff,G-22.2C,149
RouteID_00f414f8-ff9a-4d98-aca2-a6b991a2037d,DLA7,2018-07-21,16:35:48,3313071.0,High,JR,34.138242,-117.572274,Dropoff,G-22.2C,150
RouteID_00f414f8-ff9a-4d98-aca2-a6b991a2037d,DLA7,2018-07-21,16:35:48,3313071.0,High,RZ,34.140939,-117.571463,Dropoff,G-22.1C,151
RouteID_00f414f8-ff9a-4d98-aca2-a6b991a2037d,DLA7,2018-07-21,16:35:48,3313071.0,High,MS,34.14055,-117.571531,Dropoff,G-22.1C,152
RouteID_00f414f8-ff9a-4d98-aca2-a6b991a2037d,DLA7,2018-07-21,16:35:48,3313071.0,High,FA,34.140593,-117.572452,Dropoff,G-22.1C,153
RouteID_00f414f8-ff9a-4d98-aca2-a6b991a2037d,DLA7,2018-07-21,16:35:48,3313071.0,High,YK,34.14141,-117.572401,Dropoff,G-22.1C,154
RouteID_00f414f8-ff9a-4d98-aca2-a6b991a2037d,DLA7,2018-07-21,16:35:48,3313071.0,High,TS,34.14029,-117.574261,Dropoff,G-22.1C,155
RouteID_00f414f8-ff9a-4d98-aca2-a6b991a2037d,DLA7,2018-07-21,16:35:48,3313071.0,High,VE,34.140521,-117.574898,Dropoff,G-22.1C,156
RouteID_00f414f8-ff9a-4d98-aca2-a6b991a2037d,DLA7,2018-07-21,16:35:48,3313071.0,High,EF,34.14191,-117.574258,Dropoff,G-22.1C,157
RouteID_00f414f8-ff9a-4d98-aca2-a6b991a2037d,DLA7,2018-07-21,16:35:48,3313071.0,High,HE,34.1425,-117.573386,Dropoff,G-22.1C,158
RouteID_00f414f8-ff9a-4d98-aca2-a6b991a2037d,DLA7,2018-07-21,16:35:48,3313071.0,High,SE,34.14331,-117.574654,Dropoff,G-22.1C,159
RouteID_00f414f8-ff9a-4d98-aca2-a6b991a2037d,DLA7,2018-07-21,16:35:48,3313071.0,High,SI,34.142618,-117.579143,Dropoff,G-22.1B,160
RouteID_00f414f8-ff9a-4d98-aca2-a6b991a2037d,DLA7,2018-07-21,16:35:48,3313071.0,High,HJ,34.140995,-117.580404,Dropoff,G-22.1B,161
RouteID_00f414f8-ff9a-4d98-aca2-a6b991a2037d,DLA7,2018-07-21,16:35:48,3313071.0,High,QM,34.141057,-117.57977,Dropoff,G-22.1B,162
RouteID_00f414f8-ff9a-4d98-aca2-a6b991a2037d,DLA7,2018-07-21,16:35:48,3313071.0,High,WA,34.139672,-117.577934,Dropoff,G-22.1B,163
RouteID_00f9c249-33cd-4124-9cf2-b970b157a5ca,DLA7,2018-08-08,14:21:25,3313071.0,High,AZ,33.965477,-117.653303,Station,,0
RouteID_00f9c249-33cd-4124-9cf2-b970b157a5ca,DLA7,2018-08-08,14:21:25,3313071.0,High,LK,33.842689,-117.953656,Dropoff,D-18.2B,1
RouteID_00f9c249-33cd-4124-9cf2-b970b157a5ca,DLA7,2018-08-08,14:21:25,3313071.0,High,OT,33.850529,-117.96269,Dropoff,D-18.2B,2
RouteID_00f9c249-33cd-4124-9cf2-b970b157a5ca,DLA7,2018-08-08,14:21:25,3313071.0,High,CK,33.852373,-117.962747,Dropoff,D-18.2B,3
RouteID_00f9c249-33cd-4124-9cf2-b970b157a5ca,DLA7,2018-08-08,14:21:25,3313071.0,High,HK,33.851779,-117.963747,Dropoff,D-18.2B,4
RouteID_00f9c249-33cd-4124-9cf2-b970b157a5ca,DLA7,2018-08-08,14:21:25,3313071.0,High,GI,33.850838,-117.964446,Dropoff,D-18.2B,5
RouteID_00f9c249-33cd-4124-9cf2-b970b157a5ca,DLA7,2018-08-08,14:21:25,3313071.0,High,UC,33.850888,-117.963551,Dropoff,D-18.2B,6
RouteID_00f9c249-33cd-4124-9cf2-b970b157a5ca,DLA7,2018-08-08,14:21:25,3313071.0,High,GX,33.84991,-117.963542,Dropoff,D-18.2B,7
RouteID_00f9c249-33cd-4124-9cf2-b970b157a5ca,DLA7,2018-08-08,14:21:25,3313071.0,High,IJ,33.849276,-117.96559,Dropoff,D-18.2B,8
RouteID_00f9c249-33cd-4124-9cf2-b970b157a5ca,DLA7,2018-08-08,14:21:25,3313071.0,High,KY,33.848974,-117.962778,Dropoff,D-18.2B,9
RouteID_00f9c249-33cd-4124-9cf2-b970b157a5ca,DLA7,2018-08-08,14:21:25,3313071.0,High,MZ,33.848987,-117.961023,Dropoff,D-18.2B,10
RouteID_00f9c249-33cd-4124-9cf2-b970b157a5ca,DLA7,2018-08-08,14:21:25,3313071.0,High,HP,33.84856,-117.963919,Dropoff,D-18.2B,11
RouteID_00f9c249-33cd-4124-9cf2-b970b157a5ca,DLA7,2018-08-08,14:21:25,3313071.0,High,BH,33.862331,-117.974546,Dropoff,D-18.3G,12
RouteID_00f9c249-33cd-4124-9cf2-b970b157a5ca,DLA7,2018-08-08,14:21:25,3313071.0,High,FR,33.863152,-117.972542,Dropoff,D-18.3G,13
RouteID_00f9c249-33cd-4124-9cf2-b970b157a5ca,DLA7,2018-08-08,14:21:25,3313071.0,High,IY,33.863148,-117.974548,Dropoff,D-18.3G,14
RouteID_00f9c249-33cd-4124-9cf2-b970b157a5ca,DLA7,2018-08-08,14:21:25,3313071.0,High,PB,33.863947,-117.975748,Dropoff,D-18.3G,15
RouteID_00f9c249-33cd-4124-9cf2-b970b157a5ca,DLA7,2018-08-08,14:21:25,3313071.0,High,LC,33.865615,-117.97429,Dropoff,D-18.3E,16
RouteID_00f9c249-33cd-4124-9cf2-b970b157a5ca,DLA7,2018-08-08,14:21:25,3313071.0,High,FQ,33.864807,-117.973301,Dropoff,D-18.3E,17
RouteID_00f9c249-33cd-4124-9cf2-b970b157a5ca,DLA7,2018-08-08,14:21:25,3313071.0,High,OM,33.864802,-117.974321,Dropoff,D-18.3E,18
RouteID_00f9c249-33cd-4124-9cf2-b970b157a5ca,DLA7,2018-08-08,14:21:25,3313071.0,High,QU,33.864794,-117.975669,Dropoff,D-18.3E,19
RouteID_00f9c249-33cd-4124-9cf2-b970b157a5ca,DLA7,2018-08-08,14:21:25,3313071.0,High,XW,33.866367,-117.979377,Dropoff,D-18.3E,20
RouteID_00f9c249-33cd-4124-9cf2-b970b157a5ca,DLA7,2018-08-08,14:21:25,3313071.0,High,MR,33.866921,-117.977335,Dropoff,D-18.3E,21
RouteID_00f9c249-33cd-4124-9cf2-b970b157a5ca,DLA7,2018-08-08,14:21:25,3313071.0,High,UH,33.86644,-117.973798,Dropoff,D-18.3E,22
RouteID_00f9c249-33cd-4124-9cf2-b970b157a5ca,DLA7,2018-08-08,14:21:25,3313071.0,High,VB,33.866439,-117.973338,Dropoff,D-18.3E,23
RouteID_00f9c249-33cd-4124-9cf2-b970b157a5ca,DLA7,2018-08-08,14:21:25,3313071.0,High,OP,33.865621,-117.971939,Dropoff,D-18.3E,24
RouteID_00f9c249-33cd-4124-9cf2-b970b157a5ca,DLA7,2018-08-08,14:21:25,3313071.0,High,OC,33.865628,-117.970738,Dropoff,D-18.3E,25
RouteID_00f9c249-33cd-4124-9cf2-b970b157a5ca,DLA7,2018-08-08,14:21:25,3313071.0,High,QC,33.863979,-117.970376,Dropoff,D-18.2E,26
RouteID_00f9c249-33cd-4124-9cf2-b970b157a5ca,DLA7,2018-08-08,14:21:25,3313071.0,High,KZ,33.863974,-117.971328,Dropoff,D-18.2E,27
RouteID_00f9c249-33cd-4124-9cf2-b970b157a5ca,DLA7,2018-08-08,14:21:25,3313071.0,High,OE,33.863969,-117.971887,Dropoff,D-18.2E,28
RouteID_00f9c249-33cd-4124-9cf2-b970b157a5ca,DLA7,2018-08-08,14:21:25,3313071.0,High,IO,33.864818,-117.972432,Dropoff,D-18.2E,29
RouteID_00f9c249-33cd-4124-9cf2-b970b157a5ca,DLA7,2018-08-08,14:21:25,3313071.0,High,FL,33.864831,-117.971543,Dropoff,D-18.2E,30
RouteID_00f9c249-33cd-4124-9cf2-b970b157a5ca,DLA7,2018-08-08,14:21:25,3313071.0,High,AS,33.864842,-117.970681,Dropoff,D-18.2E,31
RouteID_00f9c249-33cd-4124-9cf2-b970b157a5ca,DLA7,2018-08-08,14:21:25,3313071.0,High,SH,33.865841,-117.970075,Dropoff,D-18.2E,32
RouteID_00f9c249-33cd-4124-9cf2-b970b157a5ca,DLA7,2018-08-08,14:21:25,3313071.0,High,NC,33.866625,-117.970531,Dropoff,D-18.2E,33
RouteID_00f9c249-33cd-4124-9cf2-b970b157a5ca,DLA7,2018-08-08,14:21:25,3313071.0,High,GM,33.867821,-117.970551,Dropoff,D-18.2E,34
RouteID_00f9c249-33cd-4124-9cf2-b970b157a5ca,DLA7,2018-08-08,14:21:25,3313071.0,High,TF,33.866457,-117.971127,Dropoff,D-18.2E,35
RouteID_00f9c249-33cd-4124-9cf2-b970b157a5ca,DLA7,2018-08-08,14:21:25,3313071.0,High,AY,33.864248,-117.968083,Dropoff,D-18.2E,36
RouteID_00f9c249-33cd-4124-9cf2-b970b157a5ca,DLA7,2018-08-08,14:21:25,3313071.0,High,LM,33.863241,-117.968439,Dropoff,D-18.2E,37
RouteID_00f9c249-33cd-4124-9cf2-b970b157a5ca,DLA7,2018-08-08,14:21:25,3313071.0,High,HM,33.863944,-117.9691,Dropoff,D-18.2E,38
RouteID_00f9c249-33cd-4124-9cf2-b970b157a5ca,DLA7,2018-08-08,14:21:25,3313071.0,High,FJ,33.862331,-117.970691,Dropoff,D-18.1E,39
RouteID_00f9c249-33cd-4124-9cf2-b970b157a5ca,DLA7,2018-08-08,14:21:25,3313071.0,High,IG,33.862329,-117.970248,Dropoff,D-18.1E,40
RouteID_00f9c249-33cd-4124-9cf2-b970b157a5ca,DLA7,2018-08-08,14:21:25,3313071.0,High,UY,33.86135,-117.969197,Dropoff,D-18.1E,41
RouteID_00f9c249-33cd-4124-9cf2-b970b157a5ca,DLA7,2018-08-08,14:21:25,3313071.0,High,FV,33.861355,-117.970946,Dropoff,D-18.1E,42
RouteID_00f9c249-33cd-4124-9cf2-b970b157a5ca,DLA7,2018-08-08,14:21:25,3313071.0,High,KW,33.861517,-117.971394,Dropoff,D-18.1E,43
RouteID_00f9c249-33cd-4124-9cf2-b970b157a5ca,DLA7,2018-08-08,14:21:25,3313071.0,High,JW,33.861141,-117.971817,Dropoff,D-18.1E,44
RouteID_00f9c249-33cd-4124-9cf2-b970b157a5ca,DLA7,2018-08-08,14:21:25,3313071.0,High,OX,33.860711,-117.971817,Dropoff,D-18.1E,45
RouteID_00f9c249-33cd-4124-9cf2-b970b157a5ca,DLA7,2018-08-08,14:21:25,3313071.0,High,BY,33.858946,-117.973551,Dropoff,D-18.1D,46
RouteID_00f9c249-33cd-4124-9cf2-b970b157a5ca,DLA7,2018-08-08,14:21:25,3313071.0,High,AF,33.857584,-117.972104,Dropoff,D-18.1D,47
RouteID_00f9c249-33cd-4124-9cf2-b970b157a5ca,DLA7,2018-08-08,14:21:25,3313071.0,High,VH,33.857652,-117.972798,Dropoff,D-18.1D,48
RouteID_00f9c249-33cd-4124-9cf2-b970b157a5ca,DLA7,2018-08-08,14:21:25,3313071.0,High,LN,33.859433,-117.971146,Dropoff,D-18.1D,49
RouteID_00f9c249-33cd-4124-9cf2-b970b157a5ca,DLA7,2018-08-08,14:21:25,3313071.0,High,WR,33.858721,-117.970699,Dropoff,D-18.1D,50
RouteID_00f9c249-33cd-4124-9cf2-b970b157a5ca,DLA7,2018-08-08,14:21:25,3313071.0,High,DY,33.85914,-117.970227,Dropoff,D-18.1D,51
RouteID_00f9c249-33cd-4124-9cf2-b970b157a5ca,DLA7,2018-08-08,14:21:25,3313071.0,High,CZ,33.859142,-117.970079,Dropoff,D-18.1D,52
RouteID_00f9c249-33cd-4124-9cf2-b970b157a5ca,DLA7,2018-08-08,14:21:25,3313071.0,High,JA,33.859341,-117.967622,Dropoff,D-18.2D,53
RouteID_00f9c249-33cd-4124-9cf2-b970b157a5ca,DLA7,2018-08-08,14:21:25,3313071.0,High,SM,33.860069,-117.966432,Dropoff,D-18.2D,54
RouteID_00f9c249-33cd-4124-9cf2-b970b157a5ca,DLA7,2018-08-08,14:21:25,3313071.0,High,YB,33.860059,-117.965103,Dropoff,D-18.2D,55
RouteID_00f9c249-33cd-4124-9cf2-b970b157a5ca,DLA7,2018-08-08,14:21:25,3313071.0,High,XD,33.860796,-117.965117,Dropoff,D-18.2D,56
RouteID_00f9c249-33cd-4124-9cf2-b970b157a5ca,DLA7,2018-08-08,14:21:25,3313071.0,High,CW,33.86078,-117.966926,Dropoff,D-18.2D,57
RouteID_00f9c249-33cd-4124-9cf2-b970b157a5ca,DLA7,2018-08-08,14:21:25,3313071.0,High,RT,33.862335,-117.968836,Dropoff,D-18.2D,58
RouteID_00f9c249-33cd-4124-9cf2-b970b157a5ca,DLA7,2018-08-08,14:21:25,3313071.0,High,LV,33.86298,-117.965923,Dropoff,D-18.3D,59
RouteID_00f9c249-33cd-4124-9cf2-b970b157a5ca,DLA7,2018-08-08,14:21:25,3313071.0,High,ZI,33.862988,-117.964679,Dropoff,D-18.3D,60
RouteID_00f9c249-33cd-4124-9cf2-b970b157a5ca,DLA7,2018-08-08,14:21:25,3313071.0,High,OQ,33.862243,-117.9647,Dropoff,D-18.3D,61
RouteID_00f9c249-33cd-4124-9cf2-b970b157a5ca,DLA7,2018-08-08,14:21:25,3313071.0,High,XG,33.862241,-117.965252,Dropoff,D-18.3D,62
RouteID_00f9c249-33cd-4124-9cf2-b970b157a5ca,DLA7,2018-08-08,14:21:25,3313071.0,High,IX,33.861543,-117.964397,Dropoff,D-18.3D,63
RouteID_00f9c249-33cd-4124-9cf2-b970b157a5ca,DLA7,2018-08-08,14:21:25,3313071.0,High,BM,33.862618,-117.962716,Dropoff,D-18.3D,64
RouteID_00f9c249-33cd-4124-9cf2-b970b157a5ca,DLA7,2018-08-08,14:21:25,3313071.0,High,HG,33.863368,-117.961527,Dropoff,D-18.3D,65
RouteID_00f9c249-33cd-4124-9cf2-b970b157a5ca,DLA7,2018-08-08,14:21:25,3313071.0,High,KT,33.863374,-117.961081,Dropoff,D-18.3D,66
RouteID_00f9c249-33cd-4124-9cf2-b970b157a5ca,DLA7,2018-08-08,14:21:25,3313071.0,High,ZE,33.862639,-117.961309,Dropoff,D-18.3D,67
RouteID_00f9c249-33cd-4124-9cf2-b970b157a5ca,DLA7,2018-08-08,14:21:25,3313071.0,High,SB,33.861178,-117.960251,Dropoff,D-18.3D,68
RouteID_00f9c249-33cd-4124-9cf2-b970b157a5ca,DLA7,2018-08-08,14:21:25,3313071.0,High,DZ,33.861119,-117.961052,Dropoff,D-18.3D,69
RouteID_00f9c249-33cd-4124-9cf2-b970b157a5ca,DLA7,2018-08-08,14:21:25,3313071.0,High,KE,33.861119,-117.96156,Dropoff,D-18.3D,70
RouteID_00f9c249-33cd-4124-9cf2-b970b157a5ca,DLA7,2018-08-08,14:21:25,3313071.0,High,AJ,33.860676,-117.962752,Dropoff,D-18.3D,71
RouteID_00f9c249-33cd-4124-9cf2-b970b157a5ca,DLA7,2018-08-08,14:21:25,3313071.0,High,YA,33.85986,-117.962724,Dropoff,D-18.3D,72
RouteID_00f9c249-33cd-4124-9cf2-b970b157a5ca,DLA7,2018-08-08,14:21:25,3313071.0,High,JC,33.86038,-117.961981,Dropoff,D-18.3C,73
RouteID_00f9c249-33cd-4124-9cf2-b970b157a5ca,DLA7,2018-08-08,14:21:25,3313071.0,High,LP,33.860821,-117.959327,Dropoff,D-18.3C,74
RouteID_00f9c249-33cd-4124-9cf2-b970b157a5ca,DLA7,2018-08-08,14:21:25,3313071.0,High,EJ,33.857853,-117.959291,Dropoff,D-18.3C,75
RouteID_00f9c249-33cd-4124-9cf2-b970b157a5ca,DLA7,2018-08-08,14:21:25,3313071.0,High,ET,33.856158,-117.961595,Dropoff,D-18.3C,76
RouteID_00f9c249-33cd-4124-9cf2-b970b157a5ca,DLA7,2018-08-08,14:21:25,3313071.0,High,OH,33.857159,-117.963312,Dropoff,D-18.3C,77
RouteID_00f9c249-33cd-4124-9cf2-b970b157a5ca,DLA7,2018-08-08,14:21:25,3313071.0,High,LA,33.857537,-117.962226,Dropoff,D-18.3C,78
RouteID_00f9c249-33cd-4124-9cf2-b970b157a5ca,DLA7,2018-08-08,14:21:25,3313071.0,High,BW,33.858207,-117.962237,Dropoff,D-18.3C,79
RouteID_00f9c249-33cd-4124-9cf2-b970b157a5ca,DLA7,2018-08-08,14:21:25,3313071.0,High,DM,33.858829,-117.96224,Dropoff,D-18.3C,80
RouteID_00f9c249-33cd-4124-9cf2-b970b157a5ca,DLA7,2018-08-08,14:21:25,3313071.0,High,HF,33.858286,-117.963454,Dropoff,D-18.3C,81
RouteID_00f9c249-33cd-4124-9cf2-b970b157a5ca,DLA7,2018-08-08,14:21:25,3313071.0,High,KK,33.858513,-117.964245,Dropoff,D-18.3C,82
RouteID_00f9c249-33cd-4124-9cf2-b970b157a5ca,DLA7,2018-08-08,14:21:25,3313071.0,High,QQ,33.858994,-117.963807,Dropoff,D-18.3C,83
RouteID_00f9c249-33cd-4124-9cf2-b970b157a5ca,DLA7,2018-08-08,14:21:25,3313071.0,High,DE,33.8578,-117.965381,Dropoff,D-18.3C,84
RouteID_00f9c249-33cd-4124-9cf2-b970b157a5ca,DLA7,2018-08-08,14:21:25,3313071.0,High,JY,33.856553,-117.964849,Dropoff,D-18.3C,85
RouteID_00f9c249-33cd-4124-9cf2-b970b157a5ca,DLA7,2018-08-08,14:21:25,3313071.0,High,XV,33.85534,-117.964234,Dropoff,D-18.2C,86
RouteID_00f9c249-33cd-4124-9cf2-b970b157a5ca,DLA7,2018-08-08,14:21:25,3313071.0,High,TU,33.854622,-117.960359,Dropoff,D-18.2C,87
RouteID_00f9c249-33cd-4124-9cf2-b970b157a5ca,DLA7,2018-08-08,14:21:25,3313071.0,High,PH,33.854223,-117.962515,Dropoff,D-18.2C,88
RouteID_00f9c249-33cd-4124-9cf2-b970b157a5ca,DLA7,2018-08-08,14:21:25,3313071.0,High,LS,33.856056,-117.967088,Dropoff,D-18.2C,89
RouteID_00f9c249-33cd-4124-9cf2-b970b157a5ca,DLA7,2018-08-08,14:21:25,3313071.0,High,HJ,33.85738,-117.968001,Dropoff,D-18.2C,90
RouteID_00f9c249-33cd-4124-9cf2-b970b157a5ca,DLA7,2018-08-08,14:21:25,3313071.0,High,UO,33.857166,-117.968271,Dropoff,D-18.2C,91
RouteID_00f9c249-33cd-4124-9cf2-b970b157a5ca,DLA7,2018-08-08,14:21:25,3313071.0,High,DL,33.858192,-117.96947,Dropoff,D-18.2C,92
RouteID_00f9c249-33cd-4124-9cf2-b970b157a5ca,DLA7,2018-08-08,14:21:25,3313071.0,High,WY,33.851559,-117.968923,Dropoff,D-18.1C,93
RouteID_00f9c249-33cd-4124-9cf2-b970b157a5ca,DLA7,2018-08-08,14:21:25,3313071.0,High,MF,33.852282,-117.969843,Dropoff,D-18.1C,94
RouteID_00f9c249-33cd-4124-9cf2-b970b157a5ca,DLA7,2018-08-08,14:21:25,3313071.0,High,XS,33.854917,-117.971065,Dropoff,D-18.1C,95
RouteID_00f9c249-33cd-4124-9cf2-b970b157a5ca,DLA7,2018-08-08,14:21:25,3313071.0,High,HA,33.855516,-117.972901,Dropoff,D-18.1C,96
RouteID_00f9c249-33cd-4124-9cf2-b970b157a5ca,DLA7,2018-08-08,14:21:25,3313071.0,High,KI,33.854822,-117.973347,Dropoff,D-18.1C,97
RouteID_00f9c249-33cd-4124-9cf2-b970b157a5ca,DLA7,2018-08-08,14:21:25,3313071.0,High,UQ,33.854116,-117.972134,Dropoff,D-18.1C,98
RouteID_00f9c249-33cd-4124-9cf2-b970b157a5ca,DLA7,2018-08-08,14:21:25,3313071.0,High,MX,33.85277,-117.970814,Dropoff,D-18.1C,99
RouteID_00f9c249-33cd-4124-9cf2-b970b157a5ca,DLA7,2018-08-08,14:21:25,3313071.0,High,FT,33.854144,-117.970672,Dropoff,D-18.1C,100
RouteID_00f9c249-33cd-4124-9cf2-b970b157a5ca,DLA7,2018-08-08,14:21:25,3313071.0,High,ST,33.854139,-117.968582,Dropoff,D-18.1C,101
RouteID_00f9c249-33cd-4124-9cf2-b970b157a5ca,DLA7,2018-08-08,14:21:25,3313071.0,High,YR,33.856125,-117.96876,Dropoff,D-18.1B,102
RouteID_00f9c249-33cd-4124-9cf2-b970b157a5ca,DLA7,2018-08-08,14:21:25,3313071.0,High,EE,33.856099,-117.970118,Dropoff,D-18.1B,103
RouteID_00f9c249-33cd-4124-9cf2-b970b157a5ca,DLA7,2018-08-08,14:21:25,3313071.0,High,UT,33.853814,-117.967955,Dropoff,D-18.1B,104
RouteID_00f9c249-33cd-4124-9cf2-b970b157a5ca,DLA7,2018-08-08,14:21:25,3313071.0,High,IP,33.852117,-117.966169,Dropoff,D-18.1B,105
RouteID_00f9c249-33cd-4124-9cf2-b970b157a5ca,DLA7,2018-08-08,14:21:25,3313071.0,High,HX,33.853319,-117.967044,Dropoff,D-18.1B,106
RouteID_00f9c249-33cd-4124-9cf2-b970b157a5ca,DLA7,2018-08-08,14:21:25,3313071.0,High,KO,33.852752,-117.967049,Dropoff,D-18.1B,107
RouteID_00f9c249-33cd-4124-9cf2-b970b157a5ca,DLA7,2018-08-08,14:21:25,3313071.0,High,SA,33.852301,-117.967046,Dropoff,D-18.1B,108
RouteID_00f9c249-33cd-4124-9cf2-b970b157a5ca,DLA7,2018-08-08,14:21:25,3313071.0,High,ND,33.850924,-117.96704,Dropoff,D-18.1B,109
RouteID_00f9c249-33cd-4124-9cf2-b970b157a5ca,DLA7,2018-08-08,14:21:25,3313071.0,High,DH,33.850153,-117.965742,Dropoff,D-18.1B,110
RouteID_00f9c249-33cd-4124-9cf2-b970b157a5ca,DLA7,2018-08-08,14:21:25,3313071.0,High,QI,33.850968,-117.965286,Dropoff,D-18.1B,111
RouteID_00f9c249-33cd-4124-9cf2-b970b157a5ca,DLA7,2018-08-08,14:21:25,3313071.0,High,BZ,33.850445,-117.965279,Dropoff,D-18.1B,112
RouteID_00f9c249-33cd-4124-9cf2-b970b157a5ca,DLA7,2018-08-08,14:21:25,3313071.0,High,CX,33.849702,-117.961616,Dropoff,D-18.3B,113
RouteID_00f9c249-33cd-4124-9cf2-b970b157a5ca,DLA7,2018-08-08,14:21:25,3313071.0,High,LD,33.84971,-117.960843,Dropoff,D-18.3B,114
RouteID_00f9c249-33cd-4124-9cf2-b970b157a5ca,DLA7,2018-08-08,14:21:25,3313071.0,High,DC,33.849705,-117.961369,Dropoff,D-18.3B,115
RouteID_00f9c249-33cd-4124-9cf2-b970b157a5ca,DLA7,2018-08-08,14:21:25,3313071.0,High,FY,33.850425,-117.961833,Dropoff,D-18.3B,116
RouteID_00f9c249-33cd-4124-9cf2-b970b157a5ca,DLA7,2018-08-08,14:21:25,3313071.0,High,MW,33.853111,-117.961253,Dropoff,D-18.3B,117
RouteID_00f9c249-33cd-4124-9cf2-b970b157a5ca,DLA7,2018-08-08,14:21:25,3313071.0,High,HR,33.853019,-117.96036,Dropoff,D-18.3B,118
RouteID_00f9c249-33cd-4124-9cf2-b970b157a5ca,DLA7,2018-08-08,14:21:25,3313071.0,High,BD,33.852075,-117.96016,Dropoff,D-18.3B,119
RouteID_00f9c249-33cd-4124-9cf2-b970b157a5ca,DLA7,2018-08-08,14:21:25,3313071.0,High,UJ,33.851613,-117.959732,Dropoff,D-18.3B,120
RouteID_00f9c249-33cd-4124-9cf2-b970b157a5ca,DLA7,2018-08-08,14:21:25,3313071.0,High,TH,33.852193,-117.958213,Dropoff,D-18.3A,121
RouteID_00f9c249-33cd-4124-9cf2-b970b157a5ca,DLA7,2018-08-08,14:21:25,3313071.0,High,UL,33.853309,-117.956393,Dropoff,D-18.3A,122
RouteID_00f9c249-33cd-4124-9cf2-b970b157a5ca,DLA7,2018-08-08,14:21:25,3313071.0,High,ME,33.852009,-117.955629,Dropoff,D-18.3A,123
RouteID_00f9c249-33cd-4124-9cf2-b970b157a5ca,DLA7,2018-08-08,14:21:25,3313071.0,High,PI,33.851431,-117.955048,Dropoff,D-18.3A,124
RouteID_00f9c249-33cd-4124-9cf2-b970b157a5ca,DLA7,2018-08-08,14:21:25,3313071.0,High,VV,33.85129,-117.955651,Dropoff,D-18.3A,125
RouteID_00f9c249-33cd-4124-9cf2-b970b157a5ca,DLA7,2018-08-08,14:21:25,3313071.0,High,VL,33.85058,-117.955969,Dropoff,D-18.3A,126
RouteID_00f9c249-33cd-4124-9cf2-b970b157a5ca,DLA7,2018-08-08,14:21:25,3313071.0,High,XT,33.848391,-117.950892,Dropoff,D-18.2A,127
RouteID_00f9c249-33cd-4124-9cf2-b970b157a5ca,DLA7,2018-08-08,14:21:25,3313071.0,High,DF,33.847824,-117.951052,Dropoff,D-18.2A,128
RouteID_00f9c249-33cd-4124-9cf2-b970b157a5ca,DLA7,2018-08-08,14:21:25,3313071.0,High,TD,33.847889,-117.950493,Dropoff,D-18.2A,129
RouteID_00f9c249-33cd-4124-9cf2-b970b157a5ca,DLA7,2018-08-08,14:21:25,3313071.0,High,PE,33.849602,-117.952926,Dropoff,D-18.2A,130
RouteID_00f9c249-33cd-4124-9cf2-b970b157a5ca,DLA7,2018-08-08,14:21:25,3313071.0,High,XM,33.849601,-117.953381,Dropoff,D-18.2A,131
RouteID_00f9c249-33cd-4124-9cf2-b970b157a5ca,DLA7,2018-08-08,14:21:25,3313071.0,High,EA,33.850943,-117.951778,Dropoff,D-18.2A,132
RouteID_00f9c249-33cd-4124-9cf2-b970b157a5ca,DLA7,2018-08-08,14:21:25,3313071.0,High,DA,33.851369,-117.952773,Dropoff,D-18.2A,133
RouteID_00f9c249-33cd-4124-9cf2-b970b157a5ca,DLA7,2018-08-08,14:21:25,3313071.0,High,EG,33.851927,-117.952753,Dropoff,D-18.2A,134
RouteID_00f9c249-33cd-4124-9cf2-b970b157a5ca,DLA7,2018-08-08,14:21:25,3313071.0,High,IM,33.852268,-117.95335,Dropoff,D-18.2A,135
RouteID_00f9c249-33cd-4124-9cf2-b970b157a5ca,DLA7,2018-08-08,14:21:25,3313071.0,High,HQ,33.852326,-117.950016,Dropoff,D-18.1A,136
RouteID_00f9c249-33cd-4124-9cf2-b970b157a5ca,DLA7,2018-08-08,14:21:25,3313071.0,High,XF,33.85288,-117.95073,Dropoff,D-18.1A,137
RouteID_00f9c249-33cd-4124-9cf2-b970b157a5ca,DLA7,2018-08-08,14:21:25,3313071.0,High,KD,33.853532,-117.952317,Dropoff,D-18.1A,138
RouteID_00f9c249-33cd-4124-9cf2-b970b157a5ca,DLA7,2018-08-08,14:21:25,3313071.0,High,NG,33.85358,-117.948337,Dropoff,D-18.1A,139
RouteID_00f9c249-33cd-4124-9cf2-b970b157a5ca,DLA7,2018-08-08,14:21:25,3313071.0,High,IQ,33.852854,-117.945492,Dropoff,D-18.1A,140
RouteID_00f9c249-33cd-4124-9cf2-b970b157a5ca,DLA7,2018-08-08,14:21:25,3313071.0,High,ZX,33.852368,-117.945491,Dropoff,D-18.1A,141
RouteID_00f9c249-33cd-4124-9cf2-b970b157a5ca,DLA7,2018-08-08,14:21:25,3313071.0,High,YM,33.852609,-117.946301,Dropoff,D-18.1A,142
RouteID_00f9c249-33cd-4124-9cf2-b970b157a5ca,DLA7,2018-08-08,14:21:25,3313071.0,High,GH,33.852096,-117.947489,Dropoff,D-18.1A,143
RouteID_00f9c249-33cd-4124-9cf2-b970b157a5ca,DLA7,2018-08-08,14:21:25,3313071.0,High,WA,33.852529,-117.947717,Dropoff,D-18.1A,144
RouteID_00f9c249-33cd-4124-9cf2-b970b157a5ca,DLA7,2018-08-08,14:21:25,3313071.0,High,EW,33.852862,-117.947955,Dropoff,D-18.1A,145
